{
"type": "FeatureCollection",
"name": "RapidTransitSystemStation",
"crs": { "type": "name", "properties": { "name": "urn:ogc:def:crs:OGC:1.3:CRS84" } },
"features": [

{ "type": "Feature", "properties": { "TYP_CD": 0, "STN_NAM": null, "ATTACHEMEN": null, "TYP_CD_DES": "MRT", "STN_NAM_DE": "HILLVIEW MRT STATION" }, "geometry": { "type": "Polygon", "coordinates": [ [ [ 20650.332899999804795, 38282.330900000408292 ], [ 20654.770499999634922, 38298.061799999326468 ], [ 20659.208100000396371, 38313.792600000277162 ], [ 20658.142699999734759, 38314.0932 ], [ 20659.683799999766052, 38319.55629999935627 ], [ 20661.224899999797344, 38325.019400000572205 ], [ 20661.744599999859929, 38324.872800000011921 ], [ 20665.248200000263751, 38337.292899999767542 ], [ 20668.751699999906123, 38349.71309999935329 ], [ 20695.950299999676645, 38342.040999999269843 ], [ 20695.868800000287592, 38341.752000000327826 ], [ 20708.112999999895692, 38338.298100000247359 ], [ 20708.058699999935925, 38338.105699999257922 ], [ 20721.23450000025332, 38334.389000000432134 ], [ 20720.594399999827147, 38332.119899999350309 ], [ 20727.427699999883771, 38330.192299999296665 ], [ 20725.717299999669194, 38324.129000000655651 ], [ 20718.88399999961257, 38326.056600000709295 ], [ 20714.920099999755621, 38312.005000000819564 ], [ 20707.788399999961257, 38314.016899999231 ], [ 20700.656700000166893, 38316.028699999675155 ], [ 20692.92090000025928, 38288.605799999088049 ], [ 20687.852500000037253, 38270.638900000602007 ], [ 20688.762799999676645, 38270.382099999114871 ], [ 20692.550699999555945, 38283.810399999842048 ], [ 20700.346499999985099, 38281.611400000751019 ], [ 20693.891099999658763, 38258.726800000295043 ], [ 20694.679999999701977, 38258.504200000315905 ], [ 20689.228900000452995, 38239.180600000545382 ], [ 20683.777800000272691, 38219.856899999082088 ], [ 20681.852800000458956, 38220.399900000542402 ], [ 20679.927799999713898, 38220.942900000140071 ], [ 20674.552099999971688, 38201.886600000783801 ], [ 20669.176400000229478, 38182.830299999564886 ], [ 20646.997499999590218, 38189.08669999986887 ], [ 20624.818699999712408, 38195.343100000172853 ], [ 20626.543899999931455, 38201.459100000560284 ], [ 20628.269100000150502, 38207.574999999254942 ], [ 20629.172799999825656, 38207.32010000012815 ], [ 20632.763500000350177, 38220.048599999397993 ], [ 20636.354100000113249, 38232.777100000530481 ], [ 20636.161600000225008, 38232.831399999558926 ], [ 20636.397900000214577, 38233.668899999931455 ], [ 20636.634100000374019, 38234.506400000303984 ], [ 20631.2807, 38236.01659999974072 ], [ 20625.927299999631941, 38237.526699999347329 ], [ 20622.700000000186265, 38243.290100000798702 ], [ 20628.033200000412762, 38262.195699999108911 ], [ 20633.36629999987781, 38281.101199999451637 ], [ 20635.166400000452995, 38283.601399999111891 ], [ 20636.966400000266731, 38286.101500000804663 ], [ 20643.649699999950826, 38284.216199999675155 ], [ 20650.332899999804795, 38282.330900000408292 ] ] ] } },
{ "type": "Feature", "properties": { "TYP_CD": 0, "STN_NAM": null, "ATTACHEMEN": null, "TYP_CD_DES": "MRT", "STN_NAM_DE": "BEAUTY WORLD MRT STATION" }, "geometry": { "type": "Polygon", "coordinates": [ [ [ 21594.717199999839067, 35882.935100000351667 ], [ 21584.857099999673665, 35880.850600000470877 ], [ 21578.607699999585748, 35879.529400000348687 ], [ 21577.03000000026077, 35879.195900000631809 ], [ 21576.38370000012219, 35882.253299999982119 ], [ 21575.091000000014901, 35888.368200000375509 ], [ 21574.444600000046194, 35891.425599999725819 ], [ 21573.074900000356138, 35891.136099999770522 ], [ 21571.705199999734759, 35890.846499999985099 ], [ 21570.335400000214577, 35890.556900000199676 ], [ 21568.965699999593198, 35890.267400000244379 ], [ 21568.624400000087917, 35891.881699999794364 ], [ 21568.283099999651313, 35893.496099999174476 ], [ 21566.644000000320375, 35901.24970000050962 ], [ 21565.004800000227988, 35909.003200000151992 ], [ 21564.363699999637902, 35912.036199999973178 ], [ 21563.722500000149012, 35915.069199999794364 ], [ 21561.400799999944866, 35926.051500000059605 ], [ 21559.07909999974072, 35937.033700000494719 ], [ 21555.906200000084937, 35952.041999999433756 ], [ 21552.73340000025928, 35967.050300000235438 ], [ 21551.674399999901652, 35972.059499999508262 ], [ 21557.128800000064075, 35973.212600000202656 ], [ 21562.583100000396371, 35974.365599999204278 ], [ 21566.500500000081956, 35975.193800000473857 ], [ 21570.417899999767542, 35976.021999999880791 ], [ 21573.650600000284612, 35976.705399999395013 ], [ 21576.88329999987036, 35977.38880000077188 ], [ 21574.871000000275671, 35986.9068 ], [ 21572.676799999549985, 35997.28690000064671 ], [ 21572.432199999690056, 35997.23509999923408 ], [ 21570.089800000190735, 36008.315199999138713 ], [ 21567.747399999760091, 36019.395300000905991 ], [ 21565.40500000026077, 36030.475400000810623 ], [ 21563.062599999830127, 36041.555500000715256 ], [ 21563.307199999690056, 36041.607200000435114 ], [ 21562.88190000038594, 36043.61879999935627 ], [ 21562.456699999980628, 36045.630499999970198 ], [ 21563.385999999940395, 36045.82740000076592 ], [ 21569.292999999597669, 36047.075899999588728 ], [ 21575.200000000186265, 36048.324500000104308 ], [ 21580.519899999722838, 36049.448999999091029 ], [ 21585.839800000190735, 36050.573499999940395 ], [ 21587.943300000391901, 36051.018500000238419 ], [ 21590.092400000430644, 36040.852600000798702 ], [ 21597.300900000147521, 36036.160000000149012 ], [ 21599.703700000420213, 36034.595899999141693 ], [ 21601.007500000298023, 36033.747099999338388 ], [ 21602.860700000077486, 36034.138900000602007 ], [ 21604.713899999856949, 36034.5307 ], [ 21606.567099999636412, 36034.922499999403954 ], [ 21608.420300000347197, 36035.314200000837445 ], [ 21609.493300000205636, 36030.238900000229478 ], [ 21610.566200000233948, 36025.163599999621511 ], [ 21611.639200000092387, 36020.088300000876188 ], [ 21612.712100000120699, 36015.012900000438094 ], [ 21609.483500000089407, 36014.330399999395013 ], [ 21609.586900000460446, 36013.841199999675155 ], [ 21610.166600000113249, 36011.098799999803305 ], [ 21611.532999999821186, 36004.635700000450015 ], [ 21612.216199999675155, 36001.404100000858307 ], [ 21612.83420000039041, 35998.480699999257922 ], [ 21613.176599999889731, 35998.553099999204278 ], [ 21614.474499999545515, 35992.413799999281764 ], [ 21615.77240000013262, 35986.27449999935925 ], [ 21616.010200000368059, 35985.149399999529123 ], [ 21619.841799999587238, 35985.959400000050664 ], [ 21623.673299999907613, 35986.769400000572205 ], [ 21623.911199999973178, 35985.643899999558926 ], [ 21622.668200000189245, 35985.381100000813603 ], [ 21626.407399999909103, 35967.693900000303984 ], [ 21630.146599999628961, 35950.006599999964237 ], [ 21628.022599999792874, 35944.190799999982119 ], [ 21625.898599999956787, 35938.375099999830127 ], [ 21632.901200000196695, 35905.250700000673532 ], [ 21639.903900000266731, 35872.12639999948442 ], [ 21646.906600000336766, 35839.002100000157952 ], [ 21653.909199999645352, 35805.877800000831485 ], [ 21657.207299999892712, 35806.574999999254942 ], [ 21658.306699999608099, 35806.807399999350309 ], [ 21659.237399999983609, 35802.404699999839067 ], [ 21660.168200000189245, 35798.002000000327826 ], [ 21647.174700000323355, 35795.255200000479817 ], [ 21634.181300000287592, 35792.508300000801682 ], [ 21621.18790000025183, 35789.761399999260902 ], [ 21608.194500000216067, 35787.014499999582767 ], [ 21602.058699999935925, 35787.054800000041723 ], [ 21595.922899999655783, 35787.095200000330806 ], [ 21593.506699999794364, 35787.11089999973774 ], [ 21591.090499999932945, 35787.126599999144673 ], [ 21591.112900000065565, 35790.539599999785423 ], [ 21591.135200000368059, 35793.952500000596046 ], [ 21591.157599999569356, 35797.365499999374151 ], [ 21591.179999999701977, 35800.778500000014901 ], [ 21595.921099999919534, 35800.747400000691414 ], [ 21600.662299999967217, 35800.716299999505281 ], [ 21605.403500000014901, 35800.685200000181794 ], [ 21610.144700000062585, 35800.654200000688434 ], [ 21613.1579, 35799.277000000700355 ], [ 21616.171099999919534, 35797.899700000882149 ], [ 21618.364799999631941, 35798.363500000908971 ], [ 21620.558600000105798, 35798.827299999073148 ], [ 21622.752299999818206, 35799.290999999269843 ], [ 21624.946000000461936, 35799.754799999296665 ], [ 21624.651300000026822, 35801.149000000208616 ], [ 21624.356599999591708, 35802.543199999257922 ], [ 21624.06180000025779, 35803.937400000169873 ], [ 21623.767099999822676, 35805.331499999389052 ], [ 21628.047100000083447, 35806.236400000751019 ], [ 21632.326999999582767, 35807.141200000420213 ], [ 21636.606999999843538, 35808.046000000089407 ], [ 21640.887000000104308, 35808.950799999758601 ], [ 21636.650299999862909, 35828.99129999987781 ], [ 21632.413599999621511, 35849.0318 ], [ 21628.176900000311434, 35869.072399999946356 ], [ 21623.940299999900162, 35889.112900000065565 ], [ 21621.133399999700487, 35888.519300000742078 ], [ 21624.518199999816716, 35872.508799999952316 ], [ 21628.306300000287592, 35854.589800000190735 ], [ 21626.214499999769032, 35854.147600000724196 ], [ 21623.787399999797344, 35853.634500000625849 ], [ 21616.533099999651313, 35852.100899999961257 ], [ 21608.943599999882281, 35850.496400000527501 ], [ 21605.416899999603629, 35849.750900000333786 ], [ 21601.8902000002563, 35849.005300000309944 ], [ 21597.376799999736249, 35870.354800000786781 ], [ 21594.717199999839067, 35882.935100000351667 ] ] ] } },
{ "type": "Feature", "properties": { "TYP_CD": 0, "STN_NAM": null, "ATTACHEMEN": null, "TYP_CD_DES": "MRT", "STN_NAM_DE": "HUME MRT STATION" }, "geometry": { "type": "Polygon", "coordinates": [ [ [ 20807.996600000187755, 37457.716299999505281 ], [ 20815.375900000333786, 37460.344000000506639 ], [ 20822.755199999548495, 37462.971799999475479 ], [ 20820.712299999780953, 37468.708599999547005 ], [ 20832.817599999718368, 37473.019300000742078 ], [ 20844.923000000417233, 37477.329900000244379 ], [ 20849.457399999722838, 37464.596200000494719 ], [ 20853.991799999959767, 37451.862500000745058 ], [ 20853.196000000461936, 37449.626000000163913 ], [ 20861.030199999921024, 37427.625399999320507 ], [ 20868.864500000141561, 37405.624800000339746 ], [ 20876.698800000362098, 37383.624199999496341 ], [ 20884.533099999651313, 37361.62360000051558 ], [ 20891.537299999967217, 37364.11769999936223 ], [ 20898.541500000283122, 37366.611899999901652 ], [ 20903.360700000077486, 37353.078299999237061 ], [ 20905.770299999974668, 37346.311499999836087 ], [ 20908.17989999987185, 37339.544700000435114 ], [ 20901.882299999706447, 37337.302200000733137 ], [ 20895.584599999710917, 37335.059599999338388 ], [ 20897.826999999582767, 37328.762499999254942 ], [ 20900.06940000038594, 37322.465399999171495 ], [ 20894.016699999570847, 37320.310000000521541 ], [ 20881.911299999803305, 37315.999399999156594 ], [ 20875.85869999974966, 37313.844100000336766 ], [ 20871.324300000444055, 37326.577800000086427 ], [ 20869.057000000029802, 37332.944599999114871 ], [ 20866.789800000376999, 37339.311499999836087 ], [ 20867.58559999987483, 37341.547900000587106 ], [ 20862.303299999795854, 37356.382099999114871 ], [ 20857.020899999886751, 37371.216199999675155 ], [ 20851.738599999807775, 37386.050300000235438 ], [ 20846.456199999898672, 37400.884500000625849 ], [ 20840.684500000439584, 37398.829199999570847 ], [ 20834.912899999879301, 37396.774000000208616 ], [ 20828.347799999639392, 37401.631100000813603 ], [ 20821.782800000160933, 37406.488299999386072 ], [ 20815.217799999751151, 37411.345499999821186 ], [ 20808.652800000272691, 37416.2027000002563 ], [ 20805.537899999879301, 37424.949999999254942 ], [ 20802.423000000417233, 37433.697300000116229 ], [ 20808.691499999724329, 37435.929500000551343 ], [ 20814.95990000013262, 37438.161599999293685 ], [ 20811.478199999779463, 37447.938999999314547 ], [ 20807.996600000187755, 37457.716299999505281 ] ] ] } },
{ "type": "Feature", "properties": { "TYP_CD": 0, "STN_NAM": null, "ATTACHEMEN": null, "TYP_CD_DES": "MRT", "STN_NAM_DE": "BUKIT PANJANG MRT STATION" }, "geometry": { "type": "Polygon", "coordinates": [ [ [ 19996.269500000402331, 40187.205099999904633 ], [ 20028.769700000062585, 40127.29759999923408 ], [ 20039.459099999628961, 40107.594000000506639 ], [ 20043.212899999693036, 40109.342800000682473 ], [ 20041.915300000458956, 40112.130499999970198 ], [ 20040.510599999688566, 40115.148299999535084 ], [ 20039.827100000344217, 40115.201799999922514 ], [ 20039.143500000238419, 40115.255300000309944 ], [ 20039.366499999538064, 40118.080900000408292 ], [ 20039.589499999769032, 40120.906500000506639 ], [ 20036.972299999557436, 40121.111300000920892 ], [ 20034.355200000107288, 40121.316199999302626 ], [ 20034.984799999744, 40129.26630000025034 ], [ 20035.614400000311434, 40137.216399999335408 ], [ 20038.231399999931455, 40137.011600000783801 ], [ 20040.848399999551475, 40136.806700000539422 ], [ 20041.005800000391901, 40138.800799999386072 ], [ 20041.16330000013113, 40140.794900000095367 ], [ 20041.611999999731779, 40140.75929999910295 ], [ 20042.060700000263751, 40140.723699999973178 ], [ 20042.161000000312924, 40140.715900000184774 ], [ 20042.363499999977648, 40143.271999999880791 ], [ 20042.565999999642372, 40145.828199999406934 ], [ 20042.861700000241399, 40149.566600000485778 ], [ 20043.552600000053644, 40158.289300000295043 ], [ 20043.947599999606609, 40163.273600000888109 ], [ 20044.736800000071526, 40173.24239999987185 ], [ 20045.525999999605119, 40183.211300000548363 ], [ 20046.316200000233948, 40193.179999999701977 ], [ 20047.856999999843538, 40212.634800000116229 ], [ 20049.397699999623001, 40232.089600000530481 ], [ 20049.492899999953806, 40233.291300000622869 ], [ 20047.634600000455976, 40233.438200000673532 ], [ 20030.844600000418723, 40234.759099999442697 ], [ 20029.135300000198185, 40237.989000000059605 ], [ 20027.426099999807775, 40241.218900000676513 ], [ 20027.544300000183284, 40242.719799999147654 ], [ 20027.855399999767542, 40246.668999999761581 ], [ 20046.594499999657273, 40245.202899999916553 ], [ 20065.333599999547005, 40243.736800000071526 ], [ 20064.424599999561906, 40232.117300000041723 ], [ 20057.968000000342727, 40232.62529999949038 ], [ 20056.924999999813735, 40219.458499999716878 ], [ 20054.26549999974668, 40185.88370000012219 ], [ 20054.301799999549985, 40186.338999999687076 ], [ 20050.635700000450015, 40140.052400000393391 ], [ 20049.846800000406802, 40128.830299999564886 ], [ 20048.958300000056624, 40117.615900000557303 ], [ 20050.082299999892712, 40115.20130000077188 ], [ 20051.099000000394881, 40113.016899999231 ], [ 20055.855399999767542, 40115.232899999246001 ], [ 20071.3114, 40082.057600000873208 ], [ 20086.767500000074506, 40048.88230000063777 ], [ 20091.45299999974668, 40035.303700000047684 ], [ 20096.138500000350177, 40021.725199999287724 ], [ 20086.638000000268221, 40018.446900000795722 ], [ 20081.697499999776483, 40032.764399999752641 ], [ 20073.976400000043213, 40045.291899999603629 ], [ 20071.421299999579787, 40043.9057 ], [ 20057.500599999912083, 40036.35359999909997 ], [ 20043.579900000244379, 40028.801500000059605 ], [ 20049.707399999722838, 40017.506699999794364 ], [ 20055.83490000013262, 40006.211899999529123 ], [ 20056.83629999961704, 40004.36600000038743 ], [ 20044.178199999965727, 39997.4989 ], [ 20048.851300000213087, 39988.884800000116229 ], [ 20040.237300000153482, 39984.21169999986887 ], [ 20041.791899999603629, 39981.346200000494719 ], [ 20038.188000000081956, 39979.391100000590086 ], [ 20035.632100000046194, 39984.102399999275804 ], [ 20034.5773, 39983.530200000852346 ], [ 20029.904199999757111, 39992.144200000911951 ], [ 20025.230999999679625, 40000.758199999108911 ], [ 20033.449799999594688, 40005.217000000178814 ], [ 20041.668499999679625, 40009.675699999555945 ], [ 20034.801900000311434, 40022.333000000566244 ], [ 20027.935200000181794, 40034.990399999544024 ], [ 20029.503399999812245, 40040.278000000864267 ], [ 20031.071700000204146, 40045.565600000321865 ], [ 20033.163599999621511, 40046.700500000268221 ], [ 20026.765399999916553, 40058.494300000369549 ], [ 20016.64780000038445, 40077.144099999219179 ], [ 20004.876199999824166, 40070.75789999961853 ], [ 19997.674999999813735, 40066.851199999451637 ], [ 19997.80460000038147, 40066.612400000914931 ], [ 19990.772699999623001, 40062.79759999923408 ], [ 19989.855600000359118, 40064.487999999895692 ], [ 19988.938500000163913, 40066.17850000038743 ], [ 19985.027099999599159, 40064.056500000879169 ], [ 19981.115600000135601, 40061.934499999508262 ], [ 19978.423499999567866, 40066.896900000050664 ], [ 19975.731399999931455, 40071.859300000593066 ], [ 19978.588000000454485, 40073.408999999985099 ], [ 19981.445199999958277, 40074.958000000566244 ], [ 19980.77280000038445, 40076.197399999946356 ], [ 19989.82799999974668, 40081.109899999573827 ], [ 20006.519199999980628, 40090.16499999910593 ], [ 20003.362499999813735, 40095.983799999579787 ], [ 20000.205699999816716, 40101.802699999883771 ], [ 20001.903800000436604, 40102.723999999463558 ], [ 20003.601999999955297, 40103.645199999213219 ], [ 20001.53969999961555, 40107.446699999272823 ], [ 19999.477400000207126, 40111.248099999502301 ], [ 19996.067900000140071, 40117.5329 ], [ 19999.012400000356138, 40119.130300000309944 ], [ 20001.956899999640882, 40120.727700000628829 ], [ 20001.480000000447035, 40121.606799999251962 ], [ 19990.134200000204146, 40115.45160000026226 ], [ 19977.075000000186265, 40108.366900000721216 ], [ 19978.278500000014901, 40106.146999999880791 ], [ 19979.28969999961555, 40106.695599999278784 ], [ 19980.300999999977648, 40107.244200000539422 ], [ 19982.532599999569356, 40103.130599999800324 ], [ 19984.764299999922514, 40099.017000000923872 ], [ 19981.204400000162423, 40097.085699999704957 ], [ 19977.644500000402331, 40095.154500000178814 ], [ 19972.450299999676645, 40104.728900000452995 ], [ 19965.491799999959767, 40117.555500000715256 ], [ 19968.040199999697506, 40118.938100000843406 ], [ 19970.589499999769032, 40120.321100000292063 ], [ 19971.471699999645352, 40118.695000000298023 ], [ 19972.353900000452995, 40117.068900000303984 ], [ 19980.133399999700487, 40121.289300000295043 ], [ 19987.912800000049174, 40125.509700000286102 ], [ 19988.340800000354648, 40126.952600000426173 ], [ 19979.191999999806285, 40143.816500000655651 ], [ 19970.153699999675155, 40138.913200000301003 ], [ 19961.115500000305474, 40134.009800000116229 ], [ 19962.045300000347197, 40132.29590000025928 ], [ 19962.975200000219047, 40130.581800000742078 ], [ 19957.613400000147521, 40127.673000000417233 ], [ 19952.251600000075996, 40124.764200000092387 ], [ 19949.247499999590218, 40130.301699999719858 ], [ 19948.103000000119209, 40132.411299999803305 ], [ 19960.78899999987334, 40139.293600000441074 ], [ 19973.47510000038892, 40146.175899999216199 ], [ 19967.447900000028312, 40157.285700000822544 ], [ 19961.420800000429153, 40168.395500000566244 ], [ 19958.771999999880791, 40182.714900000020862 ], [ 19956.123200000263751, 40197.034199999645352 ], [ 19944.423100000247359, 40218.600999999791384 ], [ 19932.723000000230968, 40240.167700000107288 ], [ 19934.436999999918044, 40241.097599999979138 ], [ 19936.150999999605119, 40242.027400000020862 ], [ 19935.626400000415742, 40242.994300000369549 ], [ 19947.360799999907613, 40249.360300000756979 ], [ 19959.095300000160933, 40255.726299999281764 ], [ 19996.269500000402331, 40187.205099999904633 ] ] ] } },
{ "type": "Feature", "properties": { "TYP_CD": 0, "STN_NAM": null, "ATTACHEMEN": null, "TYP_CD_DES": "MRT", "STN_NAM_DE": "CASHEW MRT STATION" }, "geometry": { "type": "Polygon", "coordinates": [ [ [ 20340.379499999806285, 39136.759700000286102 ], [ 20354.684200000017881, 39114.18099999986589 ], [ 20368.988900000229478, 39091.60219999961555 ], [ 20366.66399999987334, 39083.443800000473857 ], [ 20364.339100000448525, 39075.285299999639392 ], [ 20364.696100000292063, 39066.781300000846386 ], [ 20365.053100000135601, 39058.277300000190735 ], [ 20368.746100000105798, 39051.682199999690056 ], [ 20379.479700000025332, 39035.54590000025928 ], [ 20390.213299999944866, 39019.409499999135733 ], [ 20400.946899999864399, 39003.273199999704957 ], [ 20411.680499999783933, 38987.136800000444055 ], [ 20416.730000000447035, 38979.166600000113249 ], [ 20431.878600000403821, 38955.255799999460578 ], [ 20425.368700000457466, 38951.13150000013411 ], [ 20405.838899999856949, 38938.758500000461936 ], [ 20379.858500000089407, 38979.766400000080466 ], [ 20353.878100000321865, 39020.774399999529123 ], [ 20327.905899999663234, 39061.769200000911951 ], [ 20301.933799999766052, 39102.764000000432134 ], [ 20312.389399999752641, 39109.388100000098348 ], [ 20322.845099999569356, 39116.012199999764562 ], [ 20318.487599999643862, 39122.890100000426173 ], [ 20340.379499999806285, 39136.759700000286102 ] ] ] } },
{ "type": "Feature", "properties": { "TYP_CD": 0, "STN_NAM": null, "ATTACHEMEN": null, "TYP_CD_DES": "MRT", "STN_NAM_DE": "DHOBY GHAUT MRT STATION" }, "geometry": { "type": "Polygon", "coordinates": [ [ [ 29293.514000000432134, 31312.527499999850988 ], [ 29360.10190000012517, 31290.708200000226498 ], [ 29361.845900000073016, 31296.030300000682473 ], [ 29362.32120000012219, 31295.874500000849366 ], [ 29363.911899999715388, 31300.729199999943376 ], [ 29371.072800000198185, 31306.656700000166893 ], [ 29378.547399999573827, 31297.626499999314547 ], [ 29380.05559999961406, 31298.874900000169873 ], [ 29382.106700000353158, 31296.396800000220537 ], [ 29384.020600000396371, 31295.769600000232458 ], [ 29384.083700000308454, 31295.962200000882149 ], [ 29390.896300000138581, 31287.778100000694394 ], [ 29398.966099999845028, 31278.134999999776483 ], [ 29453.386300000362098, 31260.341299999505281 ], [ 29480.00690000038594, 31251.639000000432134 ], [ 29499.323300000280142, 31245.324400000274181 ], [ 29492.550499999895692, 31224.655200000852346 ], [ 29475.605000000447035, 31230.208000000566244 ], [ 29474.712600000202656, 31227.484400000423193 ], [ 29472.023699999786913, 31228.365499999374151 ], [ 29471.69510000012815, 31227.362600000575185 ], [ 29471.197200000286102, 31227.525699999183416 ], [ 29468.837500000372529, 31220.324500000104308 ], [ 29468.816700000315905, 31220.261099999770522 ], [ 29460.77350000012666, 31222.838899999856949 ], [ 29460.711199999786913, 31222.648800000548363 ], [ 29436.56290000025183, 31230.561699999496341 ], [ 29439.022699999623001, 31238.068600000813603 ], [ 29384.40749999973923, 31255.964800000190735 ], [ 29371.878399999812245, 31265.185900000855327 ], [ 29343.181599999777973, 31274.589099999517202 ], [ 29340.24100000038743, 31265.615100000053644 ], [ 29334.870400000363588, 31267.374900000169873 ], [ 29332.659199999645352, 31266.000900000333786 ], [ 29330.939199999906123, 31260.751700000837445 ], [ 29316.875, 31265.360200000926852 ], [ 29322.156600000336766, 31281.478499999269843 ], [ 29313.355399999767542, 31284.362500000745058 ], [ 29311.841599999926984, 31279.742799999192357 ], [ 29291.128200000151992, 31286.530099999159575 ], [ 29292.642, 31291.149800000712276 ], [ 29286.744599999859929, 31293.082200000062585 ], [ 29293.514000000432134, 31312.527499999850988 ] ] ] } },
{ "type": "Feature", "properties": { "TYP_CD": 0, "STN_NAM": null, "ATTACHEMEN": null, "TYP_CD_DES": "MRT", "STN_NAM_DE": "LAVENDER MRT STATION" }, "geometry": { "type": "Polygon", "coordinates": [ [ [ 31236.497999999672174, 32085.763699999079108 ], [ 31234.136699999682605, 32088.300799999386072 ], [ 31233.691399999894202, 32087.884700000286102 ], [ 31218.134800000116229, 32104.587899999693036 ], [ 31206.294900000095367, 32105.009800000116229 ], [ 31200.880800000391901, 32099.968699999153614 ], [ 31183.800800000317395, 32118.310499999672174 ], [ 31195.681599999777973, 32129.372999999672174 ], [ 31195.519500000402331, 32129.550799999386072 ], [ 31283.757799999788404, 32211.72069999948144 ], [ 31282.685499999672174, 32212.872999999672174 ], [ 31264.609400000423193, 32196.040999999269843 ], [ 31244.160099999979138, 32218.0 ], [ 31282.122999999672174, 32253.353499999269843 ], [ 31286.310499999672174, 32253.699200000613928 ], [ 31292.074199999682605, 32246.630899999290705 ], [ 31297.431599999777973, 32240.142599999904633 ], [ 31299.367200000211596, 32235.275399999693036 ], [ 31307.121100000105798, 32243.334000000730157 ], [ 31312.519500000402331, 32238.503900000825524 ], [ 31350.490199999883771, 32273.53319999948144 ], [ 31367.568300000391901, 32255.193299999460578 ], [ 31359.152300000190735, 32247.355499999597669 ], [ 31371.935499999672174, 32233.630799999460578 ], [ 31371.480399999767542, 32220.859400000423193 ], [ 31375.009800000116229, 32217.070299999788404 ], [ 31361.396499999798834, 32204.394500000402331 ], [ 31360.193400000222027, 32205.6875 ], [ 31357.863300000317395, 32203.515599999576807 ], [ 31352.789099999703467, 32208.96680000051856 ], [ 31345.720700000412762, 32209.218699999153614 ], [ 31337.599600000306964, 32217.939400000497699 ], [ 31323.966799999587238, 32205.244100000709295 ], [ 31340.570299999788404, 32187.412100000306964 ], [ 31332.292999999597669, 32179.705099999904633 ], [ 31336.017599999904633, 32175.705099999904633 ], [ 31307.769500000402331, 32149.400399999693036 ], [ 31289.707000000402331, 32168.794900000095367 ], [ 31290.0, 32169.066400000825524 ], [ 31283.236299999989569, 32176.332000000402331 ], [ 31239.882799999788404, 32135.960899999365211 ], [ 31244.355499999597669, 32131.15819999948144 ], [ 31243.783200000412762, 32115.082000000402331 ], [ 31252.660099999979138, 32105.548800000920892 ], [ 31251.701100000180304, 32104.656199999153614 ], [ 31254.0625, 32102.119100000709295 ], [ 31236.497999999672174, 32085.763699999079108 ] ] ] } },
{ "type": "Feature", "properties": { "TYP_CD": 0, "STN_NAM": null, "ATTACHEMEN": null, "TYP_CD_DES": "LRT", "STN_NAM_DE": "RENJONG LRT STATION" }, "geometry": { "type": "Polygon", "coordinates": [ [ [ 34382.656200000084937, 40949.640599999576807 ], [ 34324.539099999703467, 40966.121099999174476 ], [ 34328.609400000423193, 40980.527300000190735 ], [ 34386.707000000402331, 40964.0625 ], [ 34382.656200000084937, 40949.640599999576807 ] ] ] } },
{ "type": "Feature", "properties": { "TYP_CD": 0, "STN_NAM": null, "ATTACHEMEN": null, "TYP_CD_DES": "MRT", "STN_NAM_DE": "DOVER MRT STATION" }, "geometry": { "type": "Polygon", "coordinates": [ [ [ 21987.246100000105798, 32576.906199999153614 ], [ 21977.177699999883771, 32581.804700000211596 ], [ 21966.406200000084937, 32587.292999999597669 ], [ 21957.351599999703467, 32592.302699999883771 ], [ 21950.169900000095367, 32596.494100000709295 ], [ 21913.048799999989569, 32618.976600000634789 ], [ 21867.474600000306964, 32646.509800000116229 ], [ 21852.111299999989569, 32656.517500000074506 ], [ 21832.732400000095367, 32669.997999999672174 ], [ 21844.468700000084937, 32689.306600000709295 ], [ 21865.617200000211596, 32678.199200000613928 ], [ 21880.943300000391901, 32669.650399999693036 ], [ 21927.199199999682605, 32641.722599999979138 ], [ 21950.728500000201166, 32627.482400000095367 ], [ 21973.896499999798834, 32613.400399999693036 ], [ 21982.419900000095367, 32607.501900000497699 ], [ 21989.933600000105798, 32602.169900000095367 ], [ 21998.625, 32595.84569999948144 ], [ 21987.246100000105798, 32576.906199999153614 ] ] ] } },
{ "type": "Feature", "properties": { "TYP_CD": 0, "STN_NAM": null, "ATTACHEMEN": null, "TYP_CD_DES": "LRT", "STN_NAM_DE": "PHOENIX LRT STATION" }, "geometry": { "type": "Polygon", "coordinates": [ [ [ 19602.916000000201166, 40048.636700000613928 ], [ 19601.736299999989569, 40052.257799999788404 ], [ 19595.738300000317395, 40070.585899999365211 ], [ 19640.710900000296533, 40085.3125 ], [ 19645.113300000317395, 40071.855399999767542 ], [ 19647.566399999894202, 40064.359400000423193 ], [ 19640.158200000412762, 40060.828099999576807 ], [ 19602.916000000201166, 40048.636700000613928 ] ] ] } },
{ "type": "Feature", "properties": { "TYP_CD": 0, "STN_NAM": null, "ATTACHEMEN": null, "TYP_CD_DES": "MRT", "STN_NAM_DE": "ALJUNIED MRT STATION" }, "geometry": { "type": "Polygon", "coordinates": [ [ [ 33422.347599999979138, 33158.316400000825524 ], [ 33424.121100000105798, 33186.828099999576807 ], [ 33422.574199999682605, 33190.695299999788404 ], [ 33441.199199999682605, 33193.984400000423193 ], [ 33448.957000000402331, 33195.355399999767542 ], [ 33455.453099999576807, 33196.503900000825524 ], [ 33466.85149999987334, 33198.519500000402331 ], [ 33493.47649999987334, 33203.226500000804663 ], [ 33502.3125, 33204.789000000804663 ], [ 33509.085900000296533, 33205.984400000423193 ], [ 33612.933600000105798, 33224.343699999153614 ], [ 33615.160199999809265, 33212.031199999153614 ], [ 33609.605499999597669, 33202.226500000804663 ], [ 33609.347599999979138, 33198.855399999767542 ], [ 33611.0, 33189.425799999386072 ], [ 33611.714800000190735, 33185.339800000190735 ], [ 33598.625, 33187.617200000211596 ], [ 33590.511699999682605, 33181.890599999576807 ], [ 33589.847699999809265, 33181.421900000423193 ], [ 33586.945299999788404, 33181.925799999386072 ], [ 33571.925800000317395, 33184.535099999979138 ], [ 33565.785199999809265, 33180.214800000190735 ], [ 33564.988300000317395, 33180.070299999788404 ], [ 33558.035099999979138, 33178.839800000190735 ], [ 33552.222599999979138, 33177.8125 ], [ 33496.28899999987334, 33167.902300000190735 ], [ 33495.277300000190735, 33167.722599999979138 ], [ 33494.734299999661744, 33167.625 ], [ 33486.285199999809265, 33166.144500000402331 ], [ 33464.152300000190735, 33162.210899999365211 ], [ 33445.824199999682605, 33160.503900000825524 ], [ 33439.574199999682605, 33159.921900000423193 ], [ 33422.347599999979138, 33158.316400000825524 ] ] ] } },
{ "type": "Feature", "properties": { "TYP_CD": 0, "STN_NAM": null, "ATTACHEMEN": null, "TYP_CD_DES": "LRT", "STN_NAM_DE": "COVE LRT STATION" }, "geometry": { "type": "Polygon", "coordinates": [ [ [ 36048.542500000447035, 42373.410000000149012 ], [ 36057.494300000369549, 42385.496099999174476 ], [ 36110.009399999864399, 42346.508899999782443 ], [ 36101.015700000338256, 42334.408700000494719 ], [ 36048.542500000447035, 42373.410000000149012 ] ] ] } },
{ "type": "Feature", "properties": { "TYP_CD": 0, "STN_NAM": null, "ATTACHEMEN": null, "TYP_CD_DES": "MRT", "STN_NAM_DE": "PASIR RIS MRT STATION" }, "geometry": { "type": "Polygon", "coordinates": [ [ [ 40899.371100000105798, 39359.292899999767542 ], [ 40865.363300000317395, 39368.152300000190735 ], [ 40890.335900000296533, 39462.097599999979138 ], [ 40904.91399999987334, 39516.945299999788404 ], [ 40905.132799999788404, 39517.757799999788404 ], [ 40905.882799999788404, 39520.519500000402331 ], [ 40939.843700000084937, 39511.507799999788404 ], [ 40939.121100000105798, 39508.800799999386072 ], [ 40938.894500000402331, 39507.929700000211596 ], [ 40933.945299999788404, 39489.378900000825524 ], [ 40927.191399999894202, 39463.972599999979138 ], [ 40923.644500000402331, 39450.613299999386072 ], [ 40915.527300000190735, 39420.074200000613928 ], [ 40899.371100000105798, 39359.292899999767542 ] ] ] } },
{ "type": "Feature", "properties": { "TYP_CD": 0, "STN_NAM": null, "ATTACHEMEN": null, "TYP_CD_DES": "MRT", "STN_NAM_DE": "ADMIRALTY MRT STATION" }, "geometry": { "type": "Polygon", "coordinates": [ [ [ 24306.068300000391901, 46857.527300000190735 ], [ 24294.964800000190735, 46882.406199999153614 ], [ 24294.9375, 46882.468699999153614 ], [ 24293.824199999682605, 46886.425799999386072 ], [ 24293.804700000211596, 46886.492200000211596 ], [ 24293.880800000391901, 46890.597599999979138 ], [ 24293.882799999788404, 46890.667999999597669 ], [ 24295.138700000010431, 46894.574200000613928 ], [ 24295.160199999809265, 46894.636700000613928 ], [ 24297.396499999798834, 46898.085899999365211 ], [ 24297.447300000116229, 46898.128900000825524 ], [ 24300.613300000317395, 46900.785099999979138 ], [ 24304.332000000402331, 46902.582000000402331 ], [ 24351.181599999777973, 46923.070299999788404 ], [ 24356.162100000306964, 46923.117200000211596 ], [ 24392.726599999703467, 46939.218699999153614 ], [ 24398.412100000306964, 46944.113299999386072 ], [ 24445.441399999894202, 46964.996099999174476 ], [ 24486.5, 46982.917899999767542 ], [ 24490.521499999798834, 46981.726600000634789 ], [ 24494.541000000201166, 46980.292999999597669 ], [ 24498.267599999904633, 46978.476500000804663 ], [ 24501.259700000286102, 46975.394500000402331 ], [ 24513.263700000010431, 46949.035099999979138 ], [ 24445.91399999987334, 46919.269500000402331 ], [ 24445.492200000211596, 46919.078099999576807 ], [ 24445.701200000010431, 46918.601500000804663 ], [ 24449.980499999597669, 46908.929700000211596 ], [ 24450.167999999597669, 46908.503900000825524 ], [ 24449.697300000116229, 46908.296800000593066 ], [ 24400.455099999904633, 46886.5 ], [ 24394.361299999989569, 46883.804700000211596 ], [ 24349.468700000084937, 46863.9375 ], [ 24348.996100000105798, 46863.730399999767542 ], [ 24348.798799999989569, 46864.175799999386072 ], [ 24346.224600000306964, 46870.015599999576807 ], [ 24344.316399999894202, 46874.339800000190735 ], [ 24306.068300000391901, 46857.527300000190735 ] ] ] } },
{ "type": "Feature", "properties": { "TYP_CD": 0, "STN_NAM": null, "ATTACHEMEN": null, "TYP_CD_DES": "MRT", "STN_NAM_DE": "KEMBANGAN MRT STATION" }, "geometry": { "type": "Polygon", "coordinates": [ [ [ 36784.398400000296533, 33667.960899999365211 ], [ 36778.660099999979138, 33695.406199999153614 ], [ 36778.570299999788404, 33695.835899999365211 ], [ 36778.320299999788404, 33697.027300000190735 ], [ 36780.414099999703467, 33697.464800000190735 ], [ 36835.207000000402331, 33708.9375 ], [ 36836.675800000317395, 33709.242200000211596 ], [ 36866.828099999576807, 33715.589800000190735 ], [ 36936.367200000211596, 33730.199200000613928 ], [ 36936.425800000317395, 33730.210899999365211 ], [ 36940.882799999788404, 33731.148399999365211 ], [ 36941.261699999682605, 33722.394500000402331 ], [ 36943.433600000105798, 33704.824200000613928 ], [ 36942.644500000402331, 33700.609400000423193 ], [ 36935.117200000211596, 33699.179700000211596 ], [ 36786.875, 33668.472599999979138 ], [ 36784.398400000296533, 33667.960899999365211 ] ] ] } },
{ "type": "Feature", "properties": { "TYP_CD": 0, "STN_NAM": null, "ATTACHEMEN": null, "TYP_CD_DES": "LRT", "STN_NAM_DE": "PUNGGOL POINT LRT STATION" }, "geometry": { "type": "Polygon", "coordinates": [ [ [ 36122.127700000070035, 44321.837799999862909 ], [ 36180.623200000263751, 44292.501499999314547 ], [ 36173.857300000265241, 44279.056700000539422 ], [ 36115.367999999783933, 44308.405099999159575 ], [ 36122.127700000070035, 44321.837799999862909 ] ] ] } },
{ "type": "Feature", "properties": { "TYP_CD": 0, "STN_NAM": null, "ATTACHEMEN": null, "TYP_CD_DES": "MRT", "STN_NAM_DE": "MARSILING MRT STATION" }, "geometry": { "type": "Polygon", "coordinates": [ [ [ 21306.189399999566376, 46014.777300000190735 ], [ 21300.640599999576807, 46014.925799999386072 ], [ 21300.429700000211596, 46014.933599999174476 ], [ 21296.033200000412762, 46016.152300000190735 ], [ 21294.855399999767542, 46016.480499999597669 ], [ 21289.789099999703467, 46019.363299999386072 ], [ 21286.414099999703467, 46021.386700000613928 ], [ 21285.550800000317395, 46023.410099999979138 ], [ 21284.707000000402331, 46024.742200000211596 ], [ 21282.402300000190735, 46028.390599999576807 ], [ 21280.548799999989569, 46034.019500000402331 ], [ 21280.285099999979138, 46035.343699999153614 ], [ 21282.816399999894202, 46035.386700000613928 ], [ 21297.025399999693036, 46035.578099999576807 ], [ 21302.246100000105798, 46035.667999999597669 ], [ 21302.236299999989569, 46044.023399999365211 ], [ 21394.003899999894202, 46044.027300000190735 ], [ 21393.951200000010431, 46060.320299999788404 ], [ 21449.886699999682605, 46060.3125 ], [ 21449.933600000105798, 46044.003900000825524 ], [ 21499.076200000010431, 46044.015599999576807 ], [ 21499.085900000296533, 46035.277300000190735 ], [ 21569.191399999894202, 46035.277300000190735 ], [ 21569.195299999788404, 46024.277300000190735 ], [ 21560.203099999576807, 46015.273399999365211 ], [ 21437.548799999989569, 46015.273399999365211 ], [ 21437.550800000317395, 46017.613299999386072 ], [ 21423.546900000423193, 46017.609400000423193 ], [ 21423.546900000423193, 46015.269500000402331 ], [ 21324.292999999597669, 46015.269500000402331 ], [ 21307.240199999883771, 46014.855499999597669 ], [ 21306.189399999566376, 46014.777300000190735 ] ] ] } },
{ "type": "Feature", "properties": { "TYP_CD": 0, "STN_NAM": null, "ATTACHEMEN": null, "TYP_CD_DES": "LRT", "STN_NAM_DE": "COMPASSVALE LRT STATION" }, "geometry": { "type": "Polygon", "coordinates": [ [ [ 35508.238300000317395, 41802.398399999365211 ], [ 35451.636699999682605, 41823.546900000423193 ], [ 35456.890599999576807, 41837.593699999153614 ], [ 35513.441399999894202, 41816.476500000804663 ], [ 35508.238300000317395, 41802.398399999365211 ] ] ] } },
{ "type": "Feature", "properties": { "TYP_CD": 0, "STN_NAM": null, "ATTACHEMEN": null, "TYP_CD_DES": "MRT", "STN_NAM_DE": "KHATIB MRT STATION" }, "geometry": { "type": "Polygon", "coordinates": [ [ [ 27943.375, 44278.140599999576807 ], [ 27925.091799999587238, 44287.328099999576807 ], [ 27938.685499999672174, 44314.398399999365211 ], [ 27918.261699999682605, 44324.664100000634789 ], [ 27978.132799999788404, 44443.679700000211596 ], [ 27985.732400000095367, 44458.808599999174476 ], [ 28013.310499999672174, 44444.968699999153614 ], [ 28020.009800000116229, 44436.652300000190735 ], [ 28018.861299999989569, 44425.960899999365211 ], [ 27957.482400000095367, 44303.921900000423193 ], [ 27953.273400000296533, 44297.882799999788404 ], [ 27943.375, 44278.140599999576807 ] ] ] } },
{ "type": "Feature", "properties": { "TYP_CD": 0, "STN_NAM": null, "ATTACHEMEN": null, "TYP_CD_DES": "LRT", "STN_NAM_DE": "LAYAR LRT STATION" }, "geometry": { "type": "Polygon", "coordinates": [ [ [ 33182.492200000211596, 41548.144500000402331 ], [ 33182.28899999987334, 41563.136700000613928 ], [ 33242.664099999703467, 41564.121099999174476 ], [ 33242.906200000084937, 41549.097599999979138 ], [ 33182.492200000211596, 41548.144500000402331 ] ] ] } },
{ "type": "Feature", "properties": { "TYP_CD": 0, "STN_NAM": null, "ATTACHEMEN": "CC15_BSH STN.zip", "TYP_CD_DES": "MRT", "STN_NAM_DE": "BISHAN MRT STATION" }, "geometry": { "type": "Polygon", "coordinates": [ [ [ 29683.202200000174344, 37087.82039999961853 ], [ 29702.534199999645352, 37083.540999999269843 ], [ 29701.799300000071526, 37080.221300000324845 ], [ 29765.456100000068545, 37066.130000000819564 ], [ 29834.78000000026077, 37050.784099999815226 ], [ 29834.779900000430644, 37050.784099999815226 ], [ 29839.544700000435114, 37049.729800000786781 ], [ 29849.297100000083447, 37047.58420000039041 ], [ 29851.734000000171363, 37047.05460000038147 ], [ 29854.17090000025928, 37046.524900000542402 ], [ 29856.607300000265241, 37046.001599999144673 ], [ 29859.043800000101328, 37045.478399999439716 ], [ 29861.480100000277162, 37044.963199999183416 ], [ 29863.916400000452995, 37044.44789999909699 ], [ 29868.78940000012517, 37043.4364 ], [ 29873.66370000038296, 37042.446900000795722 ], [ 29877.47690000012517, 37041.689999999478459 ], [ 29881.333700000308454, 37040.939699999988079 ], [ 29884.272099999710917, 37040.289200000464916 ], [ 29887.210400000214577, 37039.63880000077188 ], [ 29886.886199999600649, 37038.174200000241399 ], [ 29880.866899999789894, 37010.982499999925494 ], [ 29880.542700000107288, 37009.51799999922514 ], [ 29873.854600000195205, 37010.998500000685453 ], [ 29872.669099999591708, 37005.643100000917912 ], [ 29860.903800000436604, 37008.247600000351667 ], [ 29860.903900000266731, 37008.247500000521541 ], [ 29860.693099999800324, 37007.2956000007689 ], [ 29860.009499999694526, 37007.446900000795722 ], [ 29859.166400000452995, 37003.63910000026226 ], [ 29824.603600000031292, 37011.290100000798702 ], [ 29825.025000000372529, 37013.19400000013411 ], [ 29805.400100000202656, 37017.53830000013113 ], [ 29805.780500000342727, 37019.256699999794364 ], [ 29732.396999999880791, 37035.501199999824166 ], [ 29732.083599999547005, 37034.085500000044703 ], [ 29725.161199999973178, 37035.617799999192357 ], [ 29724.94510000012815, 37034.641499999910593 ], [ 29723.919900000095367, 37034.868400000035763 ], [ 29723.206699999980628, 37031.64640000090003 ], [ 29684.6261, 37040.186799999326468 ], [ 29684.190999999642372, 37039.579600000753999 ], [ 29669.612499999813735, 36973.722300000488758 ], [ 29659.068900000303984, 36976.05629999935627 ], [ 29664.072300000116229, 36998.659099999815226 ], [ 29665.828700000420213, 36998.270300000905991 ], [ 29667.356999999843538, 37005.174300000071526 ], [ 29668.843999999575317, 37011.891699999570847 ], [ 29675.207799999974668, 37040.639599999412894 ], [ 29672.872399999760091, 37041.156600000336766 ], [ 29683.202200000174344, 37087.82039999961853 ] ] ] } },
{ "type": "Feature", "properties": { "TYP_CD": 0, "STN_NAM": null, "ATTACHEMEN": "CC14_LRC STN.zip", "TYP_CD_DES": "MRT", "STN_NAM_DE": "LORONG CHUAN MRT STATION" }, "geometry": { "type": "Polygon", "coordinates": [ [ [ 31301.065499999560416, 37094.372099999338388 ], [ 31414.104399999603629, 37105.543899999931455 ], [ 31415.025299999862909, 37096.229299999773502 ], [ 31515.309899999760091, 37106.143799999728799 ], [ 31515.32010000012815, 37106.040599999949336 ], [ 31516.415400000289083, 37106.148900000378489 ], [ 31516.990699999965727, 37100.327199999243021 ], [ 31529.082200000062585, 37101.522199999541044 ], [ 31531.865199999883771, 37073.359999999403954 ], [ 31518.679800000041723, 37072.056900000199676 ], [ 31518.885999999940395, 37069.971699999645352 ], [ 31523.509700000286102, 37070.42879999987781 ], [ 31525.448400000110269, 37050.819599999114871 ], [ 31501.642, 37048.46680000051856 ], [ 31501.253499999642372, 37052.397600000724196 ], [ 31480.853500000201166, 37050.38230000063777 ], [ 31478.094100000336766, 37052.570800000801682 ], [ 31464.788599999621511, 37051.255899999290705 ], [ 31463.210199999623001, 37067.226500000804663 ], [ 31381.557799999602139, 37059.155099999159575 ], [ 31381.630300000309944, 37058.421700000762939 ], [ 31355.504099999554455, 37055.839700000360608 ], [ 31352.185600000433624, 37089.47749999910593 ], [ 31345.419300000183284, 37088.808399999514222 ], [ 31345.960500000044703, 37083.334100000560284 ], [ 31293.922199999913573, 37078.191099999472499 ], [ 31293.007500000298023, 37087.446699999272823 ], [ 31288.7027000002563, 37087.021299999207258 ], [ 31287.537299999967217, 37098.813100000843406 ], [ 31300.5, 37100.094200000166893 ], [ 31301.065499999560416, 37094.372099999338388 ] ] ] } },
{ "type": "Feature", "properties": { "TYP_CD": 0, "STN_NAM": null, "ATTACHEMEN": "CC13_SER STN.zip", "TYP_CD_DES": "MRT", "STN_NAM_DE": "SERANGOON MRT STATION" }, "geometry": { "type": "Polygon", "coordinates": [ [ [ 32244.313000000081956, 36987.673000000417233 ], [ 32238.22649999987334, 37008.482100000604987 ], [ 32263.209999999962747, 37015.790999999269843 ], [ 32263.966400000266731, 37015.562000000849366 ], [ 32264.256199999712408, 37016.519099999219179 ], [ 32362.115299999713898, 36986.886299999430776 ], [ 32391.390700000338256, 37011.962099999189377 ], [ 32408.347099999897182, 36992.16609999909997 ], [ 32391.718000000342727, 36977.922399999573827 ], [ 32404.469200000166893, 36974.061200000345707 ], [ 32401.771900000050664, 36965.153799999505281 ], [ 32402.513700000010431, 36964.929099999368191 ], [ 32410.392400000244379, 36971.678400000557303 ], [ 32410.392500000074506, 36971.678400000557303 ], [ 32411.009300000034273, 36973.715700000524521 ], [ 32413.679800000041723, 36972.906999999657273 ], [ 32421.612099999561906, 36963.645700000226498 ], [ 32402.707999999634922, 36947.451700000092387 ], [ 32402.414800000376999, 36946.483500000089407 ], [ 32404.686599999666214, 36945.7956000007689 ], [ 32404.135999999940395, 36943.977099999785423 ], [ 32396.096499999985099, 36946.411599999293685 ], [ 32395.661500000394881, 36944.974999999627471 ], [ 32456.329400000162423, 36874.249299999326468 ], [ 32464.321600000374019, 36867.453999999910593 ], [ 32466.171699999831617, 36867.642799999564886 ], [ 32471.199300000444055, 36863.365199999883771 ], [ 32469.546000000089407, 36861.423800000920892 ], [ 32448.350300000049174, 36836.52280000038445 ], [ 32440.09250000026077, 36843.549599999561906 ], [ 32444.530899999663234, 36848.766899999231 ], [ 32435.611600000411272, 36856.356399999931455 ], [ 32444.832999999634922, 36867.193199999630451 ], [ 32386.988800000399351, 36934.627100000157952 ], [ 32386.611700000241399, 36934.300100000575185 ], [ 32376.207200000062585, 36946.428099999204278 ], [ 32284.739699999801815, 36974.125399999320507 ], [ 32255.892599999904633, 36982.860600000247359 ], [ 32254.217600000090897, 36983.36769999936223 ], [ 32254.579900000244379, 36984.564099999144673 ], [ 32244.313000000081956, 36987.673000000417233 ] ] ] } },
{ "type": "Feature", "properties": { "TYP_CD": 0, "STN_NAM": null, "ATTACHEMEN": "CC12_BLY STN.zip", "TYP_CD_DES": "MRT", "STN_NAM_DE": "BARTLEY MRT STATION" }, "geometry": { "type": "Polygon", "coordinates": [ [ [ 33246.35190000012517, 36089.869400000199676 ], [ 33228.636699999682605, 36053.225600000470877 ], [ 33234.508899999782443, 36050.388499999418855 ], [ 33226.369099999777973, 36033.552500000223517 ], [ 33204.088399999774992, 36044.324599999934435 ], [ 33205.832100000232458, 36047.926300000399351 ], [ 33186.917899999767542, 36057.070800000801682 ], [ 33183.612800000235438, 36063.719599999487 ], [ 33175.03899999987334, 36067.864800000563264 ], [ 33182.722599999979138, 36083.757099999114871 ], [ 33105.026200000196695, 36121.319499999284744 ], [ 33108.139200000092387, 36127.758400000631809 ], [ 33100.575799999758601, 36131.415100000798702 ], [ 33109.08420000039041, 36149.013399999588728 ], [ 33062.14159999974072, 36177.995799999684095 ], [ 33072.67119999974966, 36195.066600000485778 ], [ 33083.060600000433624, 36188.650800000876188 ], [ 33086.159599999897182, 36193.669600000604987 ], [ 33091.818500000052154, 36190.176100000739098 ], [ 33089.582399999722838, 36186.564099999144673 ], [ 33104.24170000012964, 36177.513299999758601 ], [ 33105.300200000405312, 36173.039599999785423 ], [ 33104.091400000266731, 36171.081700000911951 ], [ 33113.15639999974519, 36165.484999999403954 ], [ 33125.673600000329316, 36159.431700000539422 ], [ 33159.258500000461936, 36143.190300000831485 ], [ 33154.864699999801815, 36134.10219999961555 ], [ 33246.35190000012517, 36089.869400000199676 ] ] ] } },
{ "type": "Feature", "properties": { "TYP_CD": 0, "STN_NAM": null, "ATTACHEMEN": "CC11_TSG STN.zip", "TYP_CD_DES": "MRT", "STN_NAM_DE": "TAI SENG MRT STATION" }, "geometry": { "type": "Polygon", "coordinates": [ [ [ 34040.354100000113249, 35346.423900000751019 ], [ 34042.769899999722838, 35347.513399999588728 ], [ 34045.185700000263751, 35348.602900000289083 ], [ 34047.230899999849498, 35344.067800000309944 ], [ 34048.719200000166893, 35343.504799999296665 ], [ 34075.283400000073016, 35355.48509999923408 ], [ 34070.236499999649823, 35366.675599999725819 ], [ 34069.097400000318885, 35367.012199999764562 ], [ 34068.378299999982119, 35368.606599999591708 ], [ 34093.355600000359118, 35379.871300000697374 ], [ 34094.074699999764562, 35378.276699999347329 ], [ 34093.62430000025779, 35377.086300000548363 ], [ 34113.584400000050664, 35332.828099999576807 ], [ 34113.782800000160933, 35332.753100000321865 ], [ 34141.903400000184774, 35270.400800000876188 ], [ 34141.778199999593198, 35270.07010000012815 ], [ 34159.207299999892712, 35231.424200000241399 ], [ 34135.825000000186265, 35220.879300000146031 ], [ 34135.393500000238419, 35221.836300000548363 ], [ 34124.547600000165403, 35216.945000000298023 ], [ 34121.96100000012666, 35200.738500000908971 ], [ 34113.967000000178814, 35197.133300000801682 ], [ 34114.583999999798834, 35195.765000000596046 ], [ 34107.934100000187755, 35192.765900000929832 ], [ 34102.260099999606609, 35205.346599999815226 ], [ 34110.859699999913573, 35209.224999999627471 ], [ 34113.550599999725819, 35226.085699999704957 ], [ 34105.833899999968708, 35243.822599999606609 ], [ 34122.157599999569356, 35251.184499999508262 ], [ 34118.293300000019372, 35259.752900000661612 ], [ 34097.930100000463426, 35250.569099999964237 ], [ 34095.480399999767542, 35244.094200000166893 ], [ 34099.65500000026077, 35234.837700000032783 ], [ 34094.983099999837577, 35232.730799999088049 ], [ 34090.311200000345707, 35230.623800000175834 ], [ 34085.593799999915063, 35241.084000000730157 ], [ 34080.876299999654293, 35251.544299999251962 ], [ 34097.960900000296533, 35259.249399999156594 ], [ 34115.045599999837577, 35266.954399999231 ], [ 34104.274299999698997, 35290.837899999693036 ], [ 34093.502999999560416, 35314.721400000154972 ], [ 34064.410400000400841, 35301.60080000013113 ], [ 34052.796500000171363, 35327.353000000119209 ], [ 34049.604199999943376, 35325.91330000013113 ], [ 34044.979100000113249, 35336.168600000441074 ], [ 34040.354100000113249, 35346.423900000751019 ] ] ] } },
{ "type": "Feature", "properties": { "TYP_CD": 0, "STN_NAM": null, "ATTACHEMEN": null, "TYP_CD_DES": "MRT", "STN_NAM_DE": "TAMPINES WEST MRT STATION" }, "geometry": { "type": "Polygon", "coordinates": [ [ [ 39676.169200000353158, 36401.177699999883771 ], [ 39678.473399999551475, 36401.129799999296665 ], [ 39678.546799999661744, 36404.657600000500679 ], [ 39679.07149999961257, 36429.852299999445677 ], [ 39680.01410000026226, 36475.108300000429153 ], [ 39680.423700000159442, 36494.77559999935329 ], [ 39679.292500000447035, 36498.087700000032783 ], [ 39679.664800000376999, 36515.964800000190735 ], [ 39693.011800000444055, 36515.686799999326468 ], [ 39706.358900000341237, 36515.408800000324845 ], [ 39706.338100000284612, 36514.408999999985099 ], [ 39712.231599999591708, 36514.286299999803305 ], [ 39711.227800000458956, 36466.087099999189377 ], [ 39704.036600000225008, 36466.236800000071526 ], [ 39703.285199999809265, 36430.254000000655651 ], [ 39716.53249999973923, 36429.978099999949336 ], [ 39716.31209999974817, 36419.379100000485778 ], [ 39716.091000000014901, 36408.780099999159575 ], [ 39717.990399999544024, 36408.740499999374151 ], [ 39717.574300000444055, 36388.801000000908971 ], [ 39717.185300000011921, 36370.161299999803305 ], [ 39723.035000000149012, 36370.03940000012517 ], [ 39722.841099999845028, 36360.726500000804663 ], [ 39752.388299999758601, 36360.69649999961257 ], [ 39752.364199999719858, 36336.996500000357628 ], [ 39734.429800000041723, 36337.014699999243021 ], [ 39716.495400000363588, 36337.0329 ], [ 39716.458399999886751, 36335.259500000625849 ], [ 39714.960400000214577, 36335.290699999779463 ], [ 39708.211900000460446, 36335.431199999526143 ], [ 39698.838899999856949, 36335.62639999948442 ], [ 39677.689699999988079, 36336.066899999976158 ], [ 39674.590300000272691, 36336.131400000303984 ], [ 39659.993200000375509, 36336.435399999842048 ], [ 39660.309600000269711, 36351.632099999114871 ], [ 39667.10840000025928, 36351.490499999374151 ], [ 39667.536100000143051, 36372.038799999281764 ], [ 39667.530500000342727, 36386.698300000280142 ], [ 39667.524799999780953, 36401.357799999415874 ], [ 39668.467899999581277, 36401.33809999935329 ], [ 39668.468000000342727, 36415.933499999344349 ], [ 39676.169300000183284, 36415.9364 ], [ 39676.169200000353158, 36401.177699999883771 ] ] ] } },
{ "type": "Feature", "properties": { "TYP_CD": 0, "STN_NAM": null, "ATTACHEMEN": null, "TYP_CD_DES": "MRT", "STN_NAM_DE": "TAMPINES MRT STATION" }, "geometry": { "type": "Polygon", "coordinates": [ [ [ 40488.792899999767542, 37181.921900000423193 ], [ 40455.824199999682605, 37222.132799999788404 ], [ 40375.191399999894202, 37320.492200000211596 ], [ 40407.031200000084937, 37346.632799999788404 ], [ 40446.031200000084937, 37299.109400000423193 ], [ 40515.074199999682605, 37214.843699999153614 ], [ 40507.542999999597669, 37204.140599999576807 ], [ 40507.464800000190735, 37204.042899999767542 ], [ 40497.593700000084937, 37191.734400000423193 ], [ 40497.511699999682605, 37191.640599999576807 ], [ 40488.871100000105798, 37182.007799999788404 ], [ 40488.792899999767542, 37181.921900000423193 ] ] ] } },
{ "type": "Feature", "properties": { "TYP_CD": 0, "STN_NAM": null, "ATTACHEMEN": null, "TYP_CD_DES": "MRT", "STN_NAM_DE": "TAMPINES EAST MRT STATION" }, "geometry": { "type": "Polygon", "coordinates": [ [ [ 41557.005699999630451, 37532.621600000187755 ], [ 41556.934399999678135, 37539.915200000628829 ], [ 41553.136300000362098, 37539.878100000321865 ], [ 41532.263700000010431, 37558.121600000187755 ], [ 41532.294300000183284, 37558.804999999701977 ], [ 41531.295300000347197, 37558.849799999967217 ], [ 41531.426099999807775, 37561.767200000584126 ], [ 41511.415699999779463, 37562.66440000012517 ], [ 41508.587000000290573, 37563.341700000688434 ], [ 41481.934299999848008, 37564.536699999123812 ], [ 41482.599399999715388, 37579.371799999848008 ], [ 41394.953499999828637, 37583.301200000569224 ], [ 41394.943900000303984, 37583.086500000208616 ], [ 41391.968000000342727, 37582.591700000688434 ], [ 41385.549200000241399, 37582.879499999806285 ], [ 41386.638700000010431, 37607.181900000199676 ], [ 41381.461500000208616, 37607.414000000804663 ], [ 41381.958700000308454, 37618.502900000661612 ], [ 41411.411500000394881, 37617.182399999350309 ], [ 41411.192699999548495, 37612.300699999555945 ], [ 41411.792100000195205, 37612.273800000548363 ], [ 41411.592899999581277, 37607.83049999922514 ], [ 41448.656600000336766, 37606.168899999931455 ], [ 41451.510300000198185, 37605.240100000053644 ], [ 41510.239000000059605, 37602.607200000435114 ], [ 41510.474000000394881, 37607.849600000306964 ], [ 41511.073400000110269, 37607.822699999436736 ], [ 41511.291400000452995, 37612.684499999508262 ], [ 41501.321100000292063, 37612.709300000220537 ], [ 41495.626600000075996, 37612.723400000482798 ], [ 41495.648699999786913, 37621.648700000718236 ], [ 41504.990000000223517, 37621.625399999320507 ], [ 41511.691499999724329, 37621.608799999579787 ], [ 41574.523900000378489, 37618.791799999773502 ], [ 41592.818799999542534, 37617.971599999815226 ], [ 41611.168999999761581, 37618.797700000926852 ], [ 41613.618200000375509, 37621.379699999466538 ], [ 41613.66399999987334, 37651.257699999958277 ], [ 41617.016400000080466, 37651.252499999478459 ], [ 41617.042999999597669, 37668.58049999922514 ], [ 41625.465499999932945, 37668.567600000649691 ], [ 41625.438900000415742, 37651.240000000223517 ], [ 41625.439000000245869, 37651.240000000223517 ], [ 41625.387299999594688, 37617.512700000777841 ], [ 41618.764600000344217, 37610.530899999663234 ], [ 41592.819600000046194, 37609.362900000065565 ], [ 41575.237300000153482, 37610.151200000196695 ], [ 41573.535699999891222, 37572.204500000923872 ], [ 41624.886099999770522, 37564.549799999222159 ], [ 41624.844499999657273, 37537.398800000548363 ], [ 41624.484699999913573, 37537.399299999698997 ], [ 41624.458200000226498, 37520.071299999952316 ], [ 41616.318199999630451, 37520.083799999207258 ], [ 41616.344700000248849, 37537.411800000816584 ], [ 41611.839499999769032, 37537.418700000271201 ], [ 41611.870699999853969, 37557.794999999925494 ], [ 41573.14850000012666, 37563.567199999466538 ], [ 41572.094700000248849, 37540.0636 ], [ 41564.934000000357628, 37539.99349999986589 ], [ 41564.994500000029802, 37533.808900000527501 ], [ 41565.095300000160933, 37523.505100000649691 ], [ 41557.095700000412762, 37523.426799999549985 ], [ 41557.005699999630451, 37532.621600000187755 ] ] ] } },
{ "type": "Feature", "properties": { "TYP_CD": 0, "STN_NAM": null, "ATTACHEMEN": null, "TYP_CD_DES": "MRT", "STN_NAM_DE": "TAI SENG FACILITY BUILDING" }, "geometry": { "type": "Polygon", "coordinates": [ [ [ 34726.131799999624491, 36110.949899999424815 ], [ 34738.774100000038743, 36128.983200000599027 ], [ 34739.7652000002563, 36130.396999999880791 ], [ 34741.238599999807775, 36129.364199999719858 ], [ 34742.703099999576807, 36129.621600000187755 ], [ 34755.427099999971688, 36121.178099999204278 ], [ 34762.787499999627471, 36116.820000000298023 ], [ 34777.538499999791384, 36108.171399999409914 ], [ 34783.304399999789894, 36118.005799999460578 ], [ 34840.675999999977648, 36084.368599999696016 ], [ 34846.289800000376999, 36093.943600000813603 ], [ 34883.073499999940395, 36072.377199999988079 ], [ 34933.052699999883771, 36043.075799999758601 ], [ 34933.052000000141561, 36043.074599999934435 ], [ 35005.472400000318885, 36000.614199999719858 ], [ 34997.544099999591708, 35987.091700000688434 ], [ 35008.151800000108778, 35980.872400000691414 ], [ 35008.086099999956787, 35971.057600000873208 ], [ 35018.650299999862909, 35964.863800000399351 ], [ 35007.320600000210106, 35945.540100000798702 ], [ 34981.915400000289083, 35960.435399999842048 ], [ 34977.262699999846518, 35952.499800000339746 ], [ 34881.814399999566376, 36008.461500000208616 ], [ 34885.316899999976158, 36014.435200000181794 ], [ 34831.223399999551475, 36046.151100000366569 ], [ 34831.551799999549985, 36046.711200000718236 ], [ 34749.54619999974966, 36094.791899999603629 ], [ 34742.837199999950826, 36099.261099999770522 ], [ 34736.264299999922514, 36103.846499999985099 ], [ 34726.131799999624491, 36110.949899999424815 ] ] ] } },
{ "type": "Feature", "properties": { "TYP_CD": 0, "STN_NAM": null, "ATTACHEMEN": null, "TYP_CD_DES": "LRT", "STN_NAM_DE": "SUMANG LRT STATION" }, "geometry": { "type": "Polygon", "coordinates": [ [ [ 35245.999099999666214, 43321.828199999406934 ], [ 35232.841699999757111, 43328.911399999633431 ], [ 35253.425599999725819, 43367.13150000013411 ], [ 35263.862499999813735, 43386.525699999183416 ], [ 35277.012799999676645, 43379.393699999898672 ], [ 35275.412399999797344, 43376.424200000241399 ], [ 35245.999099999666214, 43321.828199999406934 ] ] ] } },

{ "type": "Feature", "properties": { "TYP_CD": 0, "STN_NAM": null, "ATTACHEMEN": null, "TYP_CD_DES": "MRT", "STN_NAM_DE": "STEVENS MRT STATION" }, "geometry": { "type": "Polygon", "coordinates": [ [ [ 27140.399299999698997, 33629.425799999386072 ], [ 27144.780600000172853, 33627.95130000077188 ], [ 27149.161899999715388, 33626.476800000295043 ], [ 27151.877600000239909, 33625.140799999237061 ], [ 27154.593299999833107, 33623.804700000211596 ], [ 27191.556099999696016, 33611.364900000393391 ], [ 27228.518899999558926, 33598.925100000575185 ], [ 27231.489799999631941, 33598.347300000488758 ], [ 27234.460699999704957, 33597.769500000402331 ], [ 27238.699599999934435, 33596.3429000005126 ], [ 27242.9386, 33594.916300000622869 ], [ 27242.619699999690056, 33593.968399999663234 ], [ 27242.300599999725819, 33593.020600000396371 ], [ 27242.179299999959767, 33592.658600000664592 ], [ 27241.376400000415742, 33590.271900000050664 ], [ 27240.451799999922514, 33587.523199999704957 ], [ 27240.163900000043213, 33586.667199999094009 ], [ 27236.829199999570847, 33576.753399999812245 ], [ 27231.581799999810755, 33561.153000000864267 ], [ 27229.668999999761581, 33555.466299999505281 ], [ 27201.940600000321865, 33564.798299999907613 ], [ 27174.212299999780953, 33574.130200000479817 ], [ 27174.116600000299513, 33573.845899999141693 ], [ 27158.537700000219047, 33579.088999999687076 ], [ 27142.958800000138581, 33584.332000000402331 ], [ 27140.265599999576807, 33602.679199999198318 ], [ 27137.572499999776483, 33621.026300000026822 ], [ 27137.911299999803305, 33622.033099999651313 ], [ 27138.83629999961704, 33624.781600000336766 ], [ 27139.761300000362098, 33627.530099999159575 ], [ 27140.399299999698997, 33629.425799999386072 ] ] ] } },
{ "type": "Feature", "properties": { "TYP_CD": 0, "STN_NAM": null, "ATTACHEMEN": null, "TYP_CD_DES": "MRT", "STN_NAM_DE": "SIXTH AVENUE MRT STATION" }, "geometry": { "type": "Polygon", "coordinates": [ [ [ 23923.505499999970198, 34825.774900000542402 ], [ 23927.843700000084937, 34824.237999999895692 ], [ 23932.180900000035763, 34822.70130000077188 ], [ 23932.973199999891222, 34821.943099999800324 ], [ 23935.341599999926984, 34819.676400000229478 ], [ 23971.682099999859929, 34806.802500000223517 ], [ 24008.022599999792874, 34793.92850000038743 ], [ 24044.363099999725819, 34781.05460000038147 ], [ 24079.761099999770522, 34768.514599999412894 ], [ 24080.418999999761581, 34770.371799999848008 ], [ 24088.973399999551475, 34767.341399999335408 ], [ 24097.527800000272691, 34764.310900000855327 ], [ 24092.906299999915063, 34751.265300000086427 ], [ 24089.332299999892712, 34741.168899999931455 ], [ 24088.284799999557436, 34738.219799999147654 ], [ 24079.730399999767542, 34741.250199999660254 ], [ 24071.175999999977648, 34744.2807 ], [ 24071.676900000311434, 34745.694399999454618 ], [ 24065.268899999558926, 34747.969599999487 ], [ 24060.660699999891222, 34734.96169999986887 ], [ 24060.399400000460446, 34735.054300000891089 ], [ 24051.43790000025183, 34730.781300000846386 ], [ 24044.757100000046194, 34733.148000000044703 ], [ 24029.755800000391901, 34738.462300000712276 ], [ 24032.099999999627471, 34745.079600000753999 ], [ 24026.44440000038594, 34747.083200000226498 ], [ 24031.050800000317395, 34760.086300000548363 ], [ 23985.242200000211596, 34776.31980000063777 ], [ 23977.475700000301003, 34754.395199999213219 ], [ 23937.786199999973178, 34768.455299999564886 ], [ 23936.235000000335276, 34764.076700000092387 ], [ 23936.193400000222027, 34764.091399999335408 ], [ 23905.507100000046194, 34774.962300000712276 ], [ 23905.557000000029802, 34775.103199999779463 ], [ 23923.505499999970198, 34825.774900000542402 ] ] ] } },
{ "type": "Feature", "properties": { "TYP_CD": 0, "STN_NAM": null, "ATTACHEMEN": null, "TYP_CD_DES": "LRT", "STN_NAM_DE": "SOUTH VIEW LRT STATION" }, "geometry": { "type": "Polygon", "coordinates": [ [ [ 18218.794900000095367, 40235.980399999767542 ], [ 18181.714800000190735, 40252.578099999576807 ], [ 18183.798799999989569, 40257.195299999788404 ], [ 18185.367200000211596, 40260.675799999386072 ], [ 18188.757799999788404, 40268.191400000825524 ], [ 18225.734400000423193, 40251.484400000423193 ], [ 18222.414099999703467, 40244.066400000825524 ], [ 18220.859400000423193, 40240.589800000190735 ], [ 18218.794900000095367, 40235.980399999767542 ] ] ] } },
{ "type": "Feature", "properties": { "TYP_CD": 0, "STN_NAM": null, "ATTACHEMEN": null, "TYP_CD_DES": "LRT", "STN_NAM_DE": "SOO TECK LRT STATION" }, "geometry": { "type": "Polygon", "coordinates": [ [ [ 35110.205000000074506, 42970.712899999693036 ], [ 35095.882000000216067, 42974.965099999681115 ], [ 35115.706600000150502, 43042.40819999948144 ], [ 35130.02309999987483, 43038.143100000917912 ], [ 35110.205000000074506, 42970.712899999693036 ] ] ] } },
{ "type": "Feature", "properties": { "TYP_CD": 0, "STN_NAM": null, "ATTACHEMEN": null, "TYP_CD_DES": "MRT", "STN_NAM_DE": "SOMERSET MRT STATION" }, "geometry": { "type": "Polygon", "coordinates": [ [ [ 28738.431599999777973, 31363.468699999153614 ], [ 28702.087899999693036, 31371.656199999153614 ], [ 28703.013600000180304, 31375.759700000286102 ], [ 28604.822300000116229, 31397.882799999788404 ], [ 28603.238300000317395, 31390.859400000423193 ], [ 28576.099600000306964, 31396.972599999979138 ], [ 28570.398400000296533, 31371.665999999269843 ], [ 28560.519500000402331, 31373.892599999904633 ], [ 28566.876899999566376, 31402.119100000709295 ], [ 28554.878899999894202, 31404.822200000286102 ], [ 28567.535199999809265, 31461.001900000497699 ], [ 28577.441399999894202, 31458.769500000402331 ], [ 28572.357400000095367, 31436.201199999079108 ], [ 28579.380900000222027, 31434.619100000709295 ], [ 28578.257799999788404, 31429.636700000613928 ], [ 28707.855499999597669, 31400.439400000497699 ], [ 28708.517599999904633, 31403.372999999672174 ], [ 28720.861299999989569, 31400.59180000051856 ], [ 28720.201200000010431, 31397.665999999269843 ], [ 28744.882799999788404, 31392.103499999269843 ], [ 28738.431599999777973, 31363.468699999153614 ] ] ] } },
{ "type": "Feature", "properties": { "TYP_CD": 0, "STN_NAM": null, "ATTACHEMEN": null, "TYP_CD_DES": "MRT", "STN_NAM_DE": "BRADDELL MRT STATION" }, "geometry": { "type": "Polygon", "coordinates": [ [ [ 29504.773400000296533, 35741.605399999767542 ], [ 29499.035099999979138, 35741.980399999767542 ], [ 29499.074199999682605, 35742.578099999576807 ], [ 29488.107400000095367, 35743.445299999788404 ], [ 29475.185499999672174, 35744.289000000804663 ], [ 29476.60149999987334, 35765.992200000211596 ], [ 29480.195299999788404, 35765.757799999788404 ], [ 29486.701200000010431, 35865.445299999788404 ], [ 29480.214800000190735, 35865.871099999174476 ], [ 29480.621100000105798, 35872.105399999767542 ], [ 29453.113300000317395, 35873.902300000190735 ], [ 29453.689500000327826, 35882.734400000423193 ], [ 29487.882799999788404, 35880.5 ], [ 29489.228500000201166, 35901.109400000423193 ], [ 29481.794900000095367, 35901.593699999153614 ], [ 29482.220700000412762, 35908.128900000825524 ], [ 29455.810499999672174, 35909.851500000804663 ], [ 29456.376899999566376, 35918.535099999979138 ], [ 29482.787100000306964, 35916.808599999174476 ], [ 29483.220700000412762, 35923.445299999788404 ], [ 29499.785099999979138, 35922.363299999386072 ], [ 29510.761699999682605, 35921.648399999365211 ], [ 29525.332000000402331, 35920.699200000613928 ], [ 29524.332000000402331, 35905.378900000825524 ], [ 29522.968700000084937, 35898.855499999597669 ], [ 29518.5625, 35899.144500000402331 ], [ 29517.222599999979138, 35878.585899999365211 ], [ 29576.095700000412762, 35874.742200000211596 ], [ 29575.519500000402331, 35865.914000000804663 ], [ 29523.330099999904633, 35869.320299999788404 ], [ 29522.923799999989569, 35863.082000000402331 ], [ 29516.238300000317395, 35863.519500000402331 ], [ 29511.822200000286102, 35795.863299999386072 ], [ 29508.330099999904633, 35796.089800000190735 ], [ 29504.773400000296533, 35741.605399999767542 ] ] ] } },
{ "type": "Feature", "properties": { "TYP_CD": 0, "STN_NAM": null, "ATTACHEMEN": null, "TYP_CD_DES": "MRT", "STN_NAM_DE": "NOVENA MRT STATION" }, "geometry": { "type": "Polygon", "coordinates": [ [ [ 29127.240199999883771, 33559.281199999153614 ], [ 29125.871100000105798, 33560.523399999365211 ], [ 29125.501899999566376, 33560.113299999386072 ], [ 29121.802699999883771, 33563.460899999365211 ], [ 29118.111299999989569, 33559.382799999788404 ], [ 29112.402300000190735, 33564.550799999386072 ], [ 29116.027300000190735, 33568.554700000211596 ], [ 29110.474600000306964, 33573.582000000402331 ], [ 29106.849600000306964, 33569.578099999576807 ], [ 29101.140599999576807, 33574.746099999174476 ], [ 29104.832000000402331, 33578.824200000613928 ], [ 29100.642599999904633, 33582.617200000211596 ], [ 29101.011699999682605, 33583.023399999365211 ], [ 29100.138700000010431, 33583.8125 ], [ 29099.941399999894202, 33587.800799999386072 ], [ 29111.554700000211596, 33600.628900000825524 ], [ 29115.541000000201166, 33600.828099999576807 ], [ 29116.941399999894202, 33599.5625 ], [ 29192.439399999566376, 33682.964800000190735 ], [ 29195.878899999894202, 33679.851500000804663 ], [ 29218.808600000105798, 33705.183599999174476 ], [ 29218.685499999672174, 33707.656199999153614 ], [ 29223.560499999672174, 33713.039000000804663 ], [ 29226.552699999883771, 33713.1875 ], [ 29236.830099999904633, 33703.886700000613928 ], [ 29236.978500000201166, 33700.894500000402331 ], [ 29236.857400000095367, 33700.757799999788404 ], [ 29242.158200000412762, 33695.960899999365211 ], [ 29221.017599999904633, 33672.605399999767542 ], [ 29224.488300000317395, 33669.464800000190735 ], [ 29141.273400000296533, 33577.535099999979138 ], [ 29142.642599999904633, 33576.296900000423193 ], [ 29142.839800000190735, 33572.308599999174476 ], [ 29131.226599999703467, 33559.480399999767542 ], [ 29127.240199999883771, 33559.281199999153614 ] ] ] } },
{ "type": "Feature", "properties": { "TYP_CD": 0, "STN_NAM": null, "ATTACHEMEN": "CC10_MPS STN.zip", "TYP_CD_DES": "MRT", "STN_NAM_DE": "MACPHERSON MRT STATION" }, "geometry": { "type": "Polygon", "coordinates": [ [ [ 34310.588600000366569, 34386.875800000503659 ], [ 34335.817099999636412, 34391.7804000005126 ], [ 34337.758799999952316, 34382.83669999986887 ], [ 34354.85120000038296, 34386.159600000828505 ], [ 34356.75, 34376.392400000244379 ], [ 34349.682500000111759, 34375.018100000917912 ], [ 34348.654500000178814, 34373.494000000879169 ], [ 34344.280100000090897, 34372.643699999898672 ], [ 34339.9057, 34371.793400000780821 ], [ 34344.046799999661744, 34350.49239999987185 ], [ 34344.243400000035763, 34350.530600000172853 ], [ 34346.087600000202656, 34341.044600000604987 ], [ 34347.931900000199676, 34331.558599999174476 ], [ 34348.913499999791384, 34331.749399999156594 ], [ 34349.893199999816716, 34326.709699999541044 ], [ 34359.789900000207126, 34330.748800000175834 ], [ 34364.536700000055134, 34306.332100000232458 ], [ 34354.640100000426173, 34302.292999999597669 ], [ 34355.71239999961108, 34296.777200000360608 ], [ 34354.730800000019372, 34296.586300000548363 ], [ 34355.550599999725819, 34292.369400000199676 ], [ 34366.03870000038296, 34294.408399999141693 ], [ 34371.130199999548495, 34268.218900000676513 ], [ 34376.221699999645352, 34242.029500000178814 ], [ 34386.549599999561906, 34235.063699999824166 ], [ 34390.901899999938905, 34236.050000000745058 ], [ 34392.974799999967217, 34226.910900000482798 ], [ 34369.12430000025779, 34221.499600000679493 ], [ 34375.286899999715388, 34189.800799999386072 ], [ 34331.162899999879301, 34181.222500000149012 ], [ 34329.254399999976158, 34191.038699999451637 ], [ 34330.33420000039041, 34191.248700000345707 ], [ 34327.2045, 34207.347400000318885 ], [ 34331.0329, 34208.091600000858307 ], [ 34326.611899999901652, 34230.832399999722838 ], [ 34332.896200000308454, 34245.792799999937415 ], [ 34328.211600000038743, 34269.889399999752641 ], [ 34332.949500000104308, 34270.810499999672174 ], [ 34329.890999999828637, 34286.542799999937415 ], [ 34328.909400000236928, 34286.351999999955297 ], [ 34327.92960000038147, 34291.391799999400973 ], [ 34319.458499999716878, 34287.934499999508262 ], [ 34314.94510000012815, 34311.150100000202656 ], [ 34293.166899999603629, 34302.261900000274181 ], [ 34279.021999999880791, 34324.501900000497699 ], [ 34283.28760000038892, 34327.216099999845028 ], [ 34276.030100000090897, 34338.627299999818206 ], [ 34283.519899999722838, 34343.39130000025034 ], [ 34291.009600000455976, 34348.155200000852346 ], [ 34298.536000000312924, 34352.942199999466538 ], [ 34306.0625, 34357.729100000113249 ], [ 34303.472299999557436, 34371.051999999210238 ], [ 34313.293800000101328, 34372.961300000548363 ], [ 34310.588600000366569, 34386.875800000503659 ] ] ] } },
{ "type": "Feature", "properties": { "TYP_CD": 0, "STN_NAM": null, "ATTACHEMEN": "C504_S_CGA_MAIN_A_R19_P2.zip", "TYP_CD_DES": "MRT", "STN_NAM_DE": "EXPO MRT STATION" }, "geometry": { "type": "Polygon", "coordinates": [ [ [ 42293.702899999916553, 35208.134600000455976 ], [ 42293.703599999658763, 35208.131100000813603 ], [ 42296.309899999760091, 35208.642500000074506 ], [ 42295.74239999987185, 35211.562899999320507 ], [ 42309.832000000402331, 35214.300599999725819 ], [ 42316.041699999943376, 35223.505599999800324 ], [ 42315.710099999792874, 35223.729299999773502 ], [ 42325.593999999575317, 35238.380499999970198 ], [ 42318.729399999603629, 35242.757799999788404 ], [ 42324.347000000067055, 35251.567399999126792 ], [ 42331.282999999821186, 35247.162499999627471 ], [ 42351.601999999955297, 35277.29079999960959 ], [ 42318.385499999858439, 35299.698899999260902 ], [ 42313.868900000117719, 35295.022399999201298 ], [ 42311.818900000303984, 35297.002299999818206 ], [ 42304.599100000225008, 35289.527100000530481 ], [ 42294.892500000074506, 35298.901900000870228 ], [ 42301.43709999974817, 35310.95160000026226 ], [ 42295.85080000013113, 35314.720100000500679 ], [ 42327.501899999566376, 35361.637800000607967 ], [ 42337.403500000014901, 35354.958100000396371 ], [ 42338.702399999834597, 35356.883500000461936 ], [ 42346.102900000289083, 35353.587899999693036 ], [ 42344.5625, 35350.128599999472499 ], [ 42350.672399999573827, 35346.006699999794364 ], [ 42350.560600000433624, 35345.840900000184774 ], [ 42365.946800000034273, 35335.461300000548363 ], [ 42359.280500000342727, 35325.579600000753999 ], [ 42358.31940000038594, 35326.228000000119209 ], [ 42358.207499999552965, 35326.06220000050962 ], [ 42355.886400000192225, 35327.628100000321865 ], [ 42355.998200000263751, 35327.793899999931455 ], [ 42346.240600000135601, 35334.37639999948442 ], [ 42346.128899999894202, 35334.210899999365211 ], [ 42343.807699999772012, 35335.776799999177456 ], [ 42343.749499999918044, 35335.816099999472499 ], [ 42340.175699999555945, 35330.518500000238419 ], [ 42379.980100000277162, 35303.666200000792742 ], [ 42373.017400000244379, 35293.345100000500679 ], [ 42400.519500000402331, 35274.791999999433756 ], [ 42456.467600000090897, 35237.049100000411272 ], [ 42432.839200000278652, 35202.023800000548363 ], [ 42426.091099999845028, 35206.576099999248981 ], [ 42423.652800000272691, 35202.96169999986887 ], [ 42407.107099999673665, 35214.123500000685453 ], [ 42412.649299999698997, 35222.338899999856949 ], [ 42385.466400000266731, 35240.676699999719858 ], [ 42379.995000000111759, 35244.367799999192357 ], [ 42359.719100000336766, 35258.046000000089407 ], [ 42354.06319999974221, 35249.067600000649691 ], [ 42350.00870000012219, 35245.246400000527501 ], [ 42339.711799999698997, 35229.982999999076128 ], [ 42339.546000000089407, 35230.094900000840425 ], [ 42329.847900000400841, 35215.719000000506639 ], [ 42329.517099999822676, 35215.943800000473857 ], [ 42329.09389999974519, 35215.316400000825524 ], [ 42335.46030000038445, 35211.021600000560284 ], [ 42335.730399999767542, 35209.633300000801682 ], [ 42330.825699999928474, 35202.362800000235438 ], [ 42330.908599999733269, 35202.306900000199676 ], [ 42324.124900000169873, 35192.2511 ], [ 42319.5614, 35185.486500000581145 ], [ 42315.200899999588728, 35188.428099999204278 ], [ 42317.326000000350177, 35191.578299999237061 ], [ 42299.858099999837577, 35203.362299999222159 ], [ 42293.132000000216067, 35202.055400000885129 ], [ 42292.401399999856949, 35205.815099999308586 ], [ 42294.089800000190735, 35206.143200000748038 ], [ 42293.702899999916553, 35208.134600000455976 ] ] ] } },
{ "type": "Feature", "properties": { "TYP_CD": 0, "STN_NAM": null, "ATTACHEMEN": "C502_S_XPO_MAIN_A_R19_P2.zip", "TYP_CD_DES": "MRT", "STN_NAM_DE": "CHANGI AIRPORT MRT STATION" }, "geometry": { "type": "Polygon", "coordinates": [ [ [ 45347.921900000423193, 37629.886700000613928 ], [ 45327.308600000105798, 37638.648399999365211 ], [ 45328.402300000190735, 37641.226500000804663 ], [ 45310.640599999576807, 37648.777300000190735 ], [ 45318.964800000190735, 37668.355499999597669 ], [ 45218.835900000296533, 37710.921900000423193 ], [ 45207.656200000084937, 37684.625 ], [ 45152.714800000190735, 37707.980499999597669 ], [ 45163.816399999894202, 37734.093699999153614 ], [ 45143.476599999703467, 37742.738299999386072 ], [ 45158.636699999682605, 37778.402300000190735 ], [ 45178.97649999987334, 37769.753900000825524 ], [ 45180.972599999979138, 37774.449200000613928 ], [ 45186.402300000190735, 37772.140599999576807 ], [ 45187.976599999703467, 37775.843699999153614 ], [ 45237.488300000317395, 37754.796900000423193 ], [ 45233.839800000190735, 37746.214800000190735 ], [ 45344.296900000423193, 37699.257799999788404 ], [ 45347.742200000211596, 37707.355399999767542 ], [ 45372.335900000296533, 37696.902300000190735 ], [ 45368.992200000211596, 37689.035099999979138 ], [ 45377.503899999894202, 37685.417899999767542 ], [ 45362.433600000105798, 37649.9375 ], [ 45357.363300000317395, 37652.089800000190735 ], [ 45347.921900000423193, 37629.886700000613928 ] ] ] } },
{ "type": "Feature", "properties": { "TYP_CD": 0, "STN_NAM": null, "ATTACHEMEN": "C306_S_SIM_MAIN_A_R19_P3.zip", "TYP_CD_DES": "MRT", "STN_NAM_DE": "SIMEI MRT STATION" }, "geometry": { "type": "Polygon", "coordinates": [ [ [ 41399.367200000211596, 36075.816400000825524 ], [ 41349.359400000423193, 36136.832000000402331 ], [ 41322.535099999979138, 36169.558599999174476 ], [ 41296.269500000402331, 36201.609400000423193 ], [ 41301.359299999661744, 36205.773399999365211 ], [ 41323.179700000211596, 36223.625 ], [ 41426.03899999987334, 36098.1875 ], [ 41399.367200000211596, 36075.816400000825524 ] ] ] } },
{ "type": "Feature", "properties": { "TYP_CD": 0, "STN_NAM": null, "ATTACHEMEN": "C305_S_TNM_MAIN_A_R19_P3.zip", "TYP_CD_DES": "MRT", "STN_NAM_DE": "TANAH MERAH MRT STATION" }, "geometry": { "type": "Polygon", "coordinates": [ [ [ 40524.6875, 34337.878900000825524 ], [ 40518.210900000296533, 34355.714800000190735 ], [ 40514.449199999682605, 34366.070299999788404 ], [ 40510.945299999788404, 34375.726600000634789 ], [ 40647.621100000105798, 34425.191400000825524 ], [ 40680.878899999894202, 34437.230499999597669 ], [ 40679.703099999576807, 34436.281199999153614 ], [ 40679.03899999987334, 34434.929700000211596 ], [ 40679.058600000105798, 34431.191400000825524 ], [ 40680.621100000105798, 34426.882799999788404 ], [ 40684.371100000105798, 34416.570299999788404 ], [ 40689.9375, 34401.257799999788404 ], [ 40690.550800000317395, 34400.707000000402331 ], [ 40691.484400000423193, 34399.867200000211596 ], [ 40692.167999999597669, 34399.542899999767542 ], [ 40693.367200000211596, 34398.976600000634789 ], [ 40694.734400000423193, 34399.023399999365211 ], [ 40692.363300000317395, 34398.164100000634789 ], [ 40640.632799999788404, 34379.386700000613928 ], [ 40605.378899999894202, 34366.593699999153614 ], [ 40588.882799999788404, 34360.609400000423193 ], [ 40581.214800000190735, 34357.824200000613928 ], [ 40524.6875, 34337.878900000825524 ] ] ] } },
{ "type": "Feature", "properties": { "TYP_CD": 0, "STN_NAM": null, "ATTACHEMEN": null, "TYP_CD_DES": "MRT", "STN_NAM_DE": "BEDOK MRT STATION" }, "geometry": { "type": "Polygon", "coordinates": [ [ [ 38705.800800000317395, 34003.199200000613928 ], [ 38702.824199999682605, 34003.589800000190735 ], [ 38699.058600000105798, 34005.882799999788404 ], [ 38697.156200000084937, 34009.574200000613928 ], [ 38694.867200000211596, 34021.332000000402331 ], [ 38694.878899999894202, 34025.925799999386072 ], [ 38696.609400000423193, 34028.652300000190735 ], [ 38699.761699999682605, 34030.421800000593066 ], [ 38705.324199999682605, 34031.828099999576807 ], [ 38735.617200000211596, 34036.464800000190735 ], [ 38766.8125, 34041.058599999174476 ], [ 38797.933600000105798, 34045.417999999597669 ], [ 38813.394500000402331, 34047.375 ], [ 38828.945299999788404, 34048.820299999788404 ], [ 38859.949199999682605, 34051.183599999174476 ], [ 38862.6875, 34050.324200000613928 ], [ 38862.363300000317395, 34050.269500000402331 ], [ 38864.695299999788404, 34048.101600000634789 ], [ 38865.835900000296533, 34045.640599999576807 ], [ 38867.371100000105798, 34034.210899999365211 ], [ 38866.691399999894202, 34031.632799999788404 ], [ 38865.261699999682605, 34028.917999999597669 ], [ 38863.089800000190735, 34027.410099999979138 ], [ 38842.894500000402331, 34024.531199999153614 ], [ 38842.449199999682605, 34024.460899999365211 ], [ 38823.199199999682605, 34021.363299999386072 ], [ 38822.769500000402331, 34021.292999999597669 ], [ 38803.203099999576807, 34018.054700000211596 ], [ 38802.78899999987334, 34017.984300000593066 ], [ 38757.617200000211596, 34010.253900000825524 ], [ 38757.226599999703467, 34010.195299999788404 ], [ 38731.765599999576807, 34006.378900000825524 ], [ 38731.394500000402331, 34006.332000000402331 ], [ 38705.800800000317395, 34003.199200000613928 ] ] ] } },
{ "type": "Feature", "properties": { "TYP_CD": 0, "STN_NAM": null, "ATTACHEMEN": null, "TYP_CD_DES": "MRT", "STN_NAM_DE": "REDHILL MRT STATION" }, "geometry": { "type": "Polygon", "coordinates": [ [ [ 26211.794900000095367, 30170.638699999079108 ], [ 26208.632799999788404, 30173.074200000613928 ], [ 26189.041000000201166, 30188.169900000095367 ], [ 26160.802699999883771, 30208.923800000920892 ], [ 26131.658200000412762, 30228.419900000095367 ], [ 26122.841799999587238, 30233.742200000211596 ], [ 26101.654299999587238, 30246.53319999948144 ], [ 26093.310499999672174, 30251.402300000190735 ], [ 26081.902300000190735, 30258.054700000211596 ], [ 26085.839800000190735, 30265.951099999248981 ], [ 26088.16399999987334, 30269.035099999979138 ], [ 26091.316399999894202, 30271.267599999904633 ], [ 26094.992200000211596, 30272.445299999788404 ], [ 26098.853500000201166, 30272.464800000190735 ], [ 26102.541000000201166, 30271.314400000497699 ], [ 26131.580099999904633, 30257.644500000402331 ], [ 26134.333999999798834, 30256.906199999153614 ], [ 26154.777300000190735, 30254.943299999460578 ], [ 26153.501899999566376, 30241.742200000211596 ], [ 26228.60149999987334, 30206.412100000306964 ], [ 26211.794900000095367, 30170.638699999079108 ] ] ] } },
{ "type": "Feature", "properties": { "TYP_CD": 0, "STN_NAM": null, "ATTACHEMEN": null, "TYP_CD_DES": "LRT", "STN_NAM_DE": "CORAL EDGE LRT STATION" }, "geometry": { "type": "Polygon", "coordinates": [ [ [ 36786.933899999596179, 41775.31279999949038 ], [ 36796.395999999716878, 41786.960200000554323 ], [ 36850.918100000359118, 41742.588500000536442 ], [ 36841.419599999673665, 41730.968399999663234 ], [ 36786.933899999596179, 41775.31279999949038 ] ] ] } },
{ "type": "Feature", "properties": { "TYP_CD": 0, "STN_NAM": null, "ATTACHEMEN": null, "TYP_CD_DES": "MRT", "STN_NAM_DE": "CLEMENTI MRT STATION" }, "geometry": { "type": "Polygon", "coordinates": [ [ [ 20443.365199999883771, 32968.703099999576807 ], [ 20384.1875, 33104.117200000211596 ], [ 20402.054700000211596, 33111.925799999386072 ], [ 20461.279299999587238, 32976.507799999788404 ], [ 20443.365199999883771, 32968.703099999576807 ] ] ] } },
{ "type": "Feature", "properties": { "TYP_CD": 0, "STN_NAM": null, "ATTACHEMEN": null, "TYP_CD_DES": "MRT", "STN_NAM_DE": "BUKIT BATOK MRT STATION" }, "geometry": { "type": "Polygon", "coordinates": [ [ [ 18649.015599999576807, 36707.882799999788404 ], [ 18626.371100000105798, 36721.441400000825524 ], [ 18626.322200000286102, 36721.472599999979138 ], [ 18605.480499999597669, 36737.601500000804663 ], [ 18618.173799999989569, 36736.621099999174476 ], [ 18636.115199999883771, 36761.027300000190735 ], [ 18637.6875, 36759.875 ], [ 18686.021499999798834, 36824.988299999386072 ], [ 18680.642599999904633, 36828.917999999597669 ], [ 18708.310499999672174, 36866.230499999597669 ], [ 18708.521499999798834, 36868.953099999576807 ], [ 18707.203099999576807, 36871.355499999597669 ], [ 18734.773400000296533, 36850.824200000613928 ], [ 18737.917999999597669, 36848.484400000423193 ], [ 18713.962899999693036, 36816.226500000804663 ], [ 18659.867200000211596, 36743.375 ], [ 18661.318400000222027, 36742.3125 ], [ 18643.152300000190735, 36717.777300000190735 ], [ 18649.015599999576807, 36707.882799999788404 ] ] ] } },
{ "type": "Feature", "properties": { "TYP_CD": 0, "STN_NAM": null, "ATTACHEMEN": null, "TYP_CD_DES": "LRT", "STN_NAM_DE": "OASIS LRT STATION" }, "geometry": { "type": "Polygon", "coordinates": [ [ [ 36804.21059999987483, 42715.581599999219179 ], [ 36857.447999999858439, 42677.582000000402331 ], [ 36848.810899999924004, 42665.416500000283122 ], [ 36795.540500000119209, 42703.385299999266863 ], [ 36804.21059999987483, 42715.581599999219179 ] ] ] } },
{ "type": "Feature", "properties": { "TYP_CD": 0, "STN_NAM": null, "ATTACHEMEN": null, "TYP_CD_DES": "LRT", "STN_NAM_DE": "NIBONG LRT STATION" }, "geometry": { "type": "Polygon", "coordinates": [ [ [ 35462.737499999813735, 43762.785499999299645 ], [ 35475.968700000084937, 43755.703199999406934 ], [ 35445.169800000265241, 43697.972100000828505 ], [ 35431.977500000037253, 43704.984099999070168 ], [ 35462.737499999813735, 43762.785499999299645 ] ] ] } },
{ "type": "Feature", "properties": { "TYP_CD": 0, "STN_NAM": null, "ATTACHEMEN": null, "TYP_CD_DES": "LRT", "STN_NAM_DE": "MERIDIAN LRT STATION" }, "geometry": { "type": "Polygon", "coordinates": [ [ [ 36451.432099999859929, 42067.6402000002563 ], [ 36441.949799999594688, 42056.011499999091029 ], [ 36391.224700000137091, 42097.306700000539422 ], [ 36400.723100000061095, 42108.95890000090003 ], [ 36451.432099999859929, 42067.6402000002563 ] ] ] } },
{ "type": "Feature", "properties": { "TYP_CD": 0, "STN_NAM": null, "ATTACHEMEN": null, "TYP_CD_DES": "MRT", "STN_NAM_DE": "BUKIT GOMBAK MRT STATION" }, "geometry": { "type": "Polygon", "coordinates": [ [ [ 18959.718700000084937, 37791.347599999979138 ], [ 18959.335900000296533, 37791.445299999788404 ], [ 18954.441399999894202, 37792.707000000402331 ], [ 18954.056599999777973, 37792.804700000211596 ], [ 18943.056599999777973, 37796.191400000825524 ], [ 18942.677699999883771, 37796.304700000211596 ], [ 18922.039099999703467, 37795.492200000211596 ], [ 18921.802699999883771, 37801.992200000211596 ], [ 18921.417999999597669, 37802.089800000190735 ], [ 18911.128899999894202, 37804.718699999153614 ], [ 18907.013700000010431, 37812.925799999386072 ], [ 18912.007799999788404, 37828.324200000613928 ], [ 18915.132799999788404, 37841.332000000402331 ], [ 18917.226599999703467, 37854.546900000423193 ], [ 18918.275399999693036, 37867.882799999788404 ], [ 18918.259800000116229, 37881.261700000613928 ], [ 18916.283200000412762, 37930.949200000613928 ], [ 18961.593700000084937, 37932.894500000402331 ], [ 18967.167999999597669, 37793.457000000402331 ], [ 18959.718700000084937, 37791.347599999979138 ] ] ] } },
{ "type": "Feature", "properties": { "TYP_CD": 0, "STN_NAM": null, "ATTACHEMEN": null, "TYP_CD_DES": "MRT", "STN_NAM_DE": "EUNOS MRT STATION" }, "geometry": { "type": "Polygon", "coordinates": [ [ [ 35704.574199999682605, 33519.792999999597669 ], [ 35698.78899999987334, 33564.308599999174476 ], [ 35697.945299999788404, 33570.808599999174476 ], [ 35714.832000000402331, 33573.003900000825524 ], [ 35717.851599999703467, 33574.480499999597669 ], [ 35806.699199999682605, 33584.953099999576807 ], [ 35832.5, 33588.261700000613928 ], [ 35832.22649999987334, 33590.335899999365211 ], [ 35867.773400000296533, 33594.929700000211596 ], [ 35868.375, 33590.058599999174476 ], [ 35869.171900000423193, 33583.628900000825524 ], [ 35869.621100000105798, 33580.003900000825524 ], [ 35900.523400000296533, 33583.773399999365211 ], [ 35931.488300000317395, 33586.890599999576807 ], [ 35962.4375, 33589.503900000825524 ], [ 35961.550800000317395, 33580.722599999979138 ], [ 35916.113300000317395, 33576.570299999788404 ], [ 35870.671900000423193, 33571.316400000825524 ], [ 35873.457000000402331, 33548.757799999788404 ], [ 35782.019500000402331, 33536.878900000825524 ], [ 35782.984400000423193, 33529.886700000613928 ], [ 35704.574199999682605, 33519.792999999597669 ] ] ] } },
{ "type": "Feature", "properties": { "TYP_CD": 0, "STN_NAM": null, "ATTACHEMEN": null, "TYP_CD_DES": "MRT", "STN_NAM_DE": "CHINESE GARDEN MRT STATION" }, "geometry": { "type": "Polygon", "coordinates": [ [ [ 16877.326100000180304, 35959.203099999576807 ], [ 16739.804700000211596, 36059.582000000402331 ], [ 16741.345700000412762, 36061.664100000634789 ], [ 16753.349600000306964, 36077.890599999576807 ], [ 16727.197300000116229, 36097.269500000402331 ], [ 16740.281200000084937, 36114.855399999767542 ], [ 16903.351599999703467, 35994.179700000211596 ], [ 16877.326100000180304, 35959.203099999576807 ] ] ] } },
{ "type": "Feature", "properties": { "TYP_CD": 0, "STN_NAM": null, "ATTACHEMEN": null, "TYP_CD_DES": "LRT", "STN_NAM_DE": "KADALOOR LRT STATION" }, "geometry": { "type": "Polygon", "coordinates": [ [ [ 37278.277200000360608, 42376.288699999451637 ], [ 37269.524699999950826, 42364.144799999892712 ], [ 37212.283800000324845, 42404.919600000604987 ], [ 37221.029500000178814, 42417.043899999931455 ], [ 37278.277200000360608, 42376.288699999451637 ] ] ] } },
{ "type": "Feature", "properties": { "TYP_CD": 0, "STN_NAM": null, "ATTACHEMEN": null, "TYP_CD_DES": "LRT", "STN_NAM_DE": "CHENG LIM LRT STATION" }, "geometry": { "type": "Polygon", "coordinates": [ [ [ 34769.367200000211596, 41999.542899999767542 ], [ 34711.691399999894202, 42017.492200000211596 ], [ 34716.210900000296533, 42031.886700000613928 ], [ 34773.882799999788404, 42013.929700000211596 ], [ 34769.367200000211596, 41999.542899999767542 ] ] ] } },
{ "type": "Feature", "properties": { "TYP_CD": 0, "STN_NAM": null, "ATTACHEMEN": null, "TYP_CD_DES": "LRT", "STN_NAM_DE": "SAM KEE LRT STATION" }, "geometry": { "type": "Polygon", "coordinates": [ [ [ 35978.925400000065565, 43528.214800000190735 ], [ 35991.982699999585748, 43521.574699999764562 ], [ 35980.654699999839067, 43501.182700000703335 ], [ 35972.414900000207126, 43486.350099999457598 ], [ 35955.578999999910593, 43456.691299999132752 ], [ 35954.806599999777973, 43455.919800000265241 ], [ 35953.523900000378489, 43454.920199999585748 ], [ 35951.11089999973774, 43453.690300000831485 ], [ 35947.917799999937415, 43453.056399999186397 ], [ 35945.749900000169873, 43453.230499999597669 ], [ 35943.161899999715388, 43454.020800000056624 ], [ 35933.740799999795854, 43459.0777000002563 ], [ 35931.738300000317395, 43460.545299999415874 ], [ 35929.946399999782443, 43462.585100000724196 ], [ 35928.516800000332296, 43465.407800000160933 ], [ 35928.140300000086427, 43467.63539999909699 ], [ 35928.247499999590218, 43470.837600000202656 ], [ 35928.988599999807775, 43472.972500000149012 ], [ 35953.642300000414252, 43517.807600000873208 ], [ 35963.673100000247359, 43535.971100000664592 ], [ 35968.638799999840558, 43533.445299999788404 ], [ 35978.925400000065565, 43528.214800000190735 ] ] ] } },
{ "type": "Feature", "properties": { "TYP_CD": 0, "STN_NAM": null, "ATTACHEMEN": null, "TYP_CD_DES": "MRT", "STN_NAM_DE": "KRANJI MRT STATION" }, "geometry": { "type": "Polygon", "coordinates": [ [ [ 19988.777300000190735, 45148.820299999788404 ], [ 19969.949199999682605, 45176.292999999597669 ], [ 19982.822300000116229, 45185.523399999365211 ], [ 20010.130900000222027, 45206.347599999979138 ], [ 20020.359400000423193, 45210.406199999153614 ], [ 20024.466799999587238, 45212.894500000402331 ], [ 20107.066399999894202, 45269.707000000402331 ], [ 20115.679700000211596, 45286.808599999174476 ], [ 20136.990199999883771, 45303.058599999174476 ], [ 20156.146499999798834, 45291.070299999788404 ], [ 20188.955099999904633, 45270.289000000804663 ], [ 20116.041000000201166, 45220.160099999979138 ], [ 20129.304700000211596, 45200.726500000804663 ], [ 20065.236299999989569, 45156.695299999788404 ], [ 20044.318300000391901, 45186.875 ], [ 20006.16399999987334, 45160.734400000423193 ], [ 19988.777300000190735, 45148.820299999788404 ] ] ] } },
{ "type": "Feature", "properties": { "TYP_CD": 0, "STN_NAM": null, "ATTACHEMEN": null, "TYP_CD_DES": "MRT", "STN_NAM_DE": "ANG MO KIO MRT STATION" }, "geometry": { "type": "Polygon", "coordinates": [ [ [ 29843.486299999989569, 39029.832000000402331 ], [ 29829.466799999587238, 39038.523399999365211 ], [ 29826.5, 39043.727900000289083 ], [ 29764.695299999788404, 39152.148399999365211 ], [ 29753.431599999777973, 39171.910099999979138 ], [ 29757.833999999798834, 39174.429700000211596 ], [ 29787.191399999894202, 39191.246099999174476 ], [ 29790.615199999883771, 39185.460899999365211 ], [ 29795.582000000402331, 39176.781199999153614 ], [ 29826.5, 39122.744100000709295 ], [ 29840.027300000190735, 39099.101500000804663 ], [ 29840.85149999987334, 39098.234400000423193 ], [ 29853.195299999788404, 39089.820299999788404 ], [ 29853.656200000084937, 39089.316400000825524 ], [ 29866.027300000190735, 39067.730499999597669 ], [ 29861.095700000412762, 39056.722599999979138 ], [ 29861.328099999576807, 39054.894500000402331 ], [ 29871.388700000010431, 39037.148399999365211 ], [ 29843.486299999989569, 39029.832000000402331 ] ] ] } },
{ "type": "Feature", "properties": { "TYP_CD": 0, "STN_NAM": null, "ATTACHEMEN": null, "TYP_CD_DES": "LRT", "STN_NAM_DE": "RIVIERA LRT STATION" }, "geometry": { "type": "Polygon", "coordinates": [ [ [ 37201.030399999581277, 41815.4057 ], [ 37239.305100000463426, 41868.368000000715256 ], [ 37251.486899999901652, 41859.588500000536442 ], [ 37213.178899999707937, 41806.601399999111891 ], [ 37201.030399999581277, 41815.4057 ] ] ] } },

{ "type": "Feature", "properties": { "TYP_CD": 0, "STN_NAM": null, "ATTACHEMEN": null, "TYP_CD_DES": "LRT", "STN_NAM_DE": "BANGKIT LRT STATION" }, "geometry": { "type": "Polygon", "coordinates": [ [ [ 21258.449199999682605, 40200.667899999767542 ], [ 21243.976599999703467, 40200.671900000423193 ], [ 21241.929700000211596, 40200.671900000423193 ], [ 21240.47649999987334, 40205.75 ], [ 21240.632799999788404, 40239.613299999386072 ], [ 21240.625, 40239.953099999576807 ], [ 21246.951200000010431, 40239.953099999576807 ], [ 21246.951200000010431, 40240.949200000613928 ], [ 21258.464800000190735, 40240.964800000190735 ], [ 21258.457000000402331, 40220.824200000613928 ], [ 21258.449199999682605, 40200.667899999767542 ] ] ] } },
{ "type": "Feature", "properties": { "TYP_CD": 0, "STN_NAM": null, "ATTACHEMEN": "NE1_HBF STN.zip", "TYP_CD_DES": "MRT", "STN_NAM_DE": "HARBOURFRONT MRT STATION" }, "geometry": { "type": "Polygon", "coordinates": [ [ [ 26584.750599999912083, 27512.491699999198318 ], [ 26584.467699999921024, 27516.281099999323487 ], [ 26570.779000000096858, 27515.258400000631809 ], [ 26570.105600000359118, 27524.271999999880791 ], [ 26569.334999999962747, 27524.214400000870228 ], [ 26568.588999999687076, 27534.2027000002563 ], [ 26556.675300000235438, 27534.210500000044703 ], [ 26554.753899999894202, 27559.949300000444055 ], [ 26558.291000000201166, 27559.886600000783801 ], [ 26564.793499999679625, 27559.756599999964237 ], [ 26571.946100000292063, 27559.886600000783801 ], [ 26577.668300000019372, 27559.886600000783801 ], [ 26586.77170000039041, 27560.276699999347329 ], [ 26592.233799999579787, 27560.276699999347329 ], [ 26599.256400000303984, 27560.796900000423193 ], [ 26606.173799999989569, 27561.375499999150634 ], [ 26619.384499999694526, 27562.361800000071526 ], [ 26635.25899999961257, 27563.547100000083447 ], [ 26635.05350000038743, 27566.299200000241399 ], [ 26636.02240000013262, 27567.424499999731779 ], [ 26635.955400000326335, 27568.322000000625849 ], [ 26639.844600000418723, 27568.612400000914931 ], [ 26637.150600000284612, 27604.693900000303984 ], [ 26601.614099999889731, 27607.750800000503659 ], [ 26597.923100000247359, 27604.651100000366569 ], [ 26573.615100000053644, 27606.767899999395013 ], [ 26573.908200000412762, 27610.134099999442697 ], [ 26566.190700000151992, 27610.798000000417233 ], [ 26566.954900000244379, 27619.574100000783801 ], [ 26642.0614, 27613.033800000324845 ], [ 26645.924999999813735, 27613.199799999594688 ], [ 26677.114199999719858, 27615.528500000014901 ], [ 26677.752600000239909, 27606.977600000798702 ], [ 26648.654699999839067, 27604.805099999532104 ], [ 26651.363900000229478, 27568.519600000232458 ], [ 26666.27240000013262, 27569.632799999788404 ], [ 26666.552299999631941, 27565.88370000012219 ], [ 26729.527099999599159, 27570.585699999704957 ], [ 26729.325699999928474, 27573.282800000160933 ], [ 26725.44649999961257, 27572.993200000375509 ], [ 26724.623700000345707, 27584.012099999934435 ], [ 26737.378200000151992, 27584.964800000190735 ], [ 26738.402300000190735, 27571.248400000855327 ], [ 26786.568199999630451, 27574.844799999147654 ], [ 26785.656200000084937, 27587.060499999672174 ], [ 26799.218299999833107, 27588.073100000619888 ], [ 26800.130499999970198, 27575.857300000265241 ], [ 26813.493300000205636, 27576.855299999937415 ], [ 26815.399400000460446, 27551.326199999079108 ], [ 26800.039599999785423, 27550.179400000721216 ], [ 26800.430399999953806, 27544.942999999970198 ], [ 26801.380499999970198, 27545.014000000432134 ], [ 26801.490399999544024, 27543.543600000441074 ], [ 26794.306400000117719, 27543.007099999114871 ], [ 26793.337500000372529, 27541.881899999454618 ], [ 26779.032399999909103, 27540.813799999654293 ], [ 26780.254700000397861, 27524.459599999710917 ], [ 26732.933699999935925, 27520.92369999922812 ], [ 26732.455500000156462, 27527.333399999886751 ], [ 26608.301300000399351, 27518.061699999496341 ], [ 26604.794700000435114, 27513.989099999889731 ], [ 26584.750599999912083, 27512.491699999198318 ] ] ] } },
{ "type": "Feature", "properties": { "TYP_CD": 0, "STN_NAM": null, "ATTACHEMEN": "CE2_MRB STN.zip", "TYP_CD_DES": "MRT", "STN_NAM_DE": "MARINA BAY MRT STATION" }, "geometry": { "type": "Polygon", "coordinates": [ [ [ 30397.786000000312924, 28652.085899999365211 ], [ 30381.987399999983609, 28746.779799999669194 ], [ 30401.532200000248849, 28750.040699999779463 ], [ 30401.055800000205636, 28752.895999999716878 ], [ 30410.408499999903142, 28754.566800000146031 ], [ 30411.362499999813735, 28748.848400000482798 ], [ 30422.314500000327826, 28750.675599999725819 ], [ 30446.362900000065565, 28787.994699999690056 ], [ 30467.953300000168383, 28774.081800000742078 ], [ 30492.918899999931455, 28757.994200000539422 ], [ 30480.379200000315905, 28738.534600000828505 ], [ 30482.481200000271201, 28737.18129999935627 ], [ 30480.315999999642372, 28733.817999999970198 ], [ 30478.212500000372529, 28735.172199999913573 ], [ 30475.2045, 28730.504499999806285 ], [ 30475.503499999642372, 28729.122199999168515 ], [ 30424.914499999955297, 28650.616200000047684 ], [ 30423.532200000248849, 28650.317299999296665 ], [ 30409.392900000326335, 28628.375399999320507 ], [ 30409.224799999967217, 28628.48369999974966 ], [ 30403.158099999651313, 28619.069099999964237 ], [ 30384.32880000025034, 28631.202600000426173 ], [ 30397.786000000312924, 28652.085899999365211 ] ] ] } },
{ "type": "Feature", "properties": { "TYP_CD": 0, "STN_NAM": null, "ATTACHEMEN": "CC9_PYL STN.zip", "TYP_CD_DES": "MRT", "STN_NAM_DE": "PAYA LEBAR MRT STATION" }, "geometry": { "type": "Polygon", "coordinates": [ [ [ 34495.599700000137091, 33384.436300000175834 ], [ 34529.353699999861419, 33388.669800000265241 ], [ 34530.389000000432134, 33388.497400000691414 ], [ 34549.416500000283122, 33390.883799999952316 ], [ 34552.582799999974668, 33394.959599999710917 ], [ 34551.481499999761581, 33403.740499999374151 ], [ 34557.335699999704957, 33404.474700000137091 ], [ 34560.732900000177324, 33377.387199999764562 ], [ 34559.294300000183284, 33377.206800000742078 ], [ 34560.140599999576807, 33370.459699999541044 ], [ 34569.796299999579787, 33371.670800000429153 ], [ 34571.328499999828637, 33361.366499999538064 ], [ 34573.9534, 33341.480699999257922 ], [ 34575.031600000336766, 33332.652100000530481 ], [ 34592.346099999733269, 33344.283700000494719 ], [ 34609.660500000230968, 33355.917099999263883 ], [ 34612.002199999988079, 33352.431900000199676 ], [ 34618.658300000242889, 33356.904200000688434 ], [ 34623.538900000043213, 33349.640300000086427 ], [ 34600.136900000274181, 33333.916600000113249 ], [ 34576.735000000335276, 33318.192999999970198 ], [ 34581.321700000204146, 33281.533900000154972 ], [ 34586.409500000067055, 33241.276000000536442 ], [ 34589.374699999578297, 33218.485400000587106 ], [ 34589.596900000236928, 33216.679999999701977 ], [ 34595.113599999807775, 33217.371899999678135 ], [ 34597.472000000067055, 33198.569299999624491 ], [ 34571.781299999915063, 33195.347100000828505 ], [ 34546.090599999763072, 33192.124900000169873 ], [ 34545.582999999634922, 33205.304700000211596 ], [ 34537.289200000464916, 33204.985400000587106 ], [ 34533.042399999685585, 33204.82179999910295 ], [ 34532.512199999764562, 33218.589900000020862 ], [ 34549.290300000458956, 33232.083300000056624 ], [ 34535.682400000281632, 33340.872800000011921 ], [ 34531.154099999926984, 33375.557499999180436 ], [ 34530.742899999953806, 33378.664899999275804 ], [ 34496.856499999761581, 33374.414899999275804 ], [ 34495.599700000137091, 33384.436300000175834 ] ] ] } },
{ "type": "Feature", "properties": { "TYP_CD": 0, "STN_NAM": null, "ATTACHEMEN": "CC8_DKT STN.zip", "TYP_CD_DES": "MRT", "STN_NAM_DE": "DAKOTA MRT STATION" }, "geometry": { "type": "Polygon", "coordinates": [ [ [ 34055.075000000186265, 32290.624099999666214 ], [ 34171.518500000238419, 32310.335400000214577 ], [ 34168.543399999849498, 32327.910599999129772 ], [ 34182.839900000020862, 32330.330600000917912 ], [ 34192.099299999885261, 32343.363500000908971 ], [ 34213.195299999788404, 32346.934599999338388 ], [ 34214.259499999694526, 32348.433700000867248 ], [ 34238.701999999582767, 32352.570800000801682 ], [ 34239.870299999602139, 32345.668999999761581 ], [ 34237.809200000017881, 32345.320000000298023 ], [ 34241.719700000248849, 32322.218800000846386 ], [ 34244.677699999883771, 32322.719599999487 ], [ 34248.992200000211596, 32297.232100000604987 ], [ 34149.112900000065565, 32280.324799999594688 ], [ 34151.879399999976158, 32263.982400000095367 ], [ 34142.907100000418723, 32262.463600000366569 ], [ 34142.986399999819696, 32261.995200000703335 ], [ 34116.019999999552965, 32257.430400000885129 ], [ 34113.174399999901652, 32274.24129999987781 ], [ 34094.810499999672174, 32271.132699999958277 ], [ 34095.241100000217557, 32268.588600000366569 ], [ 34091.80420000012964, 32263.422800000756979 ], [ 34075.283300000242889, 32260.626199999824166 ], [ 34073.85190000012517, 32257.613800000399351 ], [ 34074.88150000013411, 32251.531700000166893 ], [ 34065.120400000363588, 32249.879399999976158 ], [ 34065.193699999712408, 32249.445900000631809 ], [ 34059.376600000075996, 32248.460500000044703 ], [ 34058.078300000168383, 32256.130300000309944 ], [ 34059.293300000019372, 32265.704500000923872 ], [ 34055.075000000186265, 32290.624099999666214 ] ] ] } },
{ "type": "Feature", "properties": { "TYP_CD": 0, "STN_NAM": null, "ATTACHEMEN": null, "TYP_CD_DES": "MRT", "STN_NAM_DE": "KING ALBERT PARK MRT STATION" }, "geometry": { "type": "Polygon", "coordinates": [ [ [ 22507.279099999926984, 35325.871600000187755 ], [ 22546.402400000020862, 35312.011800000444055 ], [ 22548.410500000230968, 35311.300400000065565 ], [ 22551.67200000025332, 35320.506899999454618 ], [ 22554.933500000275671, 35329.713400000706315 ], [ 22558.194899999536574, 35338.919900000095367 ], [ 22561.456399999558926, 35348.126299999654293 ], [ 22563.425599999725819, 35353.685000000521541 ], [ 22564.293800000101328, 35356.135700000450015 ], [ 22565.161999999545515, 35358.586500000208616 ], [ 22570.305100000463426, 35356.764499999582767 ], [ 22575.448099999688566, 35354.942600000649691 ], [ 22580.591199999675155, 35353.120600000023842 ], [ 22585.734299999661744, 35351.298599999397993 ], [ 22584.866100000217557, 35348.847899999469519 ], [ 22583.997899999842048, 35346.397099999710917 ], [ 22583.129700000397861, 35343.946299999952316 ], [ 22582.261500000022352, 35341.495600000023842 ], [ 22581.546400000341237, 35339.477099999785423 ], [ 22577.358500000089407, 35327.655600000172853 ], [ 22573.170599999837577, 35315.834100000560284 ], [ 22568.982800000347197, 35304.012499999254942 ], [ 22584.583300000056624, 35298.48589999973774 ], [ 22584.798600000329316, 35299.094100000336766 ], [ 22597.523699999786913, 35294.586100000888109 ], [ 22610.248800000175834, 35290.078099999576807 ], [ 22605.991499999538064, 35278.060599999502301 ], [ 22601.73369999974966, 35266.041699999943376 ], [ 22589.008500000461936, 35270.549699999392033 ], [ 22576.283300000242889, 35275.057700000703335 ], [ 22576.498700000345707, 35275.665699999779463 ], [ 22550.012600000016391, 35285.048599999397993 ], [ 22522.583700000308454, 35294.765599999576807 ], [ 22495.154799999669194, 35304.482499999925494 ], [ 22467.725999999791384, 35314.199400000274181 ], [ 22466.356399999931455, 35310.333300000056624 ], [ 22464.986800000071526, 35306.467299999669194 ], [ 22459.609699999913573, 35300.603000000119209 ], [ 22454.232599999755621, 35294.738800000399351 ], [ 22448.855499999597669, 35288.874500000849366 ], [ 22443.478400000371039, 35283.010299999266863 ], [ 22431.869599999859929, 35287.122800000011921 ], [ 22420.260800000280142, 35291.235300000756979 ], [ 22408.652099999599159, 35295.347799999639392 ], [ 22397.043300000019372, 35299.46030000038445 ], [ 22402.302699999883771, 35314.306500000879169 ], [ 22407.56209999974817, 35329.152599999681115 ], [ 22412.821399999782443, 35343.998800000175834 ], [ 22418.080799999646842, 35358.844900000840425 ], [ 22426.752700000070035, 35355.77280000038445 ], [ 22427.892599999904633, 35354.682000000029802 ], [ 22429.03249999973923, 35353.591099999845028 ], [ 22468.155799999833107, 35339.731399999931455 ], [ 22507.279099999926984, 35325.871600000187755 ] ] ] } },
{ "type": "Feature", "properties": { "TYP_CD": 0, "STN_NAM": null, "ATTACHEMEN": null, "TYP_CD_DES": "MRT", "STN_NAM_DE": "LITTLE INDIA MRT STATION" }, "geometry": { "type": "Polygon", "coordinates": [ [ [ 29643.775600000284612, 32210.007699999958277 ], [ 29645.983199999667704, 32212.674799999222159 ], [ 29646.078900000080466, 32212.790200000628829 ], [ 29647.375, 32211.717399999499321 ], [ 29648.671099999919534, 32210.644500000402331 ], [ 29649.9671, 32209.571699999272823 ], [ 29651.263199999928474, 32208.498800000175834 ], [ 29654.957600000314415, 32212.961899999529123 ], [ 29658.651999999769032, 32217.424900000914931 ], [ 29662.346499999985099, 32221.888000000268221 ], [ 29666.040900000371039, 32226.350999999791384 ], [ 29666.387600000016391, 32226.063999999314547 ], [ 29667.420699999667704, 32227.312100000679493 ], [ 29668.549499999731779, 32228.675699999555945 ], [ 29669.678199999965727, 32230.039200000464916 ], [ 29670.806900000199676, 32231.402799999341369 ], [ 29678.509700000286102, 32225.026499999687076 ], [ 29686.212600000202656, 32218.650200000032783 ], [ 29693.915400000289083, 32212.273900000378489 ], [ 29701.618200000375509, 32205.897600000724196 ], [ 29697.964700000360608, 32199.47069999948144 ], [ 29697.538099999539554, 32198.7204 ], [ 29697.655399999581277, 32198.623299999162555 ], [ 29696.028099999763072, 32195.760600000619888 ], [ 29694.400700000114739, 32192.897900000214577 ], [ 29695.61780000012368, 32192.206000000238419 ], [ 29696.834800000302494, 32191.51410000026226 ], [ 29696.241799999959767, 32190.470899999141693 ], [ 29695.024699999950826, 32191.162799999117851 ], [ 29693.807599999941885, 32191.854699999094009 ], [ 29692.360000000335276, 32189.308100000023842 ], [ 29690.912299999967217, 32186.761499999091029 ], [ 29692.413099999539554, 32185.231200000271201 ], [ 29693.913900000043213, 32183.700799999758601 ], [ 29694.913399999961257, 32184.681099999696016 ], [ 29695.912899999879301, 32185.661399999633431 ], [ 29696.753200000151992, 32184.80460000038147 ], [ 29695.753600000403821, 32183.824300000444055 ], [ 29694.754099999554455, 32182.844100000336766 ], [ 29696.434500000439584, 32181.130599999800324 ], [ 29698.115000000223517, 32179.417099999263883 ], [ 29699.114500000141561, 32180.397299999371171 ], [ 29700.114000000059605, 32181.377599999308586 ], [ 29700.534199999645352, 32180.949200000613928 ], [ 29700.954300000332296, 32180.520800000056624 ], [ 29699.954699999652803, 32179.540599999949336 ], [ 29698.955199999734759, 32178.560300000011921 ], [ 29700.214599999599159, 32177.276100000366569 ], [ 29701.474000000394881, 32175.991900000721216 ], [ 29702.473500000312924, 32176.972200000658631 ], [ 29703.473100000061095, 32177.95240000076592 ], [ 29703.893199999816716, 32177.524100000038743 ], [ 29704.313299999572337, 32177.09569999948144 ], [ 29703.313799999654293, 32176.115399999544024 ], [ 29702.314199999906123, 32175.135199999436736 ], [ 29703.254300000146031, 32174.176000000908971 ], [ 29704.194500000216067, 32173.21680000051856 ], [ 29705.079699999652803, 32174.286199999973178 ], [ 29705.964900000020862, 32175.355599999427795 ], [ 29706.427099999971688, 32174.972999999299645 ], [ 29706.889299999922514, 32174.590399999171495 ], [ 29705.996600000187755, 32173.511900000274181 ], [ 29705.103900000452995, 32172.433499999344349 ], [ 29706.026800000108778, 32171.66950000077486 ], [ 29706.949799999594688, 32170.905500000342727 ], [ 29707.84250000026077, 32171.983999999240041 ], [ 29708.7352, 32173.062400000169873 ], [ 29709.659599999897182, 32172.297199999913573 ], [ 29708.766900000162423, 32171.218800000846386 ], [ 29707.874099999666214, 32170.140300000086427 ], [ 29709.145200000144541, 32169.088199999183416 ], [ 29710.416199999861419, 32168.036100000143051 ], [ 29711.308899999596179, 32169.114499999210238 ], [ 29712.20160000026226, 32170.192999999970198 ], [ 29712.663800000213087, 32169.810399999842048 ], [ 29713.126000000163913, 32169.427799999713898 ], [ 29712.233300000429153, 32168.349300000816584 ], [ 29711.340599999763072, 32167.270899999886751 ], [ 29713.189399999566376, 32165.740499999374151 ], [ 29715.038099999539554, 32164.210100000724196 ], [ 29715.930800000205636, 32165.288599999621511 ], [ 29716.823599999770522, 32166.367000000551343 ], [ 29717.285799999721348, 32165.984400000423193 ], [ 29717.747899999842048, 32165.601800000295043 ], [ 29716.855200000107288, 32164.523399999365211 ], [ 29715.962500000372529, 32163.444900000467896 ], [ 29717.28940000012517, 32162.346499999985099 ], [ 29718.616399999707937, 32161.248099999502301 ], [ 29719.509100000374019, 32162.32660000026226 ], [ 29720.401800000108778, 32163.404999999329448 ], [ 29720.864000000059605, 32163.022399999201298 ], [ 29721.326200000010431, 32162.639799999073148 ], [ 29720.433500000275671, 32161.5614 ], [ 29719.54079999960959, 32160.482899999246001 ], [ 29720.867700000293553, 32159.384500000625849 ], [ 29722.194600000046194, 32158.286100000143051 ], [ 29723.08739999961108, 32159.364499999210238 ], [ 29723.980100000277162, 32160.442999999970198 ], [ 29724.442300000227988, 32160.060399999842048 ], [ 29724.904500000178814, 32159.677799999713898 ], [ 29724.011699999682605, 32158.59940000064671 ], [ 29723.118999999947846, 32157.520899999886751 ], [ 29724.806699999608099, 32156.1239 ], [ 29726.494400000199676, 32154.726800000295043 ], [ 29731.899500000290573, 32154.951700000092387 ], [ 29735.263000000268221, 32155.091700000688434 ], [ 29738.626500000245869, 32155.231699999421835 ], [ 29738.799200000241399, 32155.088700000196695 ], [ 29739.303199999965727, 32155.109699999913573 ], [ 29752.283099999651313, 32163.498099999502301 ], [ 29765.263000000268221, 32171.886600000783801 ], [ 29778.242899999953806, 32180.275000000372529 ], [ 29791.222699999809265, 32188.663399999961257 ], [ 29796.778500000014901, 32184.327800000086427 ], [ 29802.33420000039041, 32179.99210000038147 ], [ 29804.13399999961257, 32182.298299999907613 ], [ 29806.687599999830127, 32180.296900000423193 ], [ 29809.241100000217557, 32178.2956000007689 ], [ 29811.091500000096858, 32176.8454 ], [ 29812.941800000146031, 32175.395199999213219 ], [ 29807.594399999827147, 32168.542899999767542 ], [ 29802.246899999678135, 32161.690700000151992 ], [ 29796.570299999788404, 32166.129399999976158 ], [ 29790.893699999898672, 32170.568099999800324 ], [ 29792.673999999649823, 32172.839600000530481 ], [ 29793.564199999906123, 32173.975400000810623 ], [ 29794.454300000332296, 32175.11119999922812 ], [ 29792.557300000451505, 32176.586300000548363 ], [ 29791.655799999833107, 32177.289799999445677 ], [ 29790.754300000146031, 32177.993300000205636 ], [ 29790.077499999664724, 32177.1261 ], [ 29789.692999999970198, 32176.633400000631809 ], [ 29789.308500000275671, 32176.140699999406934 ], [ 29788.744400000199676, 32176.580900000408292 ], [ 29788.574500000104308, 32176.713500000536442 ], [ 29781.478799999691546, 32172.127800000831485 ], [ 29774.38300000037998, 32167.541999999433756 ], [ 29766.242499999701977, 32162.281099999323487 ], [ 29758.102099999785423, 32157.020199999213219 ], [ 29762.717000000178814, 32153.199999999254942 ], [ 29767.332000000402331, 32149.379799999296665 ], [ 29771.946999999694526, 32145.559599999338388 ], [ 29776.561999999918044, 32141.739299999549985 ], [ 29771.494800000451505, 32135.618000000715256 ], [ 29772.819799999706447, 32134.521199999377131 ], [ 29773.802000000141561, 32133.708200000226498 ], [ 29768.448800000362098, 32127.241699999198318 ], [ 29765.912499999627471, 32124.177600000053644 ], [ 29761.463100000284612, 32118.802699999883771 ], [ 29759.914200000464916, 32116.931199999526143 ], [ 29759.397900000214577, 32116.307399999350309 ], [ 29759.269999999552965, 32113.290599999949336 ], [ 29759.142199999652803, 32110.273900000378489 ], [ 29760.778099999763072, 32108.919700000435114 ], [ 29761.329800000414252, 32108.462999999523163 ], [ 29762.423600000329316, 32107.557600000873208 ], [ 29763.517400000244379, 32106.652200000360608 ], [ 29759.898699999786913, 32102.280600000172853 ], [ 29756.28000000026077, 32097.908999999985099 ], [ 29752.661299999803305, 32093.537399999797344 ], [ 29749.042600000277162, 32089.165899999439716 ], [ 29737.328900000080466, 32098.862199999392033 ], [ 29725.615199999883771, 32108.558599999174476 ], [ 29716.559100000187755, 32116.054999999701977 ], [ 29704.8454, 32125.75139999948442 ], [ 29702.187800000421703, 32127.95130000077188 ], [ 29701.996500000357628, 32127.720200000330806 ], [ 29694.023699999786913, 32134.320000000298023 ], [ 29686.050900000147521, 32140.919700000435114 ], [ 29678.078099999576807, 32147.519400000572205 ], [ 29670.105299999937415, 32154.119200000539422 ], [ 29670.2966, 32154.350299999117851 ], [ 29659.758600000292063, 32163.073400000110269 ], [ 29649.220599999651313, 32171.796599999070168 ], [ 29644.583300000056624, 32175.635299999266863 ], [ 29637.634999999776483, 32181.386900000274181 ], [ 29635.324000000022352, 32183.299900000914931 ], [ 29631.734299999661744, 32186.27140000090003 ], [ 29628.144700000062585, 32189.242799999192357 ], [ 29626.329599999822676, 32187.050100000575185 ], [ 29615.074799999594688, 32196.367200000211596 ], [ 29603.820000000298023, 32205.684200000017881 ], [ 29606.420099999755621, 32208.768300000578165 ], [ 29611.061099999584258, 32214.273199999704957 ], [ 29615.479299999773502, 32219.513699999079108 ], [ 29620.120400000363588, 32225.018699999898672 ], [ 29622.3902000002563, 32227.710999999195337 ], [ 29625.288200000301003, 32225.311799999326468 ], [ 29634.994099999777973, 32217.277100000530481 ], [ 29643.775600000284612, 32210.007699999958277 ] ] ] } },
{ "type": "Feature", "properties": { "TYP_CD": 0, "STN_NAM": null, "ATTACHEMEN": null, "TYP_CD_DES": "MRT", "STN_NAM_DE": "ROCHOR MRT STATION" }, "geometry": { "type": "Polygon", "coordinates": [ [ [ 30193.018099999986589, 31839.205600000917912 ], [ 30192.798299999907613, 31841.364900000393391 ], [ 30193.14130000025034, 31842.845100000500679 ], [ 30193.531499999575317, 31843.598200000822544 ], [ 30194.189944391317113, 31844.402498698782438 ], [ 30195.00789999961853, 31845.043899999931455 ], [ 30196.140759308986162, 31845.593559362932865 ], [ 30197.364699999801815, 31845.889299999922514 ], [ 30198.840099999681115, 31845.980000000447035 ], [ 30199.597500000149012, 31845.932099999859929 ], [ 30200.5614, 31845.788699999451637 ], [ 30201.495299999602139, 31845.566800000146031 ], [ 30202.387500000186265, 31845.287599999457598 ], [ 30204.084599999710917, 31844.551500000059605 ], [ 30205.293800000101328, 31843.825200000777841 ], [ 30206.643903492607933, 31842.8470063674431 ], [ 30207.844600000418723, 31841.690300000831485 ], [ 30208.965200000442564, 31840.287399999797344 ], [ 30210.081299999728799, 31838.148000000044703 ], [ 30210.466057827987242, 31836.687087903483189 ], [ 30210.477099999785423, 31835.176400000229478 ], [ 30210.235668876641284, 31834.12784354228279 ], [ 30209.765300000086427, 31833.160099999979138 ], [ 30209.107490699228947, 31832.355769742389384 ], [ 30208.289599999785423, 31831.714900000020862 ], [ 30207.034257267609064, 31831.12233934480173 ], [ 30205.676300000399351, 31830.834300000220537 ], [ 30203.975200000219047, 31830.801899999380112 ], [ 30202.598299999721348, 31830.997099999338388 ], [ 30202.032300000078976, 31831.129100000485778 ], [ 30196.073400000110269, 31828.055700000375509 ], [ 30190.06900000013411, 31824.95890000090003 ], [ 30184.064600000157952, 31821.861999999731779 ], [ 30178.060300000011921, 31818.7652000002563 ], [ 30182.579800000414252, 31817.219399999827147 ], [ 30187.099299999885261, 31815.673499999567866 ], [ 30191.618800000287592, 31814.127699999138713 ], [ 30196.138299999758601, 31812.581900000572205 ], [ 30194.632699999958277, 31810.240299999713898 ], [ 30193.127100000157952, 31807.898800000548363 ], [ 30190.032399999909103, 31803.08559999987483 ], [ 30186.937599999830127, 31798.27250000089407 ], [ 30191.0455, 31795.63120000064373 ], [ 30195.153400000184774, 31792.989900000393391 ], [ 30199.261199999600649, 31790.348600000143051 ], [ 30203.369099999777973, 31787.707399999722838 ], [ 30199.53870000038296, 31781.750099999830127 ], [ 30195.708200000226498, 31775.792700000107288 ], [ 30191.877799999900162, 31769.835400000214577 ], [ 30188.02379999961704, 31763.841499999165535 ], [ 30183.692200000397861, 31766.626199999824166 ], [ 30179.400700000114739, 31769.384999999776483 ], [ 30170.818699999712408, 31774.90430000051856 ], [ 30170.630900000222027, 31775.024900000542402 ], [ 30168.9852, 31775.74349999986589 ], [ 30167.084999999962747, 31776.562400000169873 ], [ 30161.493599999696016, 31769.75789999961853 ], [ 30155.902099999599159, 31762.953400000929832 ], [ 30150.310600000433624, 31756.148900000378489 ], [ 30144.68819999974221, 31749.306800000369549 ], [ 30143.399100000038743, 31750.366100000217557 ], [ 30142.142599999904633, 31751.398600000888109 ], [ 30140.886199999600649, 31752.43099999986589 ], [ 30139.662399999797344, 31753.436699999496341 ], [ 30136.510999999940395, 31749.601600000634789 ], [ 30133.328700000420213, 31745.728900000452995 ], [ 30130.146300000138581, 31741.856200000271201 ], [ 30126.933000000193715, 31737.945800000801682 ], [ 30122.457499999552965, 31741.622800000011921 ], [ 30118.014600000344217, 31745.272900000214577 ], [ 30113.572100000455976, 31748.923499999567866 ], [ 30109.129599999636412, 31752.574100000783801 ], [ 30115.207000000402331, 31759.969799999147654 ], [ 30121.284300000406802, 31767.365599999204278 ], [ 30127.079599999822676, 31774.418099999427795 ], [ 30132.874800000339746, 31781.470499999821186 ], [ 30132.90749999973923, 31781.44370000064373 ], [ 30133.903099999763072, 31782.655300000682473 ], [ 30134.416400000452995, 31784.11879999935627 ], [ 30134.929700000211596, 31785.582299999892712 ], [ 30135.956199999898672, 31788.50929999910295 ], [ 30132.955199999734759, 31789.56279999949038 ], [ 30127.732200000435114, 31791.400399999693036 ], [ 30125.510200000368059, 31792.184499999508262 ], [ 30123.28830000013113, 31792.968699999153614 ], [ 30121.066300000064075, 31793.752900000661612 ], [ 30116.614599999971688, 31795.340700000524521 ], [ 30112.162899999879301, 31796.928600000217557 ], [ 30107.702200000174344, 31798.544999999925494 ], [ 30105.471900000236928, 31799.353099999949336 ], [ 30103.241600000299513, 31800.161299999803305 ], [ 30098.776399999856949, 31801.813200000673532 ], [ 30094.311300000175834, 31803.465099999681115 ], [ 30087.880499999970198, 31805.905500000342727 ], [ 30086.473799999803305, 31803.717599999159575 ], [ 30085.066999999806285, 31801.529799999669194 ], [ 30083.660299999639392, 31799.341900000348687 ], [ 30082.253499999642372, 31797.154100000858307 ], [ 30076.88399999961257, 31790.619699999690056 ], [ 30071.514499999582767, 31784.085400000214577 ], [ 30066.145100000314415, 31777.551000000908971 ], [ 30060.744599999859929, 31770.979000000283122 ], [ 30058.878899999894202, 31772.512099999934435 ], [ 30057.04590000025928, 31774.018400000408292 ], [ 30055.599200000055134, 31775.207200000062585 ], [ 30054.152499999850988, 31776.395999999716878 ], [ 30053.866799999959767, 31776.048299999907613 ], [ 30053.581100000068545, 31775.700600000098348 ], [ 30053.271999999880791, 31775.954600000753999 ], [ 30052.963000000454485, 31776.208499999716878 ], [ 30053.248700000345707, 31776.556199999526143 ], [ 30053.534400000236928, 31776.903899999335408 ], [ 30053.379900000058115, 31777.030899999663234 ], [ 30053.410799999721348, 31777.068499999120831 ], [ 30051.839499999769032, 31778.359699999913573 ], [ 30048.86089999973774, 31780.807399999350309 ], [ 30057.480600000359118, 31794.213300000876188 ], [ 30066.100300000049174, 31807.619100000709295 ], [ 30083.339800000190735, 31834.430900000035763 ], [ 30083.316200000233948, 31834.394300000742078 ], [ 30078.775000000372529, 31837.314200000837445 ], [ 30047.696399999782443, 31857.297199999913573 ], [ 30053.754300000146031, 31866.718800000846386 ], [ 30057.782200000248849, 31872.983200000599027 ], [ 30060.081399999558926, 31876.559100000187755 ], [ 30072.359899999573827, 31868.664300000295043 ], [ 30072.383399999700487, 31868.700899999588728 ], [ 30099.825299999676645, 31851.05629999935627 ], [ 30127.267199999652803, 31833.411599999293685 ], [ 30139.045800000429153, 31829.793600000441074 ], [ 30146.755499999970198, 31827.628399999812245 ], [ 30162.174999999813735, 31823.297800000756979 ], [ 30169.905399999581277, 31827.284900000318885 ], [ 30177.635800000280142, 31831.271999999880791 ], [ 30185.36629999987781, 31835.259099999442697 ], [ 30193.018099999986589, 31839.205600000917912 ] ] ] } },
{ "type": "Feature", "properties": { "TYP_CD": 0, "STN_NAM": null, "ATTACHEMEN": null, "TYP_CD_DES": "LRT", "STN_NAM_DE": "SENJA LRT STATION" }, "geometry": { "type": "Polygon", "coordinates": [ [ [ 20105.501899999566376, 40494.429700000211596 ], [ 20087.181599999777973, 40531.601600000634789 ], [ 20088.240199999883771, 40532.121099999174476 ], [ 20099.646499999798834, 40537.734400000423193 ], [ 20104.234299999661744, 40539.992200000211596 ], [ 20109.140599999576807, 40530.046900000423193 ], [ 20112.779299999587238, 40519.792899999767542 ], [ 20118.789099999703467, 40505.859300000593066 ], [ 20120.093700000084937, 40501.609400000423193 ], [ 20113.380800000391901, 40498.304700000211596 ], [ 20106.568300000391901, 40494.953099999576807 ], [ 20105.501899999566376, 40494.429700000211596 ] ] ] } },

{ "type": "Feature", "properties": { "TYP_CD": 0, "STN_NAM": null, "ATTACHEMEN": null, "TYP_CD_DES": "MRT", "STN_NAM_DE": "CHOA CHU KANG MRT STATION" }, "geometry": { "type": "Polygon", "coordinates": [ [ [ 18125.375, 40787.195299999788404 ], [ 18110.144500000402331, 40786.402300000190735 ], [ 18113.925800000317395, 40715.742200000211596 ], [ 18086.377000000327826, 40707.074200000613928 ], [ 18083.892599999904633, 40754.558599999174476 ], [ 18083.068300000391901, 40769.871099999174476 ], [ 18085.302699999883771, 40769.972699999809265 ], [ 18080.818400000222027, 40855.625 ], [ 18105.359400000423193, 40856.894500000402331 ], [ 18121.628899999894202, 40857.738299999386072 ], [ 18122.515599999576807, 40840.765599999576807 ], [ 18125.375, 40787.195299999788404 ] ] ] } },
{ "type": "Feature", "properties": { "TYP_CD": 0, "STN_NAM": null, "ATTACHEMEN": null, "TYP_CD_DES": "LRT", "STN_NAM_DE": "SEGAR LRT STATION" }, "geometry": { "type": "Polygon", "coordinates": [ [ [ 20945.667999999597669, 41054.835899999365211 ], [ 20926.832000000402331, 41066.324200000613928 ], [ 20923.626899999566376, 41061.027300000190735 ], [ 20914.622999999672174, 41066.476500000804663 ], [ 20911.861299999989569, 41068.140599999576807 ], [ 20891.705099999904633, 41080.343699999153614 ], [ 20888.755800000391901, 41082.144500000402331 ], [ 20891.941399999894202, 41087.425799999386072 ], [ 20883.269500000402331, 41092.667899999767542 ], [ 20897.644500000402331, 41096.9375 ], [ 20933.009800000116229, 41075.464800000190735 ], [ 20941.683600000105798, 41067.882799999788404 ], [ 20950.474600000306964, 41062.597599999979138 ], [ 20945.667999999597669, 41054.835899999365211 ] ] ] } },
{ "type": "Feature", "properties": { "TYP_CD": 0, "STN_NAM": null, "ATTACHEMEN": "CC6_SDM STN.zip", "TYP_CD_DES": "MRT", "STN_NAM_DE": "STADIUM MRT STATION" }, "geometry": { "type": "Polygon", "coordinates": [ [ [ 32724.099100000225008, 31725.075300000607967 ], [ 32725.152300000190735, 31722.823400000110269 ], [ 32729.527300000190735, 31724.868699999526143 ], [ 32729.834599999710917, 31725.058199999853969 ], [ 32730.141800000332296, 31725.247800000011921 ], [ 32730.448900000192225, 31725.437699999660254 ], [ 32730.755800000391901, 31725.627800000831485 ], [ 32731.062599999830127, 31725.817999999970198 ], [ 32731.369300000369549, 31726.008500000461936 ], [ 32731.675800000317395, 31726.199200000613928 ], [ 32731.982200000435114, 31726.390100000426173 ], [ 32732.288499999791384, 31726.581100000068545 ], [ 32732.594700000248849, 31726.772399999201298 ], [ 32732.900799999944866, 31726.963899999856949 ], [ 32733.206699999980628, 31727.155600000172853 ], [ 32733.512500000186265, 31727.347500000149012 ], [ 32733.818199999630451, 31727.539599999785423 ], [ 32734.123800000175834, 31727.731899999082088 ], [ 32734.42920000012964, 31727.924399999901652 ], [ 32734.73450000025332, 31728.11710000038147 ], [ 32735.03969999961555, 31728.310000000521541 ], [ 32735.344700000248849, 31728.503100000321865 ], [ 32735.649699999950826, 31728.696399999782443 ], [ 32735.9545, 31728.88990000076592 ], [ 32736.259100000374019, 31729.083599999547005 ], [ 32736.563699999824166, 31729.277599999681115 ], [ 32736.86809999961406, 31729.471699999645352 ], [ 32737.172399999573827, 31729.665999999269843 ], [ 32737.47649999987334, 31729.860500000417233 ], [ 32737.780600000172853, 31730.05519999936223 ], [ 32738.084499999880791, 31730.250099999830127 ], [ 32738.388299999758601, 31730.445199999958277 ], [ 32738.691899999976158, 31730.640599999576807 ], [ 32738.995500000193715, 31730.836100000888109 ], [ 32739.298899999819696, 31731.0318 ], [ 32739.602099999785423, 31731.227700000628829 ], [ 32739.905199999921024, 31731.423800000920892 ], [ 32740.208300000056624, 31731.620100000873208 ], [ 32740.511099999770522, 31731.816600000485778 ], [ 32740.813900000415742, 31732.013399999588728 ], [ 32741.116499999538064, 31732.21030000038445 ], [ 32741.418999999761581, 31732.407400000840425 ], [ 32741.721300000324845, 31732.604699999094009 ], [ 32742.023599999956787, 31732.802200000733137 ], [ 32742.325699999928474, 31732.999900000169873 ], [ 32742.627600000239909, 31733.197799999266863 ], [ 32742.929399999789894, 31733.395899999886751 ], [ 32743.231200000271201, 31733.594200000166893 ], [ 32743.532700000330806, 31733.792700000107288 ], [ 32743.834099999628961, 31733.991399999707937 ], [ 32744.135499999858439, 31734.190300000831485 ], [ 32744.436599999666214, 31734.389399999752641 ], [ 32744.737700000405312, 31734.588700000196695 ], [ 32745.038599999621511, 31734.788200000301003 ], [ 32745.339399999938905, 31734.987900000065565 ], [ 32745.639999999664724, 31735.18779999949038 ], [ 32745.940499999560416, 31735.387900000438094 ], [ 32746.240899999625981, 31735.588199999183416 ], [ 32746.541100000031292, 31735.788599999621511 ], [ 32746.841199999675155, 31735.989299999549985 ], [ 32747.141200000420213, 31736.190199999138713 ], [ 32747.441100000403821, 31736.391200000420213 ], [ 32747.740799999795854, 31736.592499999329448 ], [ 32748.040300000458956, 31736.793999999761581 ], [ 32748.339800000190735, 31736.995600000023842 ], [ 32748.63910000026226, 31737.197499999776483 ], [ 32748.93819999974221, 31737.39949999935925 ], [ 32754.53110000025481, 31741.206000000238419 ], [ 32772.632799999788404, 31753.486800000071526 ], [ 32775.88289999961853, 31746.538799999281764 ], [ 32777.513500000350177, 31747.301100000739098 ], [ 32787.258899999782443, 31726.467499999329448 ], [ 32785.628499999642372, 31725.704800000414252 ], [ 32785.967400000430644, 31724.980399999767542 ], [ 32735.252899999730289, 31701.230799999088049 ], [ 32735.962899999693036, 31699.712799999862909 ], [ 32630.8902000002563, 31650.562899999320507 ], [ 32630.169900000095367, 31652.102700000628829 ], [ 32579.445199999958277, 31628.375099999830127 ], [ 32579.106200000271201, 31629.099799999967217 ], [ 32578.155100000090897, 31628.654899999499321 ], [ 32567.986600000411272, 31650.393200000748038 ], [ 32568.958700000308454, 31650.793299999088049 ], [ 32566.110799999907613, 31656.88150000013411 ], [ 32587.139499999582767, 31662.904899999499321 ], [ 32593.808699999935925, 31664.814400000497699 ], [ 32594.154799999669194, 31664.914300000295043 ], [ 32594.500799999572337, 31665.014499999582767 ], [ 32594.846699999645352, 31665.114800000563264 ], [ 32595.192599999718368, 31665.215399999171495 ], [ 32595.538399999961257, 31665.316199999302626 ], [ 32595.884100000374019, 31665.417300000786781 ], [ 32596.229799999855459, 31665.518600000068545 ], [ 32596.575500000268221, 31665.620100000873208 ], [ 32596.921000000089407, 31665.721799999475479 ], [ 32597.266499999910593, 31665.823799999430776 ], [ 32597.611899999901652, 31665.926000000908971 ], [ 32597.957299999892712, 31666.028400000184774 ], [ 32598.302600000053644, 31666.130999999120831 ], [ 32598.64780000038445, 31666.233899999409914 ], [ 32598.992899999953806, 31666.33699999935925 ], [ 32599.338000000454485, 31666.440400000661612 ], [ 32599.683100000023842, 31666.543899999931455 ], [ 32600.027999999932945, 31666.647700000554323 ], [ 32600.372899999842048, 31666.751700000837445 ], [ 32600.717699999921024, 31666.855900000780821 ], [ 32601.0625, 31666.960400000214577 ], [ 32601.407200000248849, 31667.065099999308586 ], [ 32601.751799999736249, 31667.169999999925494 ], [ 32602.096300000324845, 31667.275200000032783 ], [ 32602.440799999982119, 31667.380499999970198 ], [ 32602.785199999809265, 31667.486099999397993 ], [ 32603.129599999636412, 31667.591900000348687 ], [ 32603.473799999803305, 31667.698000000789762 ], [ 32603.817999999970198, 31667.804300000891089 ], [ 32604.162200000137091, 31667.910800000652671 ], [ 32604.506199999712408, 31668.017500000074506 ], [ 32604.850200000219047, 31668.124500000849366 ], [ 32605.194199999794364, 31668.231699999421835 ], [ 32605.537999999709427, 31668.339099999517202 ], [ 32605.881799999624491, 31668.446699999272823 ], [ 32606.225499999709427, 31668.55460000038147 ], [ 32606.569099999964237, 31668.662599999457598 ], [ 32606.912700000219047, 31668.770999999716878 ], [ 32607.256199999712408, 31668.879499999806285 ], [ 32607.599600000306964, 31668.988299999386072 ], [ 32607.942999999970198, 31669.097300000488758 ], [ 32608.286199999973178, 31669.206499999389052 ], [ 32608.629499999806285, 31669.315899999812245 ], [ 32608.972599999979138, 31669.425599999725819 ], [ 32609.315600000321865, 31669.535499999299645 ], [ 32609.658599999733269, 31669.645600000396371 ], [ 32610.001600000075996, 31669.755899999290705 ], [ 32610.344399999827147, 31669.866499999538064 ], [ 32610.687199999578297, 31669.977299999445677 ], [ 32611.029900000430644, 31670.088300000876188 ], [ 32611.372499999590218, 31670.199599999934435 ], [ 32611.714999999850988, 31670.311000000685453 ], [ 32612.057500000111759, 31670.422700000926852 ], [ 32612.39989999961108, 31670.534600000828505 ], [ 32612.742200000211596, 31670.646800000220537 ], [ 32613.084400000050664, 31670.759099999442697 ], [ 32613.426599999889731, 31670.871700000017881 ], [ 32613.768699999898672, 31670.98450000025332 ], [ 32614.110700000077486, 31671.097599999979138 ], [ 32614.452600000426173, 31671.210799999535084 ], [ 32614.794499999843538, 31671.324300000444055 ], [ 32615.136300000362098, 31671.437999999150634 ], [ 32615.478000000119209, 31671.551999999210238 ], [ 32615.819600000046194, 31671.66609999909997 ], [ 32619.46030000038445, 31673.368200000375509 ], [ 32620.085699999704957, 31673.660800000652671 ], [ 32619.026499999687076, 31675.925300000235438 ], [ 32724.099100000225008, 31725.075300000607967 ] ] ] } },
{ "type": "Feature", "properties": { "TYP_CD": 0, "STN_NAM": null, "ATTACHEMEN": "CC5_NCH STN.zip", "TYP_CD_DES": "MRT", "STN_NAM_DE": "NICOLL HIGHWAY MRT STATION" }, "geometry": { "type": "Polygon", "coordinates": [ [ [ 31284.871799999848008, 31324.280300000682473 ], [ 31314.017099999822676, 31336.183000000193715 ], [ 31323.630699999630451, 31344.70240000076592 ], [ 31326.619500000029802, 31341.329700000584126 ], [ 31365.174800000153482, 31357.075400000438094 ], [ 31360.894600000232458, 31364.802899999544024 ], [ 31356.614299999549985, 31372.5304000005126 ], [ 31363.350899999961257, 31376.261600000783801 ], [ 31354.211199999786913, 31393.175100000575185 ], [ 31362.031700000166893, 31397.506899999454618 ], [ 31364.510999999940395, 31393.030600000172853 ], [ 31383.09499999973923, 31400.620100000873208 ], [ 31425.232499999925494, 31382.357699999585748 ], [ 31425.496899999678135, 31381.71059999987483 ], [ 31437.254300000146031, 31386.512199999764562 ], [ 31447.462500000372529, 31361.51630000025034 ], [ 31394.141499999910593, 31339.740399999544024 ], [ 31399.292700000107288, 31327.127399999648333 ], [ 31434.030399999581277, 31341.313999999314547 ], [ 31437.410500000230968, 31333.037599999457598 ], [ 31394.20160000026226, 31315.391400000080466 ], [ 31390.821600000374019, 31323.667799999937415 ], [ 31391.423600000329316, 31323.913699999451637 ], [ 31386.272499999962747, 31336.526699999347329 ], [ 31295.079900000244379, 31299.284499999135733 ], [ 31284.871799999848008, 31324.280300000682473 ] ] ] } },
{ "type": "Feature", "properties": { "TYP_CD": 0, "STN_NAM": null, "ATTACHEMEN": "CC4_PMN STN.zip", "TYP_CD_DES": "MRT", "STN_NAM_DE": "PROMENADE MRT STATION" }, "geometry": { "type": "Polygon", "coordinates": [ [ [ 31076.092199999839067, 30777.013499999418855 ], [ 31101.99100000038743, 30780.144099999219179 ], [ 31102.058500000275671, 30779.608500000089407 ], [ 31102.125500000081956, 30779.07289999909699 ], [ 31102.191999999806285, 30778.537200000137091 ], [ 31102.258100000210106, 30778.00139999948442 ], [ 31102.323599999770522, 30777.465500000864267 ], [ 31102.388700000010431, 30776.92960000038147 ], [ 31102.4534, 30776.393600000068545 ], [ 31102.517500000074506, 30775.857499999925494 ], [ 31102.581199999898672, 30775.321399999782443 ], [ 31102.644299999810755, 30774.785199999809265 ], [ 31102.707100000232458, 30774.2489 ], [ 31102.769299999810755, 30773.712600000202656 ], [ 31102.831000000238419, 30773.176200000569224 ], [ 31102.892300000414252, 30772.639699999243021 ], [ 31102.953099999576807, 30772.103199999779463 ], [ 31103.013399999588728, 30771.566600000485778 ], [ 31103.073300000280142, 30771.029899999499321 ], [ 31103.13260000012815, 30770.493200000375509 ], [ 31103.191499999724329, 30769.956399999558926 ], [ 31103.249900000169873, 30769.419600000604987 ], [ 31103.307799999602139, 30768.88260000012815 ], [ 31103.365299999713898, 30768.34569999948144 ], [ 31103.422199999913573, 30767.808599999174476 ], [ 31103.478699999861419, 30767.271500000730157 ], [ 31103.534699999727309, 30766.734400000423193 ], [ 31103.590300000272691, 30766.197200000286102 ], [ 31103.645299999974668, 30765.659900000318885 ], [ 31103.699900000356138, 30765.122600000351667 ], [ 31103.753999999724329, 30764.585200000554323 ], [ 31103.807599999941885, 30764.047800000756979 ], [ 31103.860700000077486, 30763.510299999266863 ], [ 31103.913399999961257, 30762.972699999809265 ], [ 31103.965499999932945, 30762.435100000351667 ], [ 31104.017199999652803, 30761.89750000089407 ], [ 31104.068500000052154, 30761.359799999744 ], [ 31104.119199999608099, 30760.822000000625849 ], [ 31104.169400000013411, 30760.284199999645352 ], [ 31104.219200000166893, 30759.746300000697374 ], [ 31104.268500000238419, 30759.208399999886751 ], [ 31104.317300000227988, 30758.670499999076128 ], [ 31104.365600000135601, 30758.132400000467896 ], [ 31104.413499999791384, 30757.594399999827147 ], [ 31104.460799999535084, 30757.05629999935627 ], [ 31104.507699999958277, 30756.518100000917912 ], [ 31104.554100000299513, 30755.979900000616908 ], [ 31104.60010000038892, 30755.441700000315905 ], [ 31104.645499999634922, 30754.903400000184774 ], [ 31104.690499999560416, 30754.365100000053644 ], [ 31104.734899999573827, 30753.826700000092387 ], [ 31104.778900000266731, 30753.28830000013113 ], [ 31104.822399999946356, 30752.749800000339746 ], [ 31104.865500000305474, 30752.211300000548363 ], [ 31104.907999999821186, 30751.672800000756979 ], [ 31104.950100000016391, 30751.134199999272823 ], [ 31104.99170000012964, 30750.595599999651313 ], [ 31105.032800000160933, 30750.056900000199676 ], [ 31105.073499999940395, 30749.518200000748038 ], [ 31105.113599999807775, 30748.979499999433756 ], [ 31105.153300000354648, 30748.440700000151992 ], [ 31105.192499999888241, 30747.901900000870228 ], [ 31105.231200000271201, 30747.363099999725819 ], [ 31105.269399999640882, 30746.824200000613928 ], [ 31105.307099999859929, 30746.285299999639392 ], [ 31105.344399999827147, 30745.746300000697374 ], [ 31105.381199999712408, 30745.207399999722838 ], [ 31105.417399999685585, 30744.668299999088049 ], [ 31105.453300000168383, 30744.129300000146031 ], [ 31105.488599999807775, 30743.590199999511242 ], [ 31105.523400000296533, 30743.051100000739098 ], [ 31105.557799999602139, 30742.512000000104308 ], [ 31105.591699999757111, 30741.972799999639392 ], [ 31105.625099999830127, 30741.433599999174476 ], [ 31105.657999999821186, 30740.894400000572205 ], [ 31105.690399999730289, 30740.355100000277162 ], [ 31105.722400000318885, 30739.815899999812245 ], [ 31105.753899999894202, 30739.276599999517202 ], [ 31105.784799999557436, 30738.737199999392033 ], [ 31105.815399999730289, 30738.19789999909699 ], [ 31105.8454, 30737.658500000834465 ], [ 31105.874900000169873, 30737.119100000709295 ], [ 31105.904000000096858, 30736.579700000584126 ], [ 31105.932599999941885, 30736.040200000628829 ], [ 31105.960699999704957, 30735.500800000503659 ], [ 31105.988199999555945, 30734.961300000548363 ], [ 31106.015399999916553, 30734.421800000593066 ], [ 31106.042000000365078, 30733.882200000807643 ], [ 31106.068199999630451, 30733.342700000852346 ], [ 31106.09389999974519, 30732.803099999204278 ], [ 31106.119099999777973, 30732.263499999418855 ], [ 31106.143799999728799, 30731.723999999463558 ], [ 31106.167999999597669, 30731.184399999678135 ], [ 31106.191800000146031, 30730.644700000062585 ], [ 31106.214999999850988, 30730.105100000277162 ], [ 31106.237800000235438, 30729.565400000661612 ], [ 31106.260099999606609, 30729.025699999183416 ], [ 31106.281899999827147, 30728.485999999567866 ], [ 31106.303299999795854, 30727.946299999952316 ], [ 31106.324099999852479, 30727.406600000336766 ], [ 31106.344499999657273, 30726.866900000721216 ], [ 31106.364400000311434, 30726.327199999243021 ], [ 31106.383799999952316, 30725.787399999797344 ], [ 31106.402700000442564, 30725.247700000181794 ], [ 31106.421099999919534, 30724.707900000736117 ], [ 31106.439100000075996, 30724.168199999257922 ], [ 31106.456600000150502, 30723.628399999812245 ], [ 31106.473600000143051, 30723.088600000366569 ], [ 31106.490100000053644, 30722.548800000920892 ], [ 31106.506099999882281, 30722.00899999961257 ], [ 31106.521599999628961, 30721.469200000166893 ], [ 31106.536700000055134, 30720.929400000721216 ], [ 31106.551300000399351, 30720.389599999412894 ], [ 31106.565399999730289, 30719.849799999967217 ], [ 31106.578999999910593, 30719.310000000521541 ], [ 31106.5921, 30718.770199999213219 ], [ 31106.604700000025332, 30718.230399999767542 ], [ 31106.616899999789894, 30717.690600000321865 ], [ 31106.628600000403821, 30717.150800000876188 ], [ 31106.6398, 30716.610999999567866 ], [ 31106.650500000454485, 30716.071100000292063 ], [ 31106.660699999891222, 30715.531400000676513 ], [ 31106.6705, 30714.991599999368191 ], [ 31106.679700000211596, 30714.451700000092387 ], [ 31106.688500000163913, 30713.912000000476837 ], [ 31106.696800000034273, 30713.372199999168515 ], [ 31106.704599999822676, 30712.832399999722838 ], [ 31106.712000000290573, 30712.292600000277162 ], [ 31106.718799999915063, 30711.752800000831485 ], [ 31106.725200000219047, 30711.21309999935329 ], [ 31106.725300000049174, 30711.196699999272823 ], [ 31106.762299999594688, 30706.181900000199676 ], [ 31106.762699999846518, 30700.132799999788404 ], [ 31106.684100000187755, 30691.7331000007689 ], [ 31106.596400000154972, 30686.097599999979138 ], [ 31106.502799999900162, 30681.087799999862909 ], [ 31106.39879999961704, 30676.082499999552965 ], [ 31106.289800000376999, 30671.081499999389052 ], [ 31106.289800000376999, 30671.080800000578165 ], [ 31105.49239999987185, 30634.803899999707937 ], [ 31105.192400000058115, 30634.810499999672174 ], [ 31104.940799999982119, 30623.364099999889731 ], [ 31103.440799999982119, 30555.130100000649691 ], [ 31103.256199999712408, 30546.732100000604987 ], [ 31101.901499999687076, 30485.108599999919534 ], [ 31101.75829999987036, 30474.344499999657273 ], [ 31075.90749999973923, 30474.912599999457598 ], [ 31075.946800000034273, 30476.879599999636412 ], [ 31073.890800000168383, 30476.924799999222159 ], [ 31045.725499999709427, 30449.057700000703335 ], [ 31036.933699999935925, 30457.94370000064373 ], [ 31050.33530000038445, 30471.203400000929832 ], [ 31055.760200000368059, 30471.08420000039041 ], [ 31068.534099999815226, 30483.722699999809265 ], [ 31070.583899999968708, 30578.816800000146031 ], [ 31078.151600000448525, 30578.65059999935329 ], [ 31079.515399999916553, 30654.332599999383092 ], [ 31069.748800000175834, 30654.547399999573827 ], [ 31070.441100000403821, 30686.338199999183416 ], [ 31064.283200000412762, 30692.772700000554323 ], [ 31023.794200000353158, 30693.662200000137091 ], [ 30997.784099999815226, 30689.216900000348687 ], [ 30981.048000000417233, 30690.135600000619888 ], [ 30981.519399999640882, 30698.722999999299645 ], [ 30997.288399999961257, 30697.856799999251962 ], [ 31004.13399999961257, 30699.026799999177456 ], [ 31004.412100000306964, 30711.679800000041723 ], [ 30990.590099999681115, 30719.652599999681115 ], [ 30994.087700000032783, 30725.716199999675155 ], [ 31021.501799999736249, 30709.903300000354648 ], [ 31021.302000000141561, 30709.556800000369549 ], [ 31025.045599999837577, 30707.397399999201298 ], [ 31024.932199999690056, 30702.239199999719858 ], [ 31070.61809999961406, 30701.235700000077486 ], [ 31070.578999999910593, 30701.356899999082088 ], [ 31070.540199999697506, 30701.47829999960959 ], [ 31070.501699999906123, 30701.599799999967217 ], [ 31070.463399999774992, 30701.721400000154972 ], [ 31070.425400000065565, 30701.843100000172853 ], [ 31070.387600000016391, 30701.964999999850988 ], [ 31070.35010000038892, 30702.08699999935925 ], [ 31070.31290000025183, 30702.209100000560284 ], [ 31070.275999999605119, 30702.331299999728799 ], [ 31070.239299999549985, 30702.453700000420213 ], [ 31070.202800000086427, 30702.576199999079108 ], [ 31070.166699999943376, 30702.698799999430776 ], [ 31070.130800000391901, 30702.82149999961257 ], [ 31070.095200000330806, 30702.944399999454618 ], [ 31070.059799999929965, 30703.067299999296665 ], [ 31070.024799999780953, 30703.190400000661612 ], [ 31069.990000000223517, 30703.3136 ], [ 31069.955400000326335, 30703.436899999156594 ], [ 31069.92119999974966, 30703.560399999842048 ], [ 31069.887199999764562, 30703.683900000527501 ], [ 31069.853500000201166, 30703.807499999180436 ], [ 31069.82010000012815, 30703.93129999935627 ], [ 31069.786899999715388, 30704.05519999936223 ], [ 31069.753999999724329, 30704.179199999198318 ], [ 31069.721400000154972, 30704.303300000727177 ], [ 31069.689000000245869, 30704.427500000223517 ], [ 31069.656999999657273, 30704.551799999549985 ], [ 31069.625199999660254, 30704.676200000569224 ], [ 31069.593700000084937, 30704.800699999555945 ], [ 31069.562400000169873, 30704.925300000235438 ], [ 31069.531499999575317, 30705.050100000575185 ], [ 31069.500799999572337, 30705.174900000914931 ], [ 31069.4704, 30705.299799999222159 ], [ 31069.440299999900162, 30705.424900000914931 ], [ 31069.410400000400841, 30705.550000000745058 ], [ 31069.380900000222027, 30705.675300000235438 ], [ 31069.351599999703467, 30705.800599999725819 ], [ 31069.322599999606609, 30705.926000000908971 ], [ 31069.293899999931455, 30706.051599999889731 ], [ 31069.265399999916553, 30706.177200000733137 ], [ 31069.237300000153482, 30706.302899999544024 ], [ 31069.209400000050664, 30706.428700000047684 ], [ 31069.181800000369549, 30706.55460000038147 ], [ 31069.154500000178814, 30706.680600000545382 ], [ 31069.127500000409782, 30706.806700000539422 ], [ 31069.100700000301003, 30706.932900000363588 ], [ 31069.074300000444055, 30707.059100000187755 ], [ 31069.048100000247359, 30707.185499999672174 ], [ 31069.022199999541044, 30707.311899999156594 ], [ 31068.996600000187755, 30707.438500000163913 ], [ 31068.971300000324845, 30707.565099999308586 ], [ 31068.946299999952316, 30707.691800000146031 ], [ 31068.9216, 30707.818499999120831 ], [ 31068.897099999710917, 30707.94539999961853 ], [ 31068.872899999842048, 30708.072399999946356 ], [ 31068.849100000225008, 30708.199400000274181 ], [ 31068.825500000268221, 30708.326500000432134 ], [ 31068.802199999801815, 30708.453700000420213 ], [ 31068.779199999757111, 30708.580900000408292 ], [ 31068.75650000013411, 30708.708200000226498 ], [ 31068.734000000171363, 30708.835699999704957 ], [ 31068.711900000460446, 30708.96309999935329 ], [ 31068.690100000239909, 30709.090700000524521 ], [ 31068.668499999679625, 30709.218299999833107 ], [ 31068.647199999541044, 30709.346000000834465 ], [ 31068.626299999654293, 30709.473799999803305 ], [ 31068.605600000359118, 30709.601600000634789 ], [ 31068.585199999623001, 30709.729599999263883 ], [ 31068.565100000239909, 30709.857499999925494 ], [ 31068.545300000347197, 30709.985600000247359 ], [ 31068.525799999944866, 30710.113700000569224 ], [ 31068.506599999964237, 30710.241900000721216 ], [ 31068.487599999643862, 30710.370100000873208 ], [ 31068.468999999575317, 30710.498400000855327 ], [ 31068.450699999928474, 30710.626700000837445 ], [ 31068.432599999941885, 30710.755200000479817 ], [ 31068.414900000207126, 30710.883600000292063 ], [ 31068.39740000013262, 30711.012199999764562 ], [ 31068.380300000309944, 30711.140799999237061 ], [ 31068.363400000147521, 30711.269400000572205 ], [ 31068.346800000406802, 30711.39809999987483 ], [ 31068.330599999986589, 30711.526900000870228 ], [ 31068.314600000157952, 30711.6557 ], [ 31068.298899999819696, 30711.784600000828505 ], [ 31068.283499999903142, 30711.913499999791384 ], [ 31068.268500000238419, 30712.042500000447035 ], [ 31068.253700000233948, 30712.171499999240041 ], [ 31068.239199999719858, 30712.300599999725819 ], [ 31068.224999999627471, 30712.429700000211596 ], [ 31068.211099999956787, 30712.558800000697374 ], [ 31068.197499999776483, 30712.687999999150634 ], [ 31068.184200000017881, 30712.817299999296665 ], [ 31068.17119999974966, 30712.946599999442697 ], [ 31068.158499999903142, 30713.075899999588728 ], [ 31068.146099999547005, 30713.205299999564886 ], [ 31068.13399999961257, 30713.334699999541044 ], [ 31068.122200000099838, 30713.464099999517202 ], [ 31068.110700000077486, 30713.593599999323487 ], [ 31068.099499999545515, 30713.723200000822544 ], [ 31068.088600000366569, 30713.852700000628829 ], [ 31068.07799999974668, 30713.982300000265241 ], [ 31068.067699999548495, 30714.111899999901652 ], [ 31068.057699999772012, 30714.241599999368191 ], [ 31068.048000000417233, 30714.371300000697374 ], [ 31068.038599999621511, 30714.501000000163913 ], [ 31068.029500000178814, 30714.630799999460578 ], [ 31068.020700000226498, 30714.760600000619888 ], [ 31068.012199999764562, 30714.890399999916553 ], [ 31068.003899999894202, 30715.020199999213219 ], [ 31067.996100000105798, 30715.150100000202656 ], [ 31067.988400000147521, 30715.279999999329448 ], [ 31067.981200000271201, 30715.409900000318885 ], [ 31067.974200000055134, 30715.539799999445677 ], [ 31067.96750000026077, 30715.669800000265241 ], [ 31067.961099999956787, 30715.799699999392033 ], [ 31067.955000000074506, 30715.929700000211596 ], [ 31067.949199999682605, 30716.059699999168515 ], [ 31067.943699999712408, 30716.189799999818206 ], [ 31067.938500000163913, 30716.31980000063777 ], [ 31067.933600000105798, 30716.449899999424815 ], [ 31067.928999999538064, 30716.580000000074506 ], [ 31067.924800000153482, 30716.71000000089407 ], [ 31067.920800000429153, 30716.840099999681115 ], [ 31067.917100000195205, 30716.970200000330806 ], [ 31067.91370000038296, 30717.100400000810623 ], [ 31067.910600000061095, 30717.230499999597669 ], [ 31067.9079, 30717.360600000247359 ], [ 31067.905399999581277, 30717.490800000727177 ], [ 31067.903199999593198, 30717.620899999514222 ], [ 31067.901399999856949, 30717.7511 ], [ 31067.899799999780953, 30717.88120000064373 ], [ 31067.898599999956787, 30718.011399999260902 ], [ 31067.897599999792874, 30718.141499999910593 ], [ 31067.896999999880791, 30718.27170000039041 ], [ 31067.896599999628961, 30718.401799999177456 ], [ 31067.896499999798834, 30718.531999999657273 ], [ 31067.896800000220537, 30718.662100000306964 ], [ 31067.89740000013262, 30718.792300000786781 ], [ 31067.898199999704957, 30718.922399999573827 ], [ 31067.899400000460446, 30719.052500000223517 ], [ 31067.900799999944866, 30719.182700000703335 ], [ 31067.902599999681115, 30719.31279999949038 ], [ 31067.9046, 30719.442900000140071 ], [ 31067.906999999657273, 30719.573000000789762 ], [ 31067.909699999727309, 30719.703099999576807 ], [ 31067.912700000219047, 30719.833200000226498 ], [ 31067.915900000371039, 30719.963199999183416 ], [ 31067.919499999843538, 30720.093299999833107 ], [ 31067.92339999973774, 30720.223300000652671 ], [ 31067.927600000053644, 30720.35329999960959 ], [ 31067.932099999859929, 30720.483300000429153 ], [ 31067.93680000025779, 30720.613299999386072 ], [ 31067.941899999976158, 30720.743300000205636 ], [ 31067.947300000116229, 30720.873199999332428 ], [ 31067.95299999974668, 30721.003100000321865 ], [ 31067.958999999798834, 30721.132999999448657 ], [ 31067.965200000442564, 30721.262900000438094 ], [ 31067.971800000406802, 30721.392699999734759 ], [ 31067.978699999861419, 30721.52250000089407 ], [ 31067.98589999973774, 30721.652300000190735 ], [ 31067.993400000035763, 30721.782099999487 ], [ 31068.001199999824166, 30721.911800000816584 ], [ 31068.009300000034273, 30722.041500000283122 ], [ 31068.017699999734759, 30722.17119999974966 ], [ 31068.026300000026822, 30722.300799999386072 ], [ 31068.035299999639392, 30722.430400000885129 ], [ 31068.044599999673665, 30722.560000000521541 ], [ 31068.05420000012964, 30722.689600000157952 ], [ 31068.064100000075996, 30722.81900000013411 ], [ 31068.074300000444055, 30722.948499999940395 ], [ 31068.084699999541044, 30723.077899999916553 ], [ 31068.095499999821186, 30723.207299999892712 ], [ 31068.106599999591708, 30723.33669999986887 ], [ 31068.117999999783933, 30723.466000000014901 ], [ 31068.129700000397861, 30723.595200000330806 ], [ 31068.14159999974072, 30723.72440000064671 ], [ 31068.153900000266731, 30723.85359999909997 ], [ 31068.166500000283122, 30723.982699999585748 ], [ 31068.179299999959767, 30724.111800000071526 ], [ 31068.192499999888241, 30724.240800000727177 ], [ 31068.206000000238419, 30724.369799999520183 ], [ 31068.219700000248849, 30724.498700000345707 ], [ 31068.233799999579787, 30724.627599999308586 ], [ 31068.248100000433624, 30724.75650000013411 ], [ 31068.262699999846518, 30724.885199999436736 ], [ 31068.277700000442564, 30725.013900000602007 ], [ 31068.292899999767542, 30725.142599999904633 ], [ 31068.308500000275671, 30725.271199999377131 ], [ 31068.324300000444055, 30725.399800000712276 ], [ 31068.340400000102818, 30725.528300000354648 ], [ 31068.356800000183284, 30725.656700000166893 ], [ 31068.373499999754131, 30725.785099999979138 ], [ 31068.39049999974668, 30725.913399999961257 ], [ 31068.407800000160933, 30726.041699999943376 ], [ 31068.425400000065565, 30726.169800000265241 ], [ 31068.443300000391901, 30726.298000000417233 ], [ 31068.461500000208616, 30726.426100000739098 ], [ 31068.479899999685585, 30726.553999999538064 ], [ 31068.498700000345707, 30726.682000000029802 ], [ 31068.517699999734759, 30726.809800000861287 ], [ 31068.537100000306964, 30726.937599999830127 ], [ 31068.556699999608099, 30727.065400000661612 ], [ 31068.57660000026226, 30727.192999999970198 ], [ 31068.596800000406802, 30727.320599999278784 ], [ 31068.617300000041723, 30727.448100000619888 ], [ 31068.638100000098348, 30727.575500000268221 ], [ 31068.659199999645352, 30727.702899999916553 ], [ 31068.680499999783933, 30727.830199999734759 ], [ 31068.702200000174344, 30727.957399999722838 ], [ 31068.724100000225008, 30728.084499999880791 ], [ 31068.746299999766052, 30728.211500000208616 ], [ 31068.768899999558926, 30728.338500000536442 ], [ 31068.791699999943376, 30728.465399999171495 ], [ 31068.814799999818206, 30728.592199999839067 ], [ 31068.838100000284612, 30728.718900000676513 ], [ 31068.861800000071526, 30728.845599999651313 ], [ 31068.885800000280142, 30728.972100000828505 ], [ 31068.910000000149012, 30729.098600000143051 ], [ 31068.934500000439584, 30729.224999999627471 ], [ 31068.959300000220537, 30729.351299999281764 ], [ 31068.984400000423193, 30729.47749999910593 ], [ 31069.009700000286102, 30729.60359999909997 ], [ 31069.035400000400841, 30729.729699999094009 ], [ 31069.061300000175834, 30729.855599999427795 ], [ 31069.087600000202656, 30729.981399999931455 ], [ 31069.114099999889731, 30730.107200000435114 ], [ 31069.140800000168383, 30730.232799999415874 ], [ 31069.167899999767542, 30730.35840000025928 ], [ 31069.195199999958277, 30730.483899999409914 ], [ 31069.222799999639392, 30730.609300000593066 ], [ 31069.25069999974221, 30730.73450000025332 ], [ 31069.278900000266731, 30730.859699999913573 ], [ 31069.307400000281632, 30730.984799999744 ], [ 31069.336099999956787, 30731.109799999744 ], [ 31069.365100000053644, 30731.234699999913573 ], [ 31069.394399999640882, 30731.359400000423193 ], [ 31069.423999999649823, 30731.484099999070168 ], [ 31069.45380000025034, 30731.608599999919534 ], [ 31069.483900000341237, 30731.7331000007689 ], [ 31069.514399999752641, 30731.857499999925494 ], [ 31069.544999999925494, 30731.981699999421835 ], [ 31069.576000000350177, 30732.105900000780821 ], [ 31069.607200000435114, 30732.229900000616908 ], [ 31069.638700000010431, 30732.353800000622869 ], [ 31069.670400000177324, 30732.477700000628829 ], [ 31069.702499999664724, 30732.601299999281764 ], [ 31069.734799999744, 30732.724899999797344 ], [ 31069.767400000244379, 30732.848400000482798 ], [ 31069.800200000405312, 30732.971799999475479 ], [ 31069.833300000056624, 30733.095000000670552 ], [ 31069.86670000012964, 30733.2182 ], [ 31069.900399999693036, 30733.341199999675155 ], [ 31069.934299999848008, 30733.464099999517202 ], [ 31069.968500000424683, 30733.586899999529123 ], [ 31070.002899999730289, 30733.709499999880791 ], [ 31070.037700000219047, 30733.832100000232458 ], [ 31073.171400000341237, 30733.094799999147654 ], [ 31074.162499999627471, 30726.674699999392033 ], [ 31080.497600000351667, 30726.535800000652671 ], [ 31080.497600000351667, 30726.535900000482798 ], [ 31080.469700000248849, 30728.281400000676513 ], [ 31080.239900000393391, 30735.711100000888109 ], [ 31079.880400000140071, 30743.125399999320507 ], [ 31079.373599999584258, 30750.520700000226498 ], [ 31078.699199999682605, 30757.915999999269843 ], [ 31078.668100000359118, 30758.215600000694394 ], [ 31078.636599999852479, 30758.515100000426173 ], [ 31078.604899999685585, 30758.814600000157952 ], [ 31078.572800000198185, 30759.114099999889731 ], [ 31078.540400000289083, 30759.413499999791384 ], [ 31078.507699999958277, 30759.712899999693036 ], [ 31078.474799999967217, 30760.012299999594688 ], [ 31078.441499999724329, 30760.311699999496341 ], [ 31078.4079, 30760.610999999567866 ], [ 31078.373999999836087, 30760.910299999639392 ], [ 31078.339800000190735, 30761.209499999880791 ], [ 31078.30530000012368, 30761.508799999952316 ], [ 31078.270499999634922, 30761.808000000193715 ], [ 31078.235399999655783, 30762.107100000604987 ], [ 31078.200000000186265, 30762.406300000846386 ], [ 31078.164200000464916, 30762.705399999395013 ], [ 31078.128200000151992, 30763.004399999976158 ], [ 31078.091900000348687, 30763.30350000038743 ], [ 31078.05530000012368, 30763.60249999910593 ], [ 31078.018299999646842, 30763.901399999856949 ], [ 31077.981100000441074, 30764.200300000607967 ], [ 31077.943500000052154, 30764.499199999496341 ], [ 31077.9057, 30764.798100000247359 ], [ 31077.867499999701977, 30765.096899999305606 ], [ 31077.828999999910593, 30765.395700000226498 ], [ 31077.790199999697506, 30765.694399999454618 ], [ 31077.751199999824166, 30765.993100000545382 ], [ 31077.711799999698997, 30766.291799999773502 ], [ 31077.672100000083447, 30766.590399999171495 ], [ 31077.632100000046194, 30766.889000000432134 ], [ 31077.591900000348687, 30767.1875 ], [ 31077.551199999637902, 30767.485999999567866 ], [ 31077.510300000198185, 30767.784499999135733 ], [ 31077.469200000166893, 30768.082900000736117 ], [ 31077.427699999883771, 30768.381300000473857 ], [ 31077.385800000280142, 30768.67960000038147 ], [ 31077.343700000084937, 30768.977900000289083 ], [ 31077.301300000399351, 30769.276100000366569 ], [ 31077.258600000292063, 30769.574300000444055 ], [ 31077.215599999763072, 30769.872500000521541 ], [ 31077.172299999744, 30770.1706000007689 ], [ 31077.128600000403821, 30770.468599999323487 ], [ 31077.084699999541044, 30770.766699999570847 ], [ 31077.040500000119209, 30771.064600000157952 ], [ 31076.995900000445545, 30771.362600000575185 ], [ 31076.951100000180304, 30771.660399999469519 ], [ 31076.905899999663234, 30771.958300000056624 ], [ 31076.860500000417233, 30772.255999999120831 ], [ 31076.814699999988079, 30772.55379999987781 ], [ 31076.768699999898672, 30772.851399999111891 ], [ 31076.722299999557436, 30773.149100000038743 ], [ 31076.675699999555945, 30773.446699999272823 ], [ 31076.628700000233948, 30773.744200000539422 ], [ 31076.581399999558926, 30774.041699999943376 ], [ 31076.533900000154972, 30774.339099999517202 ], [ 31076.485999999567866, 30774.636499999091029 ], [ 31076.437800000421703, 30774.933800000697374 ], [ 31076.389399999752641, 30775.231100000441074 ], [ 31076.340599999763072, 30775.528300000354648 ], [ 31076.291500000283122, 30775.825500000268221 ], [ 31076.242200000211596, 30776.122600000351667 ], [ 31076.192499999888241, 30776.419600000604987 ], [ 31076.142500000074506, 30776.716600000858307 ], [ 31076.092199999839067, 30777.013499999418855 ] ] ] } },
{ "type": "Feature", "properties": { "TYP_CD": 0, "STN_NAM": null, "ATTACHEMEN": null, "TYP_CD_DES": "LRT", "STN_NAM_DE": "SAMUDERA LRT STATION" }, "geometry": { "type": "Polygon", "coordinates": [ [ [ 35669.045300000347197, 44209.074500000104308 ], [ 35680.305700000375509, 44199.132200000807643 ], [ 35636.870900000445545, 44150.250600000843406 ], [ 35625.640800000168383, 44160.182199999690056 ], [ 35669.045300000347197, 44209.074500000104308 ] ] ] } },
{ "type": "Feature", "properties": { "TYP_CD": 0, "STN_NAM": null, "ATTACHEMEN": null, "TYP_CD_DES": "LRT", "STN_NAM_DE": "RANGGUNG LRT STATION" }, "geometry": { "type": "Polygon", "coordinates": [ [ [ 35157.964800000190735, 40626.039000000804663 ], [ 35115.027300000190735, 40668.515599999576807 ], [ 35125.542999999597669, 40679.199200000613928 ], [ 35168.480499999597669, 40636.707000000402331 ], [ 35157.964800000190735, 40626.039000000804663 ] ] ] } },
{ "type": "Feature", "properties": { "TYP_CD": 0, "STN_NAM": null, "ATTACHEMEN": null, "TYP_CD_DES": "MRT", "STN_NAM_DE": "SEMBAWANG MRT STATION" }, "geometry": { "type": "Polygon", "coordinates": [ [ [ 26450.365199999883771, 47807.820299999788404 ], [ 26428.800800000317395, 47854.363299999386072 ], [ 26489.396499999798834, 47868.558599999174476 ], [ 26514.578099999576807, 47874.457000000402331 ], [ 26515.197200000286102, 47871.992200000211596 ], [ 26633.447300000116229, 47899.753900000825524 ], [ 26668.025399999693036, 47907.859300000593066 ], [ 26680.171900000423193, 47910.703099999576807 ], [ 26683.097599999979138, 47904.136700000613928 ], [ 26671.150399999693036, 47901.335899999365211 ], [ 26642.398400000296533, 47894.597599999979138 ], [ 26649.255800000391901, 47865.679700000211596 ], [ 26577.839800000190735, 47848.480499999597669 ], [ 26579.951200000010431, 47838.652300000190735 ], [ 26510.511699999682605, 47822.386700000613928 ], [ 26453.496100000105798, 47809.035099999979138 ], [ 26450.365199999883771, 47807.820299999788404 ] ] ] } },
{ "type": "Feature", "properties": { "TYP_CD": 0, "STN_NAM": null, "ATTACHEMEN": null, "TYP_CD_DES": "LRT", "STN_NAM_DE": "PUNGGOL LRT STATION" }, "geometry": { "type": "Polygon", "coordinates": [ [ [ 35733.244300000369549, 43130.449400000274181 ], [ 35771.63289999961853, 43109.356300000101328 ], [ 35713.268099999986589, 43004.540500000119209 ], [ 35708.83600000012666, 43007.035900000482798 ], [ 35695.967799999751151, 42983.818299999460578 ], [ 35700.418899999931455, 42981.297299999744 ], [ 35640.91509999986738, 42873.106699999421835 ], [ 35602.595800000242889, 42894.271800000220537 ], [ 35662.354899999685585, 43002.298499999567866 ], [ 35666.884800000116229, 42999.781600000336766 ], [ 35679.687300000339746, 43023.04839999973774 ], [ 35675.110600000247359, 43025.531300000846386 ], [ 35733.244300000369549, 43130.449400000274181 ] ] ] } },
{ "type": "Feature", "properties": { "TYP_CD": 0, "STN_NAM": null, "ATTACHEMEN": null, "TYP_CD_DES": "LRT", "STN_NAM_DE": "KANGKAR LRT STATION" }, "geometry": { "type": "Polygon", "coordinates": [ [ [ 35663.222699999809265, 40632.75 ], [ 35650.046900000423193, 40639.906199999153614 ], [ 35680.828099999576807, 40696.656199999153614 ], [ 35694.027300000190735, 40689.585899999365211 ], [ 35663.222699999809265, 40632.75 ] ] ] } },
{ "type": "Feature", "properties": { "TYP_CD": 0, "STN_NAM": null, "ATTACHEMEN": null, "TYP_CD_DES": "MRT", "STN_NAM_DE": "PAYA LEBAR MRT STATION" }, "geometry": { "type": "Polygon", "coordinates": [ [ [ 34571.156200000084937, 33348.648399999365211 ], [ 34568.804700000211596, 33349.214800000190735 ], [ 34562.976599999703467, 33351.664100000634789 ], [ 34555.988300000317395, 33383.207000000402331 ], [ 34657.769500000402331, 33395.996099999174476 ], [ 34668.386699999682605, 33397.332000000402331 ], [ 34677.191399999894202, 33398.441400000825524 ], [ 34677.394500000402331, 33397.523399999365211 ], [ 34678.425800000317395, 33392.871099999174476 ], [ 34701.011699999682605, 33395.679700000211596 ], [ 34742.132799999788404, 33400.871099999174476 ], [ 34745.949199999682605, 33370.289000000804663 ], [ 34709.636699999682605, 33365.695299999788404 ], [ 34707.523400000296533, 33373.039000000804663 ], [ 34684.730499999597669, 33370.156199999153614 ], [ 34686.847599999979138, 33362.804700000211596 ], [ 34686.742200000211596, 33362.597599999979138 ], [ 34675.722699999809265, 33361.253900000825524 ], [ 34665.10149999987334, 33359.964800000190735 ], [ 34626.578099999576807, 33355.304700000211596 ], [ 34573.585900000296533, 33348.714800000190735 ], [ 34571.156200000084937, 33348.648399999365211 ] ] ] } },
{ "type": "Feature", "properties": { "TYP_CD": 0, "STN_NAM": null, "ATTACHEMEN": "C301A_S_BGS_MAIN_A_R19_P2.zip", "TYP_CD_DES": "MRT", "STN_NAM_DE": "BUGIS MRT STATION" }, "geometry": { "type": "Polygon", "coordinates": [ [ [ 30444.548799999989569, 31317.380799999460578 ], [ 30436.189399999566376, 31324.5625 ], [ 30423.318300000391901, 31323.589800000190735 ], [ 30418.513700000010431, 31317.996099999174476 ], [ 30399.179700000211596, 31334.611300000920892 ], [ 30488.160099999979138, 31438.531199999153614 ], [ 30465.730499999597669, 31457.800799999386072 ], [ 30481.800800000317395, 31476.501900000497699 ], [ 30486.792899999767542, 31476.880799999460578 ], [ 30491.318300000391901, 31482.148399999365211 ], [ 30471.910199999809265, 31498.826199999079108 ], [ 30483.380900000222027, 31512.173800000920892 ], [ 30494.531200000084937, 31502.593699999153614 ], [ 30511.720700000412762, 31503.802699999883771 ], [ 30515.912100000306964, 31508.679700000211596 ], [ 30520.839800000190735, 31504.443299999460578 ], [ 30532.328099999576807, 31505.251900000497699 ], [ 30540.052699999883771, 31498.613299999386072 ], [ 30614.953099999576807, 31585.410099999979138 ], [ 30622.177699999883771, 31579.205099999904633 ], [ 30601.505900000222027, 31549.501900000497699 ], [ 30610.521499999798834, 31541.753900000825524 ], [ 30533.622999999672174, 31451.585899999365211 ], [ 30538.47649999987334, 31447.414000000804663 ], [ 30529.162100000306964, 31436.576099999248981 ], [ 30531.423799999989569, 31434.634800000116229 ], [ 30533.015599999576807, 31434.753900000825524 ], [ 30554.392599999904633, 31459.330099999904633 ], [ 30555.492200000211596, 31458.384800000116229 ], [ 30560.177699999883771, 31463.835899999365211 ], [ 30567.154299999587238, 31457.837899999693036 ], [ 30562.470700000412762, 31452.388699999079108 ], [ 30563.570299999788404, 31451.443399999290705 ], [ 30502.267599999904633, 31380.101500000804663 ], [ 30501.167899999767542, 31381.046900000423193 ], [ 30491.16399999987334, 31369.40430000051856 ], [ 30484.185499999672174, 31375.400399999693036 ], [ 30494.189500000327826, 31387.042999999597669 ], [ 30493.089800000190735, 31387.986300000920892 ], [ 30521.574199999682605, 31421.435499999672174 ], [ 30521.453099999576807, 31423.02930000051856 ], [ 30519.343700000084937, 31424.84180000051856 ], [ 30512.865199999883771, 31417.302699999883771 ], [ 30507.859400000423193, 31421.603499999269843 ], [ 30453.400399999693036, 31358.228499999269843 ], [ 30458.527300000190735, 31354.085899999365211 ], [ 30459.949199999682605, 31335.302699999883771 ], [ 30458.103500000201166, 31333.156199999153614 ], [ 30459.128899999894202, 31332.277300000190735 ], [ 30452.351599999703467, 31324.388699999079108 ], [ 30453.867200000211596, 31323.085899999365211 ], [ 30451.521499999798834, 31320.355399999767542 ], [ 30450.003899999894202, 31321.65819999948144 ], [ 30447.78899999987334, 31319.080099999904633 ], [ 30446.763700000010431, 31319.959000000730157 ], [ 30444.548799999989569, 31317.380799999460578 ] ] ] } },
{ "type": "Feature", "properties": { "TYP_CD": 0, "STN_NAM": null, "ATTACHEMEN": "C109_S_OTP_MAIN_A_R19_P2.zip", "TYP_CD_DES": "MRT", "STN_NAM_DE": "OUTRAM PARK MRT STATION" }, "geometry": { "type": "Polygon", "coordinates": [ [ [ 28565.460699999704957, 29354.47550000064075 ], [ 28579.538900000043213, 29376.570900000631809 ], [ 28624.362900000065565, 29348.009500000625849 ], [ 28624.900899999774992, 29348.853499999269843 ], [ 28686.043200000189245, 29309.894600000232458 ], [ 28685.506199999712408, 29309.050599999725819 ], [ 28730.330199999734759, 29280.490100000053644 ], [ 28716.251000000163913, 29258.394600000232458 ], [ 28671.427000000141561, 29286.955099999904633 ], [ 28671.050999999977648, 29286.365100000053644 ], [ 28565.460699999704957, 29354.47550000064075 ] ] ] } },
{ "type": "Feature", "properties": { "TYP_CD": 0, "STN_NAM": null, "ATTACHEMEN": "C108_S_TPG_MAIN_A_R19_P2.zip", "TYP_CD_DES": "MRT", "STN_NAM_DE": "TANJONG PAGAR MRT STATION" }, "geometry": { "type": "Polygon", "coordinates": [ [ [ 29513.826200000010431, 28723.068299999460578 ], [ 29508.300800000317395, 28727.839800000190735 ], [ 29518.347599999979138, 28739.472599999979138 ], [ 29518.048799999989569, 28740.691400000825524 ], [ 29475.728500000201166, 28758.167999999597669 ], [ 29469.945299999788404, 28757.494100000709295 ], [ 29473.460900000296533, 28727.314400000497699 ], [ 29468.693300000391901, 28726.757799999788404 ], [ 29464.916000000201166, 28759.199200000613928 ], [ 29460.912100000306964, 28760.851600000634789 ], [ 29447.595700000412762, 28759.298800000920892 ], [ 29445.986299999989569, 28773.107400000095367 ], [ 29278.121100000105798, 28753.550799999386072 ], [ 29275.597599999979138, 28775.205099999904633 ], [ 29330.328099999576807, 28781.580099999904633 ], [ 29328.929700000211596, 28793.599600000306964 ], [ 29453.1875, 28808.074200000613928 ], [ 29454.507799999788404, 28796.75 ], [ 29475.361299999989569, 28799.179700000211596 ], [ 29476.564500000327826, 28788.851500000804663 ], [ 29455.710900000296533, 28786.421900000423193 ], [ 29457.099600000306964, 28774.497999999672174 ], [ 29470.177699999883771, 28766.77930000051856 ], [ 29522.970700000412762, 28744.978499999269843 ], [ 29529.822200000286102, 28752.910099999979138 ], [ 29538.599600000306964, 28745.326099999248981 ], [ 29528.138700000010431, 28733.214800000190735 ], [ 29524.960900000296533, 28735.960899999365211 ], [ 29513.826200000010431, 28723.068299999460578 ] ] ] } },
{ "type": "Feature", "properties": { "TYP_CD": 0, "STN_NAM": null, "ATTACHEMEN": "CC16_MRM STN.zip", "TYP_CD_DES": "MRT", "STN_NAM_DE": "MARYMOUNT MRT STATION" }, "geometry": { "type": "Polygon", "coordinates": [ [ [ 28756.100700000301003, 36666.869100000709295 ], [ 28753.309799999929965, 36659.374299999326468 ], [ 28736.595900000073016, 36665.597400000318885 ], [ 28735.043100000359118, 36661.42710000090301 ], [ 28718.066899999976158, 36667.748299999162555 ], [ 28693.587299999780953, 36738.759899999946356 ], [ 28690.927099999971688, 36739.111099999397993 ], [ 28688.486100000329316, 36720.621600000187755 ], [ 28657.058199999853969, 36724.771199999377131 ], [ 28657.791199999861419, 36730.322699999436736 ], [ 28651.842799999751151, 36731.1081000007689 ], [ 28653.001299999654293, 36739.881599999964237 ], [ 28653.740699999965727, 36745.483300000429153 ], [ 28637.884899999946356, 36747.576799999922514 ], [ 28626.1716, 36749.123299999162555 ], [ 28631.084499999880791, 36786.333200000226498 ], [ 28631.433199999853969, 36786.287200000137091 ], [ 28632.777099999599159, 36796.466000000014901 ], [ 28665.945899999700487, 36792.086799999698997 ], [ 28672.88370000012219, 36844.630999999120831 ], [ 28680.815000000409782, 36843.58390000090003 ], [ 28681.50870000012219, 36848.838300000876188 ], [ 28703.616499999538064, 36845.919900000095367 ], [ 28702.9227, 36840.665300000458956 ], [ 28704.311499999836087, 36840.481899999082088 ], [ 28693.316100000403821, 36757.205399999395013 ], [ 28696.601999999955297, 36756.771600000560284 ], [ 28720.820000000298023, 36685.516200000420213 ], [ 28727.356499999761581, 36683.067999999970198 ], [ 28725.559299999848008, 36678.241499999538064 ], [ 28756.100700000301003, 36666.869100000709295 ] ] ] } },
{ "type": "Feature", "properties": { "TYP_CD": 0, "STN_NAM": null, "ATTACHEMEN": "NE9_BNK STN.zip", "TYP_CD_DES": "MRT", "STN_NAM_DE": "BOON KENG MRT STATION" }, "geometry": { "type": "Polygon", "coordinates": [ [ [ 31049.076899999752641, 33347.991499999538064 ], [ 31042.147199999541044, 33353.573499999940395 ], [ 31051.164800000376999, 33364.765000000596046 ], [ 31060.180399999953806, 33375.956299999728799 ], [ 31059.869900000281632, 33376.206299999728799 ], [ 31063.535899999551475, 33380.757099999114871 ], [ 31063.848399999551475, 33380.507099999114871 ], [ 31066.352300000376999, 33383.616499999538064 ], [ 31071.944099999964237, 33390.553999999538064 ], [ 31078.588600000366569, 33399.940700000151992 ], [ 31085.121799999848008, 33409.237600000575185 ], [ 31091.697999999858439, 33418.593100000172853 ], [ 31098.272199999541044, 33427.944599999114871 ], [ 31103.985100000165403, 33436.01490000076592 ], [ 31084.197999999858439, 33452.311799999326468 ], [ 31076.74100000038743, 33458.45240000076592 ], [ 31100.715599999763072, 33487.561799999326468 ], [ 31096.801500000059605, 33490.803999999538064 ], [ 31109.721400000154972, 33506.515000000596046 ], [ 31111.631599999964237, 33509.425100000575185 ], [ 31113.033900000154972, 33511.561799999326468 ], [ 31125.494900000281632, 33526.686799999326468 ], [ 31131.264399999752641, 33533.694599999114871 ], [ 31158.08669999986887, 33566.260999999940395 ], [ 31152.182400000281632, 33571.124299999326468 ], [ 31152.580799999646842, 33571.60869999974966 ], [ 31151.617899999953806, 33572.374299999326468 ], [ 31151.377700000070035, 33572.073499999940395 ], [ 31138.598399999551475, 33582.73369999974966 ], [ 31140.64919999986887, 33585.319599999114871 ], [ 31131.416799999773502, 33592.643799999728799 ], [ 31138.248800000175834, 33601.260999999940395 ], [ 31156.598399999551475, 33586.710200000554323 ], [ 31158.299599999561906, 33588.776699999347329 ], [ 31163.317099999636412, 33584.643799999728799 ], [ 31176.133600000292063, 33600.20240000076592 ], [ 31181.010499999858439, 33602.979800000786781 ], [ 31191.328900000080466, 33615.507099999114871 ], [ 31198.778099999763072, 33609.370400000363588 ], [ 31199.989000000059605, 33610.843100000172853 ], [ 31204.305399999953806, 33615.061799999326468 ], [ 31219.369900000281632, 33633.350899999961257 ], [ 31246.494900000281632, 33611.010999999940395 ], [ 31199.86600000038743, 33555.026699999347329 ], [ 31199.096499999985099, 33546.155600000172853 ], [ 31204.196100000292063, 33539.378200000151992 ], [ 31214.985100000165403, 33523.58530000038445 ], [ 31202.936300000175834, 33508.956399999558926 ], [ 31200.516400000080466, 33505.268899999558926 ], [ 31199.623800000175834, 33503.913399999961257 ], [ 31187.50069999974221, 33489.194599999114871 ], [ 31168.436300000175834, 33504.89780000038445 ], [ 31135.52419999986887, 33464.936799999326468 ], [ 31111.082799999974668, 33430.17119999974966 ], [ 31110.61600000038743, 33430.550100000575185 ], [ 31106.295699999667704, 33424.405600000172853 ], [ 31106.582799999974668, 33424.202500000596046 ], [ 31104.971400000154972, 33421.913399999961257 ], [ 31104.686300000175834, 33422.112600000575185 ], [ 31097.522199999541044, 33411.925100000575185 ], [ 31074.778099999763072, 33379.569599999114871 ], [ 31071.098399999551475, 33374.999299999326468 ], [ 31071.252700000070035, 33374.874299999326468 ], [ 31067.422600000165403, 33370.120400000363588 ], [ 31067.112099999561906, 33370.370400000363588 ], [ 31049.076899999752641, 33347.991499999538064 ] ] ] } },
{ "type": "Feature", "properties": { "TYP_CD": 0, "STN_NAM": null, "ATTACHEMEN": "NE8_FRP STN.zip", "TYP_CD_DES": "MRT", "STN_NAM_DE": "FARRER PARK MRT STATION" }, "geometry": { "type": "Polygon", "coordinates": [ [ [ 30209.009800000116229, 32630.240199999883771 ], [ 30203.882799999788404, 32651.589800000190735 ], [ 30204.521499999798834, 32652.361300000920892 ], [ 30201.488300000317395, 32665.013699999079108 ], [ 30201.099600000306964, 32664.919900000095367 ], [ 30200.259700000286102, 32668.419900000095367 ], [ 30200.650399999693036, 32668.513599999248981 ], [ 30195.767599999904633, 32688.882799999788404 ], [ 30190.638700000010431, 32692.02930000051856 ], [ 30187.019500000402331, 32691.162100000306964 ], [ 30187.113300000317395, 32690.773399999365211 ], [ 30183.611299999989569, 32689.933599999174476 ], [ 30183.519500000402331, 32690.322300000116229 ], [ 30170.880800000391901, 32687.294900000095367 ], [ 30170.482400000095367, 32686.376900000497699 ], [ 30149.128899999894202, 32681.267599999904633 ], [ 30146.826200000010431, 32690.894500000402331 ], [ 30168.179700000211596, 32696.003900000825524 ], [ 30168.949199999682605, 32695.367200000211596 ], [ 30181.583999999798834, 32698.394500000402331 ], [ 30181.490199999883771, 32698.78319999948144 ], [ 30184.992200000211596, 32699.622999999672174 ], [ 30185.105499999597669, 32699.152300000190735 ], [ 30188.578099999576807, 32699.898399999365211 ], [ 30191.886699999682605, 32705.290999999269843 ], [ 30189.277300000190735, 32716.169900000095367 ], [ 30188.890599999576807, 32716.078099999576807 ], [ 30188.050800000317395, 32719.578099999576807 ], [ 30188.439399999566376, 32719.671800000593066 ], [ 30185.53899999987334, 32731.77930000051856 ], [ 30184.605499999597669, 32732.263599999248981 ], [ 30179.505900000222027, 32753.544900000095367 ], [ 30191.997999999672174, 32756.539000000804663 ], [ 30197.091799999587238, 32735.255799999460578 ], [ 30196.634700000286102, 32734.601600000634789 ], [ 30204.615199999883771, 32701.310499999672174 ], [ 30220.490199999883771, 32696.601500000804663 ], [ 30238.509700000286102, 32713.6875 ], [ 30233.966799999587238, 32718.476500000804663 ], [ 30232.951200000010431, 32717.513599999248981 ], [ 30232.125, 32718.384800000116229 ], [ 30268.082000000402331, 32752.478499999269843 ], [ 30273.277300000190735, 32746.997999999672174 ], [ 30287.099600000306964, 32760.107400000095367 ], [ 30293.636699999682605, 32753.212899999693036 ], [ 30305.283200000412762, 32764.255799999460578 ], [ 30313.333999999798834, 32755.765599999576807 ], [ 30352.736299999989569, 32793.128900000825524 ], [ 30344.685499999672174, 32801.617200000211596 ], [ 30361.882799999788404, 32817.925799999386072 ], [ 30350.771499999798834, 32829.644500000402331 ], [ 30347.738300000317395, 32826.769500000402331 ], [ 30341.544900000095367, 32833.300799999386072 ], [ 30345.384800000116229, 32836.941400000825524 ], [ 30356.732400000095367, 32847.699200000613928 ], [ 30356.457000000402331, 32847.992200000211596 ], [ 30360.810499999672174, 32852.117200000211596 ], [ 30361.085900000296533, 32851.828099999576807 ], [ 30387.199199999682605, 32876.726600000634789 ], [ 30393.736299999989569, 32869.835899999365211 ], [ 30385.042999999597669, 32861.589800000190735 ], [ 30404.482400000095367, 32841.093699999153614 ], [ 30409.199199999682605, 32845.566400000825524 ], [ 30414.066399999894202, 32840.429700000211596 ], [ 30419.931599999777973, 32834.242200000211596 ], [ 30424.611299999989569, 32829.308599999174476 ], [ 30419.894500000402331, 32824.835899999365211 ], [ 30420.443400000222027, 32824.257799999788404 ], [ 30395.730499999597669, 32800.820299999788404 ], [ 30396.982400000095367, 32798.910099999979138 ], [ 30396.207000000402331, 32798.175799999386072 ], [ 30407.183600000105798, 32781.433599999174476 ], [ 30394.152300000190735, 32769.078099999576807 ], [ 30434.236299999989569, 32707.570299999788404 ], [ 30445.521499999798834, 32705.722599999979138 ], [ 30468.972599999979138, 32735.335899999365211 ], [ 30476.263700000010431, 32729.5625 ], [ 30453.523400000296533, 32700.847599999979138 ], [ 30455.416000000201166, 32699.349600000306964 ], [ 30494.863300000317395, 32692.890599999576807 ], [ 30500.654299999587238, 32687.912100000306964 ], [ 30501.751899999566376, 32687.996099999174476 ], [ 30501.722599999979138, 32688.394500000402331 ], [ 30505.310499999672174, 32688.665999999269843 ], [ 30505.341799999587238, 32688.267599999904633 ], [ 30517.609400000423193, 32689.193299999460578 ], [ 30518.148400000296533, 32690.035099999979138 ], [ 30540.042999999597669, 32691.689400000497699 ], [ 30540.787100000306964, 32681.818399999290705 ], [ 30518.892599999904633, 32680.164000000804663 ], [ 30518.234400000423193, 32680.915999999269843 ], [ 30507.480499999597669, 32680.103499999269843 ], [ 30505.328099999576807, 32677.599600000306964 ], [ 30508.605499999597669, 32674.798800000920892 ], [ 30503.439500000327826, 32668.27930000051856 ], [ 30482.171900000423193, 32686.558599999174476 ], [ 30432.75, 32694.650399999693036 ], [ 30389.031200000084937, 32761.734400000423193 ], [ 30382.744099999777973, 32755.771500000730157 ], [ 30385.978500000201166, 32752.361300000920892 ], [ 30383.002000000327826, 32749.540999999269843 ], [ 30395.800800000317395, 32736.042899999767542 ], [ 30387.673799999989569, 32728.337899999693036 ], [ 30369.521499999798834, 32747.480499999597669 ], [ 30369.232400000095367, 32747.205099999904633 ], [ 30365.171900000423193, 32751.486300000920892 ], [ 30365.460900000296533, 32751.763699999079108 ], [ 30355.296900000423193, 32762.482400000095367 ], [ 30269.779299999587238, 32681.392500000074506 ], [ 30267.318300000391901, 32680.058599999174476 ], [ 30259.722599999979138, 32672.857400000095367 ], [ 30237.0, 32696.822200000286102 ], [ 30209.142599999904633, 32670.406199999153614 ], [ 30209.949199999682605, 32667.042899999767542 ], [ 30209.560499999672174, 32666.943399999290705 ], [ 30212.599600000306964, 32654.289100000634789 ], [ 30213.509700000286102, 32653.894500000402331 ], [ 30218.638700000010431, 32632.542899999767542 ], [ 30209.009800000116229, 32630.240199999883771 ] ] ] } },
{ "type": "Feature", "properties": { "TYP_CD": 0, "STN_NAM": null, "ATTACHEMEN": "NE7_LTI STN.zip", "TYP_CD_DES": "MRT", "STN_NAM_DE": "LITTLE INDIA MRT STATION" }, "geometry": { "type": "Polygon", "coordinates": [ [ [ 29740.437699999660254, 32010.72550000064075 ], [ 29797.928600000217557, 32084.394899999722838 ], [ 29797.455599999986589, 32084.764000000432134 ], [ 29798.983300000429153, 32086.721599999815226 ], [ 29784.11600000038743, 32098.472300000488758 ], [ 29774.438900000415742, 32106.034199999645352 ], [ 29779.32050000037998, 32112.29619999974966 ], [ 29770.119900000281632, 32119.466399999335408 ], [ 29775.54700000025332, 32126.420800000429153 ], [ 29776.830099999904633, 32129.087899999693036 ], [ 29780.861499999649823, 32134.287200000137091 ], [ 29822.540300000458956, 32188.326400000602007 ], [ 29832.063900000415742, 32180.467599999159575 ], [ 29854.85869999974966, 32209.440099999308586 ], [ 29843.7648, 32218.142799999564886 ], [ 29852.04839999973774, 32228.757500000298023 ], [ 29850.459099999628961, 32230.296700000762939 ], [ 29870.682400000281632, 32256.210999999195337 ], [ 29867.715200000442564, 32258.6261 ], [ 29873.203999999910593, 32265.659399999305606 ], [ 29869.163900000043213, 32268.975299999117851 ], [ 29863.572300000116229, 32274.163399999961257 ], [ 29874.523299999535084, 32288.196000000461936 ], [ 29877.585500000044703, 32285.943299999460578 ], [ 29879.980000000447035, 32289.011600000783801 ], [ 29899.846400000154972, 32273.50789999961853 ], [ 29905.910799999721348, 32274.858599999919534 ], [ 29914.504599999636412, 32284.964600000530481 ], [ 29932.436200000345707, 32270.970899999141693 ], [ 29928.188799999654293, 32264.520099999383092 ], [ 29917.820299999788404, 32251.109300000593066 ], [ 29903.574000000022352, 32232.72749999910593 ], [ 29904.567200000397861, 32231.952600000426173 ], [ 29903.36739999987185, 32230.415300000458956 ], [ 29913.810700000263751, 32217.072399999946356 ], [ 29893.235999999567866, 32189.450699999928474 ], [ 29887.542100000195205, 32193.691999999806285 ], [ 29893.949099999852479, 32202.293500000610948 ], [ 29884.919200000353158, 32208.949500000104308 ], [ 29868.615699999965727, 32188.058299999684095 ], [ 29837.810399999842048, 32148.584100000560284 ], [ 29845.28000000026077, 32142.754899999126792 ], [ 29833.836799999698997, 32128.091600000858307 ], [ 29835.148299999535084, 32117.459499999880791 ], [ 29824.698200000450015, 32104.068800000473857 ], [ 29825.043100000359118, 32100.999399999156594 ], [ 29825.639200000092387, 32101.066400000825524 ], [ 29826.241899999789894, 32095.700300000607967 ], [ 29825.692499999888241, 32095.638699999079108 ], [ 29828.380900000222027, 32071.279899999499321 ], [ 29819.634399999864399, 32070.29759999923408 ], [ 29819.424899999983609, 32072.162599999457598 ], [ 29817.706299999728799, 32071.969599999487 ], [ 29815.987700000405312, 32071.776499999687076 ], [ 29807.050099999643862, 32060.323899999260902 ], [ 29798.112599999643862, 32048.871200000867248 ], [ 29793.103500000201166, 32053.017599999904633 ], [ 29788.094499999657273, 32057.164000000804663 ], [ 29788.094200000166893, 32057.164200000464916 ], [ 29778.02379999961704, 32044.259999999776483 ], [ 29760.241899999789894, 32021.474099999293685 ], [ 29760.392699999734759, 32019.310399999842048 ], [ 29790.230499999597669, 31994.68019999936223 ], [ 29784.5011, 31987.739399999380112 ], [ 29771.565399999730289, 31998.417400000616908 ], [ 29770.194899999536574, 31996.757500000298023 ], [ 29768.823300000280142, 31995.096400000154972 ], [ 29760.699900000356138, 32001.800799999386072 ], [ 29752.698800000362098, 32008.40430000051856 ], [ 29748.790400000289083, 32003.653400000184774 ], [ 29740.437699999660254, 32010.72550000064075 ] ], [ [ 29811.484299999661744, 32076.733599999919534 ], [ 29809.198099999688566, 32078.517799999564886 ], [ 29806.911899999715388, 32080.301899999380112 ], [ 29805.496799999848008, 32078.488700000569224 ], [ 29805.02379999961704, 32078.857899999246001 ], [ 29792.771800000220537, 32063.15819999948144 ], [ 29792.771900000050664, 32063.158099999651313 ], [ 29795.237900000065565, 32061.116800000891089 ], [ 29797.703999999910593, 32059.075500000268221 ], [ 29804.594100000336766, 32067.904500000178814 ], [ 29811.484299999661744, 32076.733599999919534 ] ], [ [ 29817.984000000171363, 32084.992900000885129 ], [ 29817.983900000341237, 32084.993000000715256 ], [ 29817.080599999986589, 32093.035800000652671 ], [ 29816.306300000287592, 32093.315300000831485 ], [ 29812.904799999669194, 32088.956700000911951 ], [ 29812.904900000430644, 32088.956599999219179 ], [ 29815.44440000038594, 32086.974799999967217 ], [ 29817.984000000171363, 32084.992900000885129 ] ] ] } },
{ "type": "Feature", "properties": { "TYP_CD": 0, "STN_NAM": null, "ATTACHEMEN": "NE6_DBG STN.zip", "TYP_CD_DES": "MRT", "STN_NAM_DE": "DHOBY GHAUT MRT STATION" }, "geometry": { "type": "Polygon", "coordinates": [ [ [ 29385.16399999987334, 31256.605499999597669 ], [ 29427.316399999894202, 31242.535099999979138 ], [ 29428.884800000116229, 31242.064400000497699 ], [ 29428.408200000412762, 31242.638599999248981 ], [ 29471.886699999682605, 31228.384700000286102 ], [ 29471.701200000010431, 31227.814400000497699 ], [ 29514.175800000317395, 31213.888699999079108 ], [ 29507.447200000286102, 31193.363299999386072 ], [ 29476.279299999587238, 31203.582000000402331 ], [ 29473.724600000306964, 31195.789000000804663 ], [ 29364.449199999682605, 31231.617200000211596 ], [ 29367.001899999566376, 31239.40819999948144 ], [ 29335.833999999798834, 31249.626900000497699 ], [ 29342.564399999566376, 31270.152300000190735 ], [ 29385.039099999703467, 31256.226500000804663 ], [ 29385.16399999987334, 31256.605499999597669 ] ] ] } },
{ "type": "Feature", "properties": { "TYP_CD": 0, "STN_NAM": null, "ATTACHEMEN": "NE5_CQY STN.zip", "TYP_CD_DES": "MRT", "STN_NAM_DE": "CLARKE QUAY MRT STATION" }, "geometry": { "type": "Polygon", "coordinates": [ [ [ 29382.060499999672174, 29898.138699999079108 ], [ 29378.089800000190735, 29901.513699999079108 ], [ 29383.997999999672174, 29908.439400000497699 ], [ 29385.042999999597669, 29907.552699999883771 ], [ 29409.519500000402331, 29936.246099999174476 ], [ 29415.029299999587238, 29931.722599999979138 ], [ 29432.289099999703467, 29953.068299999460578 ], [ 29463.654299999587238, 30029.09180000051856 ], [ 29444.824199999682605, 30035.236300000920892 ], [ 29416.648400000296533, 30002.210899999365211 ], [ 29392.271499999798834, 30024.593699999153614 ], [ 29400.449199999682605, 30033.455099999904633 ], [ 29418.296900000423193, 30016.927699999883771 ], [ 29431.775399999693036, 30032.728499999269843 ], [ 29414.513700000010431, 30048.695299999788404 ], [ 29433.705099999904633, 30069.443299999460578 ], [ 29437.916000000201166, 30076.572300000116229 ], [ 29459.263700000010431, 30099.625 ], [ 29481.667999999597669, 30168.242200000211596 ], [ 29464.642599999904633, 30184.115199999883771 ], [ 29498.247999999672174, 30220.388699999079108 ], [ 29500.447300000116229, 30227.125 ], [ 29525.605499999597669, 30218.90819999948144 ], [ 29545.472699999809265, 30200.497999999672174 ], [ 29558.826200000010431, 30188.132799999788404 ], [ 29560.369099999777973, 30186.691400000825524 ], [ 29535.398400000296533, 30159.77930000051856 ], [ 29510.044900000095367, 30132.398399999365211 ], [ 29500.699199999682605, 30103.759700000286102 ], [ 29497.16399999987334, 30100.613299999386072 ], [ 29487.824199999682605, 30073.601500000804663 ], [ 29472.372999999672174, 30026.246099999174476 ], [ 29471.566399999894202, 30026.509700000286102 ], [ 29434.744099999777973, 29936.9375 ], [ 29418.304700000211596, 29916.103499999269843 ], [ 29405.863300000317395, 29926.044900000095367 ], [ 29382.060499999672174, 29898.138699999079108 ] ] ] } },
{ "type": "Feature", "properties": { "TYP_CD": 0, "STN_NAM": null, "ATTACHEMEN": "NE4_CNT STN.zip", "TYP_CD_DES": "MRT", "STN_NAM_DE": "CHINATOWN MRT STATION" }, "geometry": { "type": "Polygon", "coordinates": [ [ [ 29022.888700000010431, 29522.292899999767542 ], [ 28999.580099999904633, 29542.367200000211596 ], [ 28984.634800000116229, 29524.931600000709295 ], [ 28975.517599999904633, 29532.781199999153614 ], [ 28998.218700000084937, 29558.255899999290705 ], [ 29021.716799999587238, 29538.017599999904633 ], [ 29035.330099999904633, 29553.822200000286102 ], [ 29086.355499999597669, 29612.226500000804663 ], [ 29082.314399999566376, 29615.707000000402331 ], [ 29099.914099999703467, 29636.167899999767542 ], [ 29097.408200000412762, 29638.334000000730157 ], [ 29100.632799999788404, 29642.232400000095367 ], [ 29094.402300000190735, 29647.597599999979138 ], [ 29083.72649999987334, 29656.304700000211596 ], [ 29086.224600000306964, 29659.365199999883771 ], [ 29061.832000000402331, 29679.257799999788404 ], [ 29057.478500000201166, 29673.919900000095367 ], [ 29052.441399999894202, 29678.02930000051856 ], [ 29063.201200000010431, 29691.22069999948144 ], [ 29092.628899999894202, 29667.22069999948144 ], [ 29092.923799999989569, 29667.580099999904633 ], [ 29107.609400000423193, 29655.603499999269843 ], [ 29106.947300000116229, 29654.790999999269843 ], [ 29109.544900000095367, 29652.578099999576807 ], [ 29113.974600000306964, 29657.722599999979138 ], [ 29118.718700000084937, 29653.636700000613928 ], [ 29144.867200000211596, 29683.997999999672174 ], [ 29141.962899999693036, 29686.539100000634789 ], [ 29161.087899999693036, 29708.744100000709295 ], [ 29161.1875, 29709.474600000306964 ], [ 29172.406200000084937, 29722.5 ], [ 29165.892599999904633, 29728.111300000920892 ], [ 29142.886699999682605, 29748.09180000051856 ], [ 29146.607400000095367, 29752.382799999788404 ], [ 29150.966799999587238, 29748.710899999365211 ], [ 29151.878899999894202, 29749.759800000116229 ], [ 29156.710900000296533, 29745.5625 ], [ 29155.833999999798834, 29744.552699999883771 ], [ 29179.607400000095367, 29723.835899999365211 ], [ 29213.068300000391901, 29764.546900000423193 ], [ 29215.339800000190735, 29766.009700000286102 ], [ 29234.791000000201166, 29749.255799999460578 ], [ 29232.789099999703467, 29746.929700000211596 ], [ 29240.439399999566376, 29740.339800000190735 ], [ 29249.478500000201166, 29750.834000000730157 ], [ 29251.752000000327826, 29748.876900000497699 ], [ 29243.919900000095367, 29739.785099999979138 ], [ 29247.111299999989569, 29737.035099999979138 ], [ 29235.574199999682605, 29723.21680000051856 ], [ 29239.976599999703467, 29719.425799999386072 ], [ 29236.755800000391901, 29715.337899999693036 ], [ 29232.179700000211596, 29719.277300000190735 ], [ 29216.814399999566376, 29699.556600000709295 ], [ 29192.150399999693036, 29683.423800000920892 ], [ 29128.382799999788404, 29609.382799999788404 ], [ 29130.292899999767542, 29607.738299999386072 ], [ 29126.771499999798834, 29603.609400000423193 ], [ 29175.855499999597669, 29573.957000000402331 ], [ 29168.992200000211596, 29561.943299999460578 ], [ 29119.173799999989569, 29591.27930000051856 ], [ 29116.109400000423193, 29587.888599999248981 ], [ 29112.650399999693036, 29590.925799999386072 ], [ 29061.214800000190735, 29531.396500000730157 ], [ 29043.712899999693036, 29546.47069999948144 ], [ 29022.888700000010431, 29522.292899999767542 ] ] ] } },
{ "type": "Feature", "properties": { "TYP_CD": 0, "STN_NAM": null, "ATTACHEMEN": null, "TYP_CD_DES": "MRT", "STN_NAM_DE": "BENCOOLEN MRT STATION" }, "geometry": { "type": "Polygon", "coordinates": [ [ [ 29776.351800000295043, 31111.399700000882149 ], [ 29769.823800000362098, 31116.766000000759959 ], [ 29790.27280000038445, 31141.087200000882149 ], [ 29810.721699999645352, 31165.408299999311566 ], [ 29808.25719999987632, 31167.480599999427795 ], [ 29818.425200000405312, 31179.573999999091029 ], [ 29821.14989999961108, 31183.35840000025928 ], [ 29827.810499999672174, 31191.2804000005126 ], [ 29827.580900000408292, 31191.473500000312924 ], [ 29839.486499999649823, 31205.633500000461936 ], [ 29838.843999999575317, 31206.173599999397993 ], [ 29849.076399999670684, 31218.343499999493361 ], [ 29850.958700000308454, 31216.760900000110269 ], [ 29888.895700000226498, 31261.881699999794364 ], [ 29926.897199999541044, 31307.07909999974072 ], [ 29930.95380000025034, 31303.668299999088049 ], [ 29935.458599999547005, 31309.026100000366569 ], [ 29942.159599999897182, 31303.392500000074506 ], [ 29946.467600000090897, 31308.523299999535084 ], [ 29949.529299999587238, 31305.949100000783801 ], [ 29955.160299999639392, 31312.64640000090003 ], [ 29956.997299999929965, 31311.10190000012517 ], [ 29962.361700000241399, 31317.48200000077486 ], [ 29965.423299999907613, 31314.9079 ], [ 29950.116399999707937, 31296.702600000426173 ], [ 29979.194199999794364, 31272.253699999302626 ], [ 29967.401200000196695, 31258.227600000798702 ], [ 29936.371399999596179, 31284.317099999636412 ], [ 29902.947200000286102, 31244.563699999824166 ], [ 29869.52309999987483, 31204.810399999842048 ], [ 29872.852800000458956, 31202.010800000280142 ], [ 29853.958300000056624, 31179.538399999961257 ], [ 29866.675499999895692, 31168.845899999141693 ], [ 29864.616200000047684, 31166.396600000560284 ], [ 29851.899000000208616, 31177.088999999687076 ], [ 29848.912999999709427, 31173.537499999627471 ], [ 29848.836500000208616, 31173.601800000295043 ], [ 29843.363400000147521, 31167.092199999839067 ], [ 29838.307799999602139, 31171.3429000005126 ], [ 29843.78110000025481, 31177.852600000798702 ], [ 29836.859600000083447, 31183.67200000025332 ], [ 29819.83629999961704, 31163.425200000405312 ], [ 29817.189500000327826, 31159.9704 ], [ 29796.770600000396371, 31135.685000000521541 ], [ 29776.351800000295043, 31111.399700000882149 ] ] ] } },
{ "type": "Feature", "properties": { "TYP_CD": 0, "STN_NAM": null, "ATTACHEMEN": null, "TYP_CD_DES": "MRT", "STN_NAM_DE": "FORT CANNING MRT STATION" }, "geometry": { "type": "Polygon", "coordinates": [ [ [ 29178.081500000320375, 30504.322499999776483 ], [ 29177.299999999813735, 30504.784900000318885 ], [ 29182.27240000013262, 30516.523600000888109 ], [ 29200.771800000220537, 30547.78940000012517 ], [ 29207.7341, 30543.669900000095367 ], [ 29270.359600000083447, 30649.513299999758601 ], [ 29300.567900000140071, 30631.639699999243021 ], [ 29183.255400000140071, 30433.369599999859929 ], [ 29153.047100000083447, 30451.243200000375509 ], [ 29177.785000000149012, 30493.052899999544024 ], [ 29174.205000000074506, 30495.171099999919534 ], [ 29178.081500000320375, 30504.322499999776483 ] ] ] } },
{ "type": "Feature", "properties": { "TYP_CD": 0, "STN_NAM": null, "ATTACHEMEN": null, "TYP_CD_DES": "MRT", "STN_NAM_DE": "KAKI BUKIT MRT STATION" }, "geometry": { "type": "Polygon", "coordinates": [ [ [ 36435.158300000242889, 35265.768100000917912 ], [ 36430.901999999769032, 35263.581299999728799 ], [ 36437.847500000149012, 35224.72440000064671 ], [ 36414.246600000187755, 35220.505799999460578 ], [ 36412.650799999944866, 35229.433299999684095 ], [ 36407.102300000376999, 35232.713899999856949 ], [ 36290.871600000187755, 35211.938100000843406 ], [ 36281.030199999921024, 35200.640100000426173 ], [ 36244.221099999733269, 35194.802899999544024 ], [ 36243.0777000002563, 35202.012800000607967 ], [ 36259.720099999569356, 35204.652000000700355 ], [ 36258.47690000012517, 35212.491200000047684 ], [ 36279.538099999539554, 35236.669800000265241 ], [ 36336.234699999913573, 35246.803999999538064 ], [ 36392.931300000287592, 35256.938300000503659 ], [ 36406.179999999701977, 35263.77559999935329 ], [ 36420.026200000196695, 35269.674799999222159 ], [ 36417.89879999961704, 35278.028699999675155 ], [ 36431.175099999643862, 35281.409600000828505 ], [ 36447.392199999652803, 35285.539300000295043 ], [ 36463.411899999715388, 35292.770700000226498 ], [ 36463.703499999828637, 35292.124800000339746 ], [ 36467.331000000238419, 35293.762299999594688 ], [ 36471.980399999767542, 35283.462500000372529 ], [ 36470.393600000068545, 35282.746300000697374 ], [ 36470.793200000189245, 35281.86119999922812 ], [ 36435.121199999935925, 35265.75870000012219 ], [ 36435.158300000242889, 35265.768100000917912 ] ] ] } },
{ "type": "Feature", "properties": { "TYP_CD": 0, "STN_NAM": null, "ATTACHEMEN": null, "TYP_CD_DES": "MRT", "STN_NAM_DE": "TAMPINES MRT STATION" }, "geometry": { "type": "Polygon", "coordinates": [ [ [ 40171.042200000025332, 37416.553099999204278 ], [ 40145.721499999985099, 37440.600400000810623 ], [ 40152.731599999591708, 37447.981699999421835 ], [ 40155.323499999940395, 37449.040899999439716 ], [ 40200.94400000013411, 37497.077299999073148 ], [ 40181.307400000281632, 37515.726399999111891 ], [ 40181.7204, 37516.161599999293685 ], [ 40174.325299999676645, 37523.184800000861287 ], [ 40180.016900000162423, 37529.177699999883771 ], [ 40166.421099999919534, 37542.089700000360608 ], [ 40174.788099999539554, 37550.899700000882149 ], [ 40195.779099999926984, 37530.964400000870228 ], [ 40195.778900000266731, 37530.964600000530481 ], [ 40196.192099999636412, 37531.399700000882149 ], [ 40196.192300000227988, 37531.39949999935925 ], [ 40215.828900000080466, 37512.750399999320507 ], [ 40231.304299999959767, 37529.045299999415874 ], [ 40232.228400000371039, 37531.688400000333786 ], [ 40239.169700000435114, 37538.997199999168515 ], [ 40266.687400000169873, 37512.863399999216199 ], [ 40242.512799999676645, 37487.408500000834465 ], [ 40262.149400000460446, 37468.759500000625849 ], [ 40261.736200000159442, 37468.324400000274181 ], [ 40284.46750000026077, 37446.736400000751019 ], [ 40276.100599999539554, 37437.926400000229478 ], [ 40260.764600000344217, 37452.491100000217557 ], [ 40255.072999999858439, 37446.498099999502301 ], [ 40247.677699999883771, 37453.52140000090003 ], [ 40247.264499999582767, 37453.086300000548363 ], [ 40236.74239999987185, 37463.079199999570847 ], [ 40212.846699999645352, 37437.918099999427795 ], [ 40174.164800000376999, 37397.187699999660254 ], [ 40174.151999999769032, 37368.138499999418855 ], [ 40163.691700000315905, 37368.142599999904633 ], [ 40163.70990000013262, 37408.832599999383092 ], [ 40171.042200000025332, 37416.553099999204278 ] ] ] } },
{ "type": "Feature", "properties": { "TYP_CD": 0, "STN_NAM": null, "ATTACHEMEN": null, "TYP_CD_DES": "MRT", "STN_NAM_DE": "JALAN BESAR MRT STATION" }, "geometry": { "type": "Polygon", "coordinates": [ [ [ 30425.005699999630451, 31897.314999999478459 ], [ 30403.592199999839067, 31911.252800000831485 ], [ 30415.811900000087917, 31930.026599999517202 ], [ 30416.985299999825656, 31929.262900000438094 ], [ 30443.660899999551475, 31970.245999999344349 ], [ 30431.129399999976158, 31978.402300000190735 ], [ 30458.421099999919534, 32020.332100000232458 ], [ 30470.9527000002563, 32012.175899999216199 ], [ 30491.613099999725819, 32043.917400000616908 ], [ 30491.408300000242889, 32044.885900000110269 ], [ 30493.697999999858439, 32048.403799999505281 ], [ 30513.728900000452995, 32035.365900000557303 ], [ 30511.438799999654293, 32031.847599999979138 ], [ 30510.607699999585748, 32031.671800000593066 ], [ 30507.155500000342727, 32026.368000000715256 ], [ 30511.841699999757111, 32022.046800000593066 ], [ 30530.019899999722838, 32005.284900000318885 ], [ 30521.616200000047684, 31996.17119999974966 ], [ 30518.288399999961257, 31999.239700000733137 ], [ 30512.117600000463426, 31992.547499999403954 ], [ 30495.371899999678135, 32007.988600000739098 ], [ 30447.480399999767542, 31934.682600000873208 ], [ 30473.366200000047684, 31909.295099999755621 ], [ 30450.85080000013113, 31886.337799999862909 ], [ 30430.715099999681115, 31906.086600000038743 ], [ 30425.005699999630451, 31897.314999999478459 ] ] ] } },
{ "type": "Feature", "properties": { "TYP_CD": 0, "STN_NAM": null, "ATTACHEMEN": null, "TYP_CD_DES": "MRT", "STN_NAM_DE": "MATTAR MRT STATION" }, "geometry": { "type": "Polygon", "coordinates": [ [ [ 33483.279699999839067, 34360.101199999451637 ], [ 33499.004099999554455, 34391.817199999466538 ], [ 33499.448300000280142, 34392.71309999935329 ], [ 33500.613199999555945, 34392.135500000789762 ], [ 33500.524400000460446, 34391.956399999558926 ], [ 33501.106800000183284, 34391.667600000277162 ], [ 33502.75040000025183, 34394.982599999755621 ], [ 33516.905899999663234, 34387.963500000536442 ], [ 33515.262799999676645, 34384.649299999698997 ], [ 33520.212500000372529, 34382.195299999788404 ], [ 33522.166899999603629, 34386.137399999424815 ], [ 33531.148699999786913, 34381.684299999848008 ], [ 33529.194199999794364, 34377.742200000211596 ], [ 33537.61600000038743, 34373.566800000146031 ], [ 33537.704800000414252, 34373.745999999344349 ], [ 33598.986600000411272, 34343.363299999386072 ], [ 33598.89780000038445, 34343.184200000017881 ], [ 33629.538599999621511, 34327.992900000885129 ], [ 33629.627700000070035, 34328.17259999923408 ], [ 33630.792399999685585, 34327.595200000330806 ], [ 33615.111999999731779, 34295.968000000342727 ], [ 33615.4704, 34295.790300000458956 ], [ 33613.6261, 34292.07039999961853 ], [ 33601.333899999968708, 34298.164799999445677 ], [ 33600.668200000189245, 34296.822000000625849 ], [ 33589.934999999590218, 34302.143400000408292 ], [ 33591.034699999727309, 34304.361500000581145 ], [ 33578.13300000037998, 34310.758500000461936 ], [ 33579.098899999633431, 34312.706800000742078 ], [ 33522.476599999703467, 34340.779500000178814 ], [ 33522.432099999859929, 34340.689899999648333 ], [ 33483.279699999839067, 34360.101199999451637 ] ] ] } },
{ "type": "Feature", "properties": { "TYP_CD": 0, "STN_NAM": null, "ATTACHEMEN": null, "TYP_CD_DES": "MRT", "STN_NAM_DE": "BAYFRONT MRT STATION" }, "geometry": { "type": "Polygon", "coordinates": [ [ [ 30788.584400000050664, 29275.895999999716878 ], [ 30824.91370000038296, 29332.273399999365211 ], [ 30821.175099999643862, 29334.682700000703335 ], [ 30916.935399999842048, 29483.287100000306964 ], [ 30942.495799999684095, 29466.816099999472499 ], [ 30942.225499999709427, 29466.396800000220537 ], [ 30948.270899999886751, 29462.501199999824166 ], [ 30922.569600000046194, 29422.616900000721216 ], [ 30916.852099999785423, 29426.301200000569224 ], [ 30894.481100000441074, 29391.584699999541044 ], [ 30901.911999999545515, 29386.796299999579787 ], [ 30906.949500000104308, 29394.613700000569224 ], [ 30911.089399999938905, 29391.946100000292063 ], [ 30891.602699999697506, 29361.705800000578165 ], [ 30887.462799999862909, 29364.37360000051558 ], [ 30894.545199999585748, 29375.364299999549985 ], [ 30887.114400000311434, 29380.152699999511242 ], [ 30860.355600000359118, 29338.627900000661612 ], [ 30865.903500000014901, 29335.052799999713898 ], [ 30862.653500000014901, 29330.00929999910295 ], [ 30868.722599999979138, 29326.098400000482798 ], [ 30828.969200000166893, 29264.407600000500679 ], [ 30822.899400000460446, 29268.317500000819564 ], [ 30822.683899999596179, 29267.982899999246001 ], [ 30817.135499999858439, 29271.557299999520183 ], [ 30810.733900000341237, 29261.622899999842048 ], [ 30811.742600000463426, 29260.972999999299645 ], [ 30810.771999999880791, 29259.46680000051856 ], [ 30786.604700000025332, 29275.040200000628829 ], [ 30787.575299999676645, 29276.546399999409914 ], [ 30788.584400000050664, 29275.895999999716878 ] ] ] } },
{ "type": "Feature", "properties": { "TYP_CD": 0, "STN_NAM": null, "ATTACHEMEN": null, "TYP_CD_DES": "MRT", "STN_NAM_DE": "DHOBY GHAUT MRT STATION" }, "geometry": { "type": "Polygon", "coordinates": [ [ [ 29385.16399999987334, 31256.605499999597669 ], [ 29376.4375, 31259.519500000402331 ], [ 29376.582000000402331, 31260.122999999672174 ], [ 29372.622999999672174, 31264.96680000051856 ], [ 29286.595700000412762, 31293.117200000211596 ], [ 29295.865199999883771, 31319.732400000095367 ], [ 29264.890599999576807, 31332.582000000402331 ], [ 29267.994099999777973, 31340.0625 ], [ 29299.052699999883771, 31327.179700000211596 ], [ 29313.828099999576807, 31358.730399999767542 ], [ 29298.595700000412762, 31362.568299999460578 ], [ 29301.734400000423193, 31370.130799999460578 ], [ 29314.384700000286102, 31366.933599999174476 ], [ 29318.535099999979138, 31374.490199999883771 ], [ 29321.628899999894202, 31380.042899999767542 ], [ 29323.376899999566376, 31383.224600000306964 ], [ 29325.849600000306964, 31388.423800000920892 ], [ 29327.148400000296533, 31390.794900000095367 ], [ 29332.150399999693036, 31403.511700000613928 ], [ 29335.798799999989569, 31402.050799999386072 ], [ 29342.232400000095367, 31405.019500000402331 ], [ 29345.892599999904633, 31403.84180000051856 ], [ 29347.783200000412762, 31407.244100000709295 ], [ 29348.980499999597669, 31407.97069999948144 ], [ 29368.994099999777973, 31444.695299999788404 ], [ 29365.792999999597669, 31446.460899999365211 ], [ 29374.802699999883771, 31462.865199999883771 ], [ 29377.521499999798834, 31461.369100000709295 ], [ 29378.773400000296533, 31463.673800000920892 ], [ 29399.648400000296533, 31452.232400000095367 ], [ 29387.462899999693036, 31430.007799999788404 ], [ 29386.921900000423193, 31429.808599999174476 ], [ 29369.326200000010431, 31397.665999999269843 ], [ 29369.406200000084937, 31395.435499999672174 ], [ 29369.037100000306964, 31394.730499999597669 ], [ 29373.400399999693036, 31392.525399999693036 ], [ 29375.283200000412762, 31391.585899999365211 ], [ 29379.669900000095367, 31388.923800000920892 ], [ 29386.621100000105798, 31384.314400000497699 ], [ 29391.390599999576807, 31380.619100000709295 ], [ 29396.103500000201166, 31376.572200000286102 ], [ 29397.369099999777973, 31375.47069999948144 ], [ 29400.113300000317395, 31372.755899999290705 ], [ 29402.622999999672174, 31370.185499999672174 ], [ 29405.208999999798834, 31357.599600000306964 ], [ 29404.1875, 31354.247999999672174 ], [ 29403.171900000423193, 31352.015599999576807 ], [ 29401.824199999682605, 31350.009700000286102 ], [ 29398.544900000095367, 31339.917899999767542 ], [ 29386.076200000010431, 31302.601500000804663 ], [ 29384.025399999693036, 31296.1875 ], [ 29388.986299999989569, 31290.212899999693036 ], [ 29395.736299999989569, 31282.066400000825524 ], [ 29402.935499999672174, 31273.382799999788404 ], [ 29411.537100000306964, 31263.042999999597669 ], [ 29428.408200000412762, 31242.638599999248981 ], [ 29428.884800000116229, 31242.064400000497699 ], [ 29427.316399999894202, 31242.535099999979138 ], [ 29385.16399999987334, 31256.605499999597669 ] ] ] } },
{ "type": "Feature", "properties": { "TYP_CD": 0, "STN_NAM": null, "ATTACHEMEN": null, "TYP_CD_DES": "MRT", "STN_NAM_DE": "JURONG EAST MRT STATION" }, "geometry": { "type": "Polygon", "coordinates": [ [ [ 17844.299599999561906, 35103.835100000724196 ], [ 17845.949799999594688, 35104.749299999326468 ], [ 17845.066599999554455, 35106.343800000846386 ], [ 17854.32039999961853, 35111.469799999147654 ], [ 17856.010200000368059, 35108.419299999251962 ], [ 17860.300999999977648, 35110.79619999974966 ], [ 17931.022199999541044, 34983.114700000733137 ], [ 17926.735399999655783, 34980.740299999713898 ], [ 17928.660099999979138, 34977.26549999974668 ], [ 17926.770700000226498, 34976.219000000506639 ], [ 17931.286899999715388, 34968.065799999982119 ], [ 17924.849700000137091, 34964.500099999830127 ], [ 17920.333499999716878, 34972.653400000184774 ], [ 17919.331899999640882, 34972.098500000312924 ], [ 17918.213700000196695, 34974.11710000038147 ], [ 17916.689000000245869, 34973.27250000089407 ], [ 17914.49959999974817, 34973.96309999935329 ], [ 17912.459499999880791, 34972.833100000396371 ], [ 17913.960500000044703, 34970.123099999502301 ], [ 17912.180499999783933, 34969.137099999934435 ], [ 17917.083899999968708, 34960.284399999305606 ], [ 17911.663399999961257, 34957.282099999487 ], [ 17906.663099999539554, 34966.309800000861287 ], [ 17905.112599999643862, 34965.450899999588728 ], [ 17904.514999999664724, 34966.5296 ], [ 17900.117899999953806, 34964.094200000166893 ], [ 17900.715400000102818, 34963.01549999974668 ], [ 17899.077899999916553, 34962.108500000089407 ], [ 17904.078200000338256, 34953.080800000578165 ], [ 17898.657700000330806, 34950.078400000929832 ], [ 17893.657399999909103, 34959.106200000271201 ], [ 17892.019399999640882, 34958.198799999430776 ], [ 17890.615000000223517, 34960.734200000762939 ], [ 17887.158300000242889, 34958.819700000807643 ], [ 17816.43819999974221, 35086.500499999150634 ], [ 17798.67090000025928, 35118.573100000619888 ], [ 17799.962000000290573, 35119.288399999961257 ], [ 17796.707100000232458, 35125.163499999791384 ], [ 17798.436999999918044, 35126.121700000017881 ], [ 17798.926099999807775, 35128.298000000417233 ], [ 17805.700400000438094, 35132.050400000065565 ], [ 17807.763700000010431, 35131.325300000607967 ], [ 17811.638199999928474, 35133.471400000154972 ], [ 17812.117899999953806, 35135.605100000277162 ], [ 17818.892500000074506, 35139.357400000095367 ], [ 17820.97580000013113, 35138.625099999830127 ], [ 17822.769199999980628, 35139.61849999986589 ], [ 17826.031700000166893, 35133.728399999439716 ], [ 17827.340200000442564, 35134.453199999406934 ], [ 17837.5152000002563, 35116.083100000396371 ], [ 17844.299599999561906, 35103.835100000724196 ] ] ] } },
{ "type": "Feature", "properties": { "TYP_CD": 0, "STN_NAM": null, "ATTACHEMEN": null, "TYP_CD_DES": "MRT", "STN_NAM_DE": "BEDOK NORTH MRT STATION" }, "geometry": { "type": "Polygon", "coordinates": [ [ [ 37561.236399999819696, 35145.799499999731779 ], [ 37532.682900000363588, 35157.781999999657273 ], [ 37530.375099999830127, 35163.427300000563264 ], [ 37479.409199999645352, 35184.815199999138713 ], [ 37472.763199999928474, 35168.978199999779463 ], [ 37455.197300000116229, 35176.349700000137091 ], [ 37450.027499999850988, 35164.030500000342727 ], [ 37395.246000000275671, 35187.019600000232458 ], [ 37400.41579999960959, 35199.338800000026822 ], [ 37298.947900000028312, 35241.919900000095367 ], [ 37316.051500000059605, 35282.676599999889731 ], [ 37374.835199999623001, 35258.00789999961853 ], [ 37373.983900000341237, 35255.979299999773502 ], [ 37430.730999999679625, 35232.165400000289083 ], [ 37426.196600000374019, 35253.24349999986589 ], [ 37435.972900000400841, 35255.346499999985099 ], [ 37440.014999999664724, 35236.556700000539422 ], [ 37443.879099999554455, 35234.935200000181794 ], [ 37454.522699999623001, 35205.913899999111891 ], [ 37483.211099999956787, 35193.874800000339746 ], [ 37483.153099999763072, 35193.736500000581145 ], [ 37510.968999999575317, 35182.063500000163913 ], [ 37514.301900000311434, 35185.666999999433756 ], [ 37539.880300000309944, 35174.933000000193715 ], [ 37568.433799999766052, 35162.950500000268221 ], [ 37561.236399999819696, 35145.799499999731779 ] ] ] } },
{ "type": "Feature", "properties": { "TYP_CD": 0, "STN_NAM": null, "ATTACHEMEN": null, "TYP_CD_DES": "MRT", "STN_NAM_DE": "BEDOK RESERVOIR MRT STATION" }, "geometry": { "type": "Polygon", "coordinates": [ [ [ 38894.041400000452995, 35448.131899999454618 ], [ 39073.700400000438094, 35441.722500000149012 ], [ 39076.698900000192225, 35441.815700000151992 ], [ 39079.730399999767542, 35441.707499999552965 ], [ 39078.582899999804795, 35409.543400000780821 ], [ 39189.80599999986589, 35415.211100000888109 ], [ 39190.301099999807775, 35405.495699999853969 ], [ 39181.537200000137091, 35398.638699999079108 ], [ 39152.129800000227988, 35397.1402000002563 ], [ 39151.868700000457466, 35402.263599999248981 ], [ 39080.799499999731779, 35398.642000000923872 ], [ 39076.182900000363588, 35398.806700000539422 ], [ 39075.879300000146031, 35390.297199999913573 ], [ 39058.669700000435114, 35390.911100000143051 ], [ 39031.718999999575317, 35391.872600000351667 ], [ 39023.031200000084937, 35401.203299999237061 ], [ 38907.273900000378489, 35405.332900000736117 ], [ 38907.919200000353158, 35423.421399999409914 ], [ 38893.178600000217557, 35423.947300000116229 ], [ 38894.041400000452995, 35448.131899999454618 ] ] ] } },
{ "type": "Feature", "properties": { "TYP_CD": 0, "STN_NAM": null, "ATTACHEMEN": null, "TYP_CD_DES": "MRT", "STN_NAM_DE": "ORCHARD MRT STATION" }, "geometry": { "type": "Polygon", "coordinates": [ [ [ 27876.048799999989569, 31714.730499999597669 ], [ 27865.826200000010431, 31723.886700000613928 ], [ 27864.126899999566376, 31746.511700000613928 ], [ 27859.939399999566376, 31746.197300000116229 ], [ 27852.269500000402331, 31848.410099999979138 ], [ 27857.406200000084937, 31848.794900000095367 ], [ 27856.654299999587238, 31858.816400000825524 ], [ 27855.707000000402331, 31858.746099999174476 ], [ 27853.410199999809265, 31889.359400000423193 ], [ 27863.6875, 31890.130799999460578 ], [ 27878.621100000105798, 31882.117200000211596 ], [ 27879.818400000222027, 31866.162100000306964 ], [ 27885.787100000306964, 31862.960899999365211 ], [ 27885.525399999693036, 31862.474600000306964 ], [ 27919.449199999682605, 31844.271500000730157 ], [ 27896.183600000105798, 31800.910099999979138 ], [ 27898.365199999883771, 31771.843699999153614 ], [ 27885.763700000010431, 31770.898399999365211 ], [ 27887.378899999894202, 31749.357400000095367 ], [ 27888.576200000010431, 31749.447200000286102 ], [ 27891.095700000412762, 31715.857400000095367 ], [ 27886.394500000402331, 31715.505799999460578 ], [ 27876.048799999989569, 31714.730499999597669 ] ] ] } },
{ "type": "Feature", "properties": { "TYP_CD": 0, "STN_NAM": null, "ATTACHEMEN": null, "TYP_CD_DES": "MRT", "STN_NAM_DE": "BUKIT BROWN MRT STATION" }, "geometry": { "type": "Polygon", "coordinates": [ [ [ 27688.732599999755621, 35085.248700000345707 ], [ 27688.728500000201166, 35123.353700000792742 ], [ 27696.778500000014901, 35123.354499999433756 ], [ 27696.778099999763072, 35127.005499999970198 ], [ 27694.728099999949336, 35127.005300000309944 ], [ 27694.726999999955297, 35137.505300000309944 ], [ 27700.526999999769032, 35137.505899999290705 ], [ 27700.527499999850988, 35132.505899999290705 ], [ 27707.627500000409782, 35132.506699999794364 ], [ 27707.628499999642372, 35123.355699999257922 ], [ 27731.903500000014901, 35123.358300000429153 ], [ 27731.904299999587238, 35115.318299999460578 ], [ 27733.229299999773502, 35115.318499999120831 ], [ 27733.229600000195205, 35113.193499999120831 ], [ 27733.629599999636412, 35113.193499999120831 ], [ 27733.63260000012815, 35085.253599999472499 ], [ 27721.607599999755621, 35085.252299999818206 ], [ 27721.608500000089407, 35076.167300000786781 ], [ 27704.233500000089407, 35076.165500000119209 ], [ 27704.234000000171363, 35071.465399999171495 ], [ 27696.434000000357628, 35071.464600000530481 ], [ 27696.433400000445545, 35077.264599999412894 ], [ 27696.883399999700487, 35077.264599999412894 ], [ 27696.88260000012815, 35085.249600000679493 ], [ 27688.732599999755621, 35085.248700000345707 ] ] ] } },
{ "type": "Feature", "properties": { "TYP_CD": 0, "STN_NAM": null, "ATTACHEMEN": "CC20_FRR STN.zip", "TYP_CD_DES": "MRT", "STN_NAM_DE": "FARRER ROAD MRT STATION" }, "geometry": { "type": "Polygon", "coordinates": [ [ [ 25098.698300000280142, 33311.138199999928474 ], [ 25101.481999999843538, 33308.141699999570847 ], [ 25115.190200000070035, 33320.876199999824166 ], [ 25120.392799999564886, 33315.336200000718236 ], [ 25149.580799999646842, 33342.450899999588728 ], [ 25149.853000000119209, 33342.1579 ], [ 25153.10149999987334, 33345.175699999555945 ], [ 25148.201100000180304, 33350.450699999928474 ], [ 25154.868200000375509, 33356.644200000911951 ], [ 25159.768600000068545, 33351.369200000539422 ], [ 25162.076500000432134, 33353.513199999928474 ], [ 25162.6261, 33354.023800000548363 ], [ 25162.200699999928474, 33354.481699999421835 ], [ 25163.958999999798834, 33356.115100000053644 ], [ 25180.736100000329316, 33338.055500000715256 ], [ 25178.977699999697506, 33336.42200000025332 ], [ 25178.552400000393391, 33336.879899999126792 ], [ 25167.086400000378489, 33326.228199999779463 ], [ 25167.358599999919534, 33325.935200000181794 ], [ 25167.138799999840558, 33325.731000000610948 ], [ 25185.889600000344217, 33305.546599999070168 ], [ 25170.504099999554455, 33291.253799999132752 ], [ 25164.310600000433624, 33297.92090000025928 ], [ 25167.680700000375509, 33301.051699999719858 ], [ 25155.123499999754131, 33314.56900000013411 ], [ 25118.894299999810755, 33280.912900000810623 ], [ 25118.622000000439584, 33281.205900000408292 ], [ 25082.868999999947846, 33247.992200000211596 ], [ 25066.823499999940395, 33265.264200000092387 ], [ 25077.135499999858439, 33274.843800000846386 ], [ 25078.838999999687076, 33276.426400000229478 ], [ 25070.729399999603629, 33285.1557 ], [ 25098.698300000280142, 33311.138199999928474 ] ] ] } },
{ "type": "Feature", "properties": { "TYP_CD": 0, "STN_NAM": null, "ATTACHEMEN": "CC2_BBS STN.zip", "TYP_CD_DES": "MRT", "STN_NAM_DE": "BRAS BASAH MRT STATION" }, "geometry": { "type": "Polygon", "coordinates": [ [ [ 29873.957200000062585, 31104.149800000712276 ], [ 29889.400500000454485, 31091.520199999213219 ], [ 29889.527499999850988, 31091.674699999392033 ], [ 29892.030500000342727, 31089.61739999987185 ], [ 29903.298600000329316, 31103.341299999505281 ], [ 29906.751699999906123, 31100.503000000491738 ], [ 29897.028099999763072, 31088.673599999397993 ], [ 29892.838700000196695, 31083.576999999582767 ], [ 29900.622600000351667, 31077.178700000047684 ], [ 29904.448099999688566, 31072.38370000012219 ], [ 29930.229799999855459, 31051.191299999132752 ], [ 29930.436099999584258, 31051.410099999979138 ], [ 29931.03830000013113, 31050.91499999910593 ], [ 29942.355600000359118, 31041.612299999222159 ], [ 29953.672899999655783, 31032.309599999338388 ], [ 29953.482400000095367, 31032.077800000086427 ], [ 29954.950299999676645, 31030.871300000697374 ], [ 29969.357599999755621, 31019.028599999845028 ], [ 29983.764999999664724, 31007.185799999162555 ], [ 29984.828499999828637, 31008.479900000616908 ], [ 29985.446600000374019, 31007.971899999305606 ], [ 29995.972400000318885, 31020.777000000700355 ], [ 30003.349899999797344, 31029.752299999818206 ], [ 30008.75760000012815, 31025.307299999520183 ], [ 30000.204199999570847, 31014.901799999177456 ], [ 29990.854199999943376, 31003.526900000870228 ], [ 29992.862800000235438, 31001.875800000503659 ], [ 29983.861600000411272, 30990.925400000065565 ], [ 29980.940700000151992, 30987.371899999678135 ], [ 29987.545699999667704, 30981.942700000479817 ], [ 29984.497600000351667, 30978.234699999913573 ], [ 29977.892599999904633, 30983.663799999281764 ], [ 29975.828900000080466, 30981.153200000524521 ], [ 29972.198099999688566, 30984.137700000777841 ], [ 29965.940700000151992, 30989.281199999153614 ], [ 29963.314100000075996, 30991.440099999308586 ], [ 29957.900799999944866, 30984.854499999433756 ], [ 29952.487499999813735, 30978.268899999558926 ], [ 29952.113199999555945, 30978.576500000432134 ], [ 29942.110999999567866, 30956.248800000175834 ], [ 29908.791600000113249, 30929.333599999547005 ], [ 29901.535099999979138, 30935.29839999973774 ], [ 29934.615799999795854, 30962.020800000056624 ], [ 29939.680499999783933, 30973.326799999922514 ], [ 29944.745299999602139, 30984.632799999788404 ], [ 29910.299700000323355, 31012.94679999910295 ], [ 29875.854199999943376, 31041.260800000280142 ], [ 29886.680900000035763, 31054.432099999859929 ], [ 29876.329199999570847, 31062.941099999472499 ], [ 29877.122999999672174, 31063.906700000166893 ], [ 29874.766800000332296, 31065.843499999493361 ], [ 29877.179800000041723, 31068.778999999165535 ], [ 29862.108099999837577, 31081.167899999767542 ], [ 29863.314600000157952, 31082.635600000619888 ], [ 29879.390599999576807, 31069.421299999579787 ], [ 29880.914599999785423, 31071.275299999862909 ], [ 29882.266499999910593, 31070.164100000634789 ], [ 29884.457299999892712, 31072.829199999570847 ], [ 29878.238499999977648, 31077.940999999642372 ], [ 29887.495500000193715, 31089.202600000426173 ], [ 29882.611399999819696, 31093.217299999669194 ], [ 29877.363499999977648, 31097.563400000333786 ], [ 29872.115699999965727, 31101.909499999135733 ], [ 29873.957200000062585, 31104.149800000712276 ] ] ] } },
{ "type": "Feature", "properties": { "TYP_CD": 0, "STN_NAM": null, "ATTACHEMEN": "CC19_BTN STN.zip", "TYP_CD_DES": "MRT", "STN_NAM_DE": "BOTANIC GARDENS MRT STATION" }, "geometry": { "type": "Polygon", "coordinates": [ [ [ 25920.580599999986589, 33736.41609999909997 ], [ 25905.424399999901652, 33739.540899999439716 ], [ 25907.665699999779463, 33750.412200000137091 ], [ 25903.797199999913573, 33751.209799999371171 ], [ 25907.019500000402331, 33766.838800000026822 ], [ 25906.162399999797344, 33767.01549999974668 ], [ 25916.209400000050664, 33815.746700000017881 ], [ 25923.735500000417233, 33824.81279999949038 ], [ 25920.119099999777973, 33827.814899999648333 ], [ 25933.005300000309944, 33843.337700000032783 ], [ 25930.484400000423193, 33845.430500000715256 ], [ 25929.390700000338256, 33857.213800000026822 ], [ 25937.747100000269711, 33867.282800000160933 ], [ 25956.315799999982119, 33869.00620000064373 ], [ 25957.527499999850988, 33870.465900000184774 ], [ 25975.231700000353158, 33855.768899999558926 ], [ 25984.674300000071526, 33867.143600000068545 ], [ 25997.46999999973923, 33865.537499999627471 ], [ 25997.644399999640882, 33866.926899999380112 ], [ 26009.427099999971688, 33865.447799999266863 ], [ 26009.252700000070035, 33864.058599999174476 ], [ 26014.342199999839067, 33863.419700000435114 ], [ 26014.599999999627471, 33865.473799999803305 ], [ 26051.575500000268221, 33860.832499999552965 ], [ 26050.081699999980628, 33848.936499999836087 ], [ 26042.02489999961108, 33849.947699999436736 ], [ 26040.794499999843538, 33840.144400000572205 ], [ 26021.872899999842048, 33842.519300000742078 ], [ 26017.758100000210106, 33837.562699999660254 ], [ 26015.645899999886751, 33837.366599999368191 ], [ 26005.543800000101328, 33825.197499999776483 ], [ 26001.004200000315905, 33828.966000000014901 ], [ 25962.20920000039041, 33782.232400000095367 ], [ 25950.21100000012666, 33766.689699999988079 ], [ 25946.080099999904633, 33760.455199999734759 ], [ 25935.410500000230968, 33747.60249999910593 ], [ 25934.464200000278652, 33748.388199999928474 ], [ 25934.208800000138581, 33748.08049999922514 ], [ 25926.868400000035763, 33754.174000000581145 ], [ 25927.1239, 33754.481699999421835 ], [ 25924.7171, 33756.479699999094009 ], [ 25920.580599999986589, 33736.41609999909997 ] ] ] } },
{ "type": "Feature", "properties": { "TYP_CD": 0, "STN_NAM": null, "ATTACHEMEN": "CC17_CDT STN.zip", "TYP_CD_DES": "MRT", "STN_NAM_DE": "CALDECOTT MRT STATION" }, "geometry": { "type": "Polygon", "coordinates": [ [ [ 28672.058299999684095, 35492.079299999400973 ], [ 28669.852400000207126, 35519.565700000151992 ], [ 28671.616600000299513, 35519.707299999892712 ], [ 28668.260999999940395, 35561.521800000220537 ], [ 28651.395100000314415, 35560.168299999088049 ], [ 28648.431200000457466, 35597.10050000064075 ], [ 28665.048299999907613, 35597.478800000622869 ], [ 28673.605000000447035, 35597.673599999397993 ], [ 28680.439199999906123, 35598.221999999135733 ], [ 28680.403099999763072, 35598.670499999076128 ], [ 28689.125099999830127, 35599.370899999514222 ], [ 28689.161100000143051, 35598.92200000025332 ], [ 28697.334800000302494, 35599.577899999916553 ], [ 28697.298999999649823, 35600.024800000712276 ], [ 28706.021599999628961, 35600.725099999457598 ], [ 28706.056800000369549, 35600.277899999171495 ], [ 28707.726400000043213, 35600.41190000064671 ], [ 28709.312599999830127, 35580.646999999880791 ], [ 28707.937300000339746, 35579.031700000166893 ], [ 28710.823400000110269, 35543.018400000408292 ], [ 28718.199599999934435, 35543.610400000587106 ], [ 28716.901499999687076, 35559.784499999135733 ], [ 28727.068799999542534, 35560.60050000064075 ], [ 28728.908699999563396, 35537.674200000241399 ], [ 28728.010900000110269, 35537.60219999961555 ], [ 28729.892799999564886, 35514.152200000360608 ], [ 28724.264899999834597, 35513.700500000268221 ], [ 28726.605200000107288, 35484.538399999961257 ], [ 28722.418600000441074, 35484.20240000076592 ], [ 28722.93059999961406, 35477.82289999909699 ], [ 28717.602800000458956, 35477.395400000736117 ], [ 28718.070299999788404, 35471.570199999958277 ], [ 28716.39670000039041, 35471.435300000011921 ], [ 28716.432799999602139, 35470.988399999216199 ], [ 28707.710799999535084, 35470.286499999463558 ], [ 28707.674800000153482, 35470.735400000587106 ], [ 28699.4989, 35470.080099999904633 ], [ 28699.534900000318885, 35469.630599999800324 ], [ 28690.81290000025183, 35468.93129999935627 ], [ 28690.776999999769032, 35469.379799999296665 ], [ 28689.1091, 35469.245899999514222 ], [ 28687.557300000451505, 35488.583200000226498 ], [ 28685.264899999834597, 35488.39919999986887 ], [ 28684.436900000087917, 35498.716000000014901 ], [ 28679.981399999931455, 35498.35840000025928 ], [ 28680.431400000117719, 35492.751299999654293 ], [ 28681.330199999734759, 35492.823400000110269 ], [ 28683.170199999585748, 35469.897199999541044 ], [ 28673.002899999730289, 35469.081199999898672 ], [ 28671.162899999879301, 35492.007500000298023 ], [ 28672.058299999684095, 35492.079299999400973 ] ] ] } },
{ "type": "Feature", "properties": { "TYP_CD": 0, "STN_NAM": null, "ATTACHEMEN": null, "TYP_CD_DES": "MRT", "STN_NAM_DE": "LENTOR MRT STATION" }, "geometry": { "type": "Polygon", "coordinates": [ [ [ 28455.524500000290573, 40617.755100000649691 ], [ 28455.403099999763072, 40606.060699999332428 ], [ 28447.92119999974966, 40606.137599999085069 ], [ 28447.919099999591708, 40605.937599999830127 ], [ 28427.520200000144541, 40606.147399999201298 ], [ 28427.522300000302494, 40606.347400000318885 ], [ 28417.728799999691546, 40606.448100000619888 ], [ 28377.841000000014901, 40671.287200000137091 ], [ 28377.371399999596179, 40670.905999999493361 ], [ 28348.070000000298023, 40718.25730000063777 ], [ 28348.261800000444055, 40760.302400000393391 ], [ 28294.063799999654293, 40810.308800000697374 ], [ 28266.092400000430644, 40779.992799999192357 ], [ 28214.779400000348687, 40814.57289999909699 ], [ 28218.884399999864399, 40820.664300000295043 ], [ 28229.001199999824166, 40813.846599999815226 ], [ 28239.213800000026822, 40829.0011 ], [ 28245.118300000205636, 40825.021999999880791 ], [ 28260.428100000135601, 40841.615199999883771 ], [ 28254.32799999974668, 40847.243599999696016 ], [ 28269.791799999773502, 40864.003599999472499 ], [ 28284.255599999800324, 40850.658399999141693 ], [ 28298.356700000353158, 40865.941600000485778 ], [ 28316.677500000223517, 40853.595100000500679 ], [ 28317.401300000026822, 40835.601299999281764 ], [ 28309.799399999901652, 40827.362299999222159 ], [ 28409.532399999909103, 40735.342599999159575 ], [ 28410.617300000041723, 40736.518300000578165 ], [ 28418.832700000144541, 40728.938300000503659 ], [ 28446.012699999846518, 40732.293099999427795 ], [ 28447.478199999779463, 40720.419700000435114 ], [ 28431.727099999785423, 40718.47550000064075 ], [ 28431.012099999934435, 40717.700699999928474 ], [ 28431.306099999696016, 40717.429400000721216 ], [ 28413.130099999718368, 40697.729800000786781 ], [ 28392.439600000157952, 40716.82010000012815 ], [ 28393.795800000429153, 40718.28999999910593 ], [ 28388.926699999719858, 40722.782500000670552 ], [ 28376.0625, 40708.840099999681115 ], [ 28395.143899999558926, 40685.330800000578165 ], [ 28384.274000000208616, 40676.508899999782443 ], [ 28420.4079, 40618.116200000047684 ], [ 28427.643299999646842, 40618.041799999773502 ], [ 28427.645299999974668, 40618.241800000891089 ], [ 28448.044300000183284, 40618.031999999657273 ], [ 28448.042200000025332, 40617.832000000402331 ], [ 28455.524500000290573, 40617.755100000649691 ] ] ] } },
{ "type": "Feature", "properties": { "TYP_CD": 0, "STN_NAM": null, "ATTACHEMEN": null, "TYP_CD_DES": "MRT", "STN_NAM_DE": "PIONEER MRT STATION" }, "geometry": { "type": "Polygon", "coordinates": [ [ [ 12811.793200000189245, 35552.901599999517202 ], [ 12844.507000000216067, 35561.233200000599027 ], [ 12844.657100000418723, 35560.643400000408292 ], [ 12844.834499999880791, 35560.6886 ], [ 12846.103400000371039, 35555.706199999898672 ], [ 12845.926099999807775, 35555.661000000312924 ], [ 12846.474499999545515, 35553.507200000807643 ], [ 12840.933500000275671, 35552.096000000834465 ], [ 12840.807500000111759, 35552.590900000184774 ], [ 12817.923600000329316, 35546.762900000438094 ], [ 12817.923799999989569, 35540.903100000694394 ], [ 12827.11699999962002, 35540.903400000184774 ], [ 12827.11699999962002, 35540.252499999478459 ], [ 12850.167000000365078, 35540.253299999982119 ], [ 12850.167000000365078, 35540.904200000688434 ], [ 12852.11699999962002, 35540.90430000051856 ], [ 12852.11699999962002, 35540.253399999812245 ], [ 12875.167000000365078, 35540.254200000315905 ], [ 12875.167000000365078, 35540.905099999159575 ], [ 12877.11699999962002, 35540.905200000852346 ], [ 12877.11699999962002, 35540.254300000146031 ], [ 12900.167100000195205, 35540.255000000819564 ], [ 12900.167000000365078, 35540.905899999663234 ], [ 12902.11710000038147, 35540.905999999493361 ], [ 12902.11710000038147, 35540.255100000649691 ], [ 12925.167100000195205, 35540.255899999290705 ], [ 12925.167100000195205, 35540.9068 ], [ 12927.11710000038147, 35540.906899999827147 ], [ 12927.11710000038147, 35540.255999999120831 ], [ 12950.167100000195205, 35540.256699999794364 ], [ 12950.167100000195205, 35540.907600000500679 ], [ 12952.11710000038147, 35540.907700000330806 ], [ 12952.117200000211596, 35539.387700000777841 ], [ 12951.992200000211596, 35539.387700000777841 ], [ 12951.992300000041723, 35535.296599999070168 ], [ 12956.351599999703467, 35535.296800000593066 ], [ 12956.351700000464916, 35534.337899999693036 ], [ 12957.732400000095367, 35534.337899999693036 ], [ 12957.732400000095367, 35532.987900000065565 ], [ 12962.017400000244379, 35532.988099999725819 ], [ 12962.017400000244379, 35532.987999999895692 ], [ 12962.857398998510689, 35532.820951167552266 ], [ 12963.569529949087155, 35532.345165130922396 ], [ 12964.045377774769804, 35531.63307650340721 ], [ 12964.212500000372529, 35530.793099999427795 ], [ 12964.212500000372529, 35530.02309999987483 ], [ 12964.044030188084434, 35529.179663314855134 ], [ 12963.567916317060735, 35528.469218991602247 ], [ 12962.856436724954619, 35527.99465201448038 ], [ 12962.017599999904633, 35527.82799999974668 ], [ 12962.017599999904633, 35527.828099999576807 ], [ 12958.91260000038892, 35527.82799999974668 ], [ 12957.732599999755621, 35527.827899999916553 ], [ 12957.732599999755621, 35526.477900000289083 ], [ 12956.35190000012517, 35526.477900000289083 ], [ 12956.351999999955297, 35525.518899999558926 ], [ 12951.992600000463426, 35525.518699999898672 ], [ 12951.99280000012368, 35521.427699999883771 ], [ 12952.11780000012368, 35521.427699999883771 ], [ 12952.11780000012368, 35519.907700000330806 ], [ 12950.167799999937415, 35519.907700000330806 ], [ 12950.167799999937415, 35520.558599999174476 ], [ 12927.11780000012368, 35520.557800000533462 ], [ 12927.11780000012368, 35519.906899999827147 ], [ 12925.167799999937415, 35519.9068 ], [ 12925.167799999937415, 35520.557700000703335 ], [ 12902.11780000012368, 35520.556900000199676 ], [ 12902.11780000012368, 35519.905999999493361 ], [ 12900.167799999937415, 35519.905999999493361 ], [ 12900.167799999937415, 35520.556900000199676 ], [ 12877.117700000293553, 35520.556099999696016 ], [ 12877.117700000293553, 35519.905200000852346 ], [ 12875.167700000107288, 35519.905099999159575 ], [ 12875.167700000107288, 35520.55599999986589 ], [ 12852.117700000293553, 35520.55519999936223 ], [ 12852.117700000293553, 35519.90430000051856 ], [ 12850.167700000107288, 35519.90430000051856 ], [ 12850.167700000107288, 35520.55519999936223 ], [ 12827.117700000293553, 35520.554400000721216 ], [ 12827.117700000293553, 35519.903500000014901 ], [ 12817.924599999561906, 35519.903200000524521 ], [ 12817.930100000463426, 35506.588400000706315 ], [ 12831.114599999971688, 35506.588899999856949 ], [ 12831.114699999801815, 35504.876900000497699 ], [ 12848.818699999712408, 35504.877499999478459 ], [ 12848.818900000303984, 35500.169700000435114 ], [ 12840.856200000271201, 35500.164100000634789 ], [ 12840.856200000271201, 35499.73589999973774 ], [ 12833.948900000192225, 35499.735600000247359 ], [ 12833.948900000192225, 35498.023499999195337 ], [ 12808.392900000326335, 35498.02280000038445 ], [ 12808.392799999564886, 35499.891200000420213 ], [ 12806.168200000189245, 35499.891100000590086 ], [ 12806.168100000359118, 35504.141100000590086 ], [ 12806.037999999709427, 35504.141100000590086 ], [ 12806.037299999967217, 35519.902799999341369 ], [ 12800.167600000277162, 35519.902599999681115 ], [ 12800.167600000277162, 35521.422499999403954 ], [ 12800.292600000277162, 35521.42259999923408 ], [ 12800.292399999685585, 35525.513499999418855 ], [ 12795.933100000023842, 35525.513399999588728 ], [ 12795.933100000023842, 35526.472400000318885 ], [ 12794.552400000393391, 35526.472400000318885 ], [ 12794.552400000393391, 35527.822300000116229 ], [ 12789.067400000058115, 35527.822200000286102 ], [ 12789.067400000058115, 35527.822100000455976 ], [ 12788.227402621183501, 35527.989145206804096 ], [ 12787.515273604296453, 35528.46493203004502 ], [ 12787.039427317187801, 35529.177020291295776 ], [ 12786.872299999929965, 35530.017000000923872 ], [ 12786.872299999929965, 35530.017100000753999 ], [ 12786.872200000099838, 35530.787100000306964 ], [ 12786.872299999929965, 35530.787000000476837 ], [ 12787.038091899346909, 35531.623976856622903 ], [ 12787.513584976677521, 35532.337586853645917 ], [ 12788.226208473457518, 35532.814558664234937 ], [ 12789.067200000397861, 35532.982100000604987 ], [ 12789.067200000397861, 35532.982200000435114 ], [ 12792.172199999913573, 35532.982300000265241 ], [ 12794.552199999801815, 35532.982300000265241 ], [ 12794.552099999971688, 35534.332299999892712 ], [ 12795.932799999602139, 35534.332399999722838 ], [ 12795.932799999602139, 35535.291300000622869 ], [ 12800.292100000195205, 35535.291400000452995 ], [ 12800.292000000365078, 35539.382500000298023 ], [ 12800.167000000365078, 35539.382500000298023 ], [ 12800.166899999603629, 35540.902499999850988 ], [ 12806.036600000225008, 35540.902699999511242 ], [ 12806.036299999803305, 35549.198499999940395 ], [ 12807.603600000031292, 35549.198599999770522 ], [ 12807.60329999960959, 35552.144200000911951 ], [ 12810.957200000062585, 35552.144300000742078 ], [ 12811.92339999973774, 35552.390300000086427 ], [ 12811.793200000189245, 35552.901599999517202 ] ] ] } },
{ "type": "Feature", "properties": { "TYP_CD": 0, "STN_NAM": null, "ATTACHEMEN": null, "TYP_CD_DES": "MRT", "STN_NAM_DE": "NEWTON MRT STATION" }, "geometry": { "type": "Polygon", "coordinates": [ [ [ 28468.970700000412762, 32665.328099999576807 ], [ 28457.060499999672174, 32683.406199999153614 ], [ 28455.181599999777973, 32682.167999999597669 ], [ 28451.509800000116229, 32680.468699999153614 ], [ 28444.830099999904633, 32676.068299999460578 ], [ 28432.945299999788404, 32694.103499999269843 ], [ 28438.431599999777973, 32697.718699999153614 ], [ 28442.277300000190735, 32700.97069999948144 ], [ 28523.107400000095367, 32754.228499999269843 ], [ 28517.369099999777973, 32762.939400000497699 ], [ 28524.076200000010431, 32767.357400000095367 ], [ 28522.017599999904633, 32770.480499999597669 ], [ 28506.957000000402331, 32760.556600000709295 ], [ 28502.480399999767542, 32767.349600000306964 ], [ 28534.142599999904633, 32788.210899999365211 ], [ 28540.675800000317395, 32778.292899999767542 ], [ 28565.076200000010431, 32794.371099999174476 ], [ 28571.144500000402331, 32785.160099999979138 ], [ 28582.835900000296533, 32792.863299999386072 ], [ 28595.048799999989569, 32774.324200000613928 ], [ 28559.667999999597669, 32751.013699999079108 ], [ 28577.375, 32724.142599999904633 ], [ 28545.001899999566376, 32702.814400000497699 ], [ 28540.25, 32710.023399999365211 ], [ 28555.371100000105798, 32719.986300000920892 ], [ 28542.416000000201166, 32739.646500000730157 ], [ 28476.857400000095367, 32696.451199999079108 ], [ 28488.769500000402331, 32678.372999999672174 ], [ 28468.970700000412762, 32665.328099999576807 ] ] ] } },

{ "type": "Feature", "properties": { "TYP_CD": 0, "STN_NAM": null, "ATTACHEMEN": null, "TYP_CD_DES": "MRT", "STN_NAM_DE": "BUONA VISTA MRT STATION" }, "geometry": { "type": "Polygon", "coordinates": [ [ [ 23260.535099999979138, 32143.058599999174476 ], [ 23226.888700000010431, 32146.46680000051856 ], [ 23227.472599999979138, 32153.564400000497699 ], [ 23226.466799999587238, 32155.884700000286102 ], [ 23224.103500000201166, 32156.744100000709295 ], [ 23175.232400000095367, 32161.289000000804663 ], [ 23120.003899999894202, 32166.427699999883771 ], [ 23112.396499999798834, 32168.576199999079108 ], [ 23105.406200000084937, 32172.285099999979138 ], [ 23084.541000000201166, 32190.251900000497699 ], [ 23084.298799999989569, 32187.603499999269843 ], [ 23080.107400000095367, 32190.699200000613928 ], [ 23071.222699999809265, 32195.71680000051856 ], [ 23068.941399999894202, 32196.285099999979138 ], [ 23007.007799999788404, 32202.085899999365211 ], [ 23007.556599999777973, 32207.474600000306964 ], [ 23115.751899999566376, 32197.175799999386072 ], [ 23115.384700000286102, 32193.384800000116229 ], [ 23271.650399999693036, 32178.814400000497699 ], [ 23266.205099999904633, 32159.576199999079108 ], [ 23260.535099999979138, 32143.058599999174476 ] ] ] } },
{ "type": "Feature", "properties": { "TYP_CD": 0, "STN_NAM": null, "ATTACHEMEN": null, "TYP_CD_DES": "MRT", "STN_NAM_DE": "MARINA BAY MRT STATION" }, "geometry": { "type": "Polygon", "coordinates": [ [ [ 30366.703099999576807, 28655.875 ], [ 30363.855399999767542, 28672.939400000497699 ], [ 30350.890599999576807, 28670.777300000190735 ], [ 30342.394500000402331, 28721.734400000423193 ], [ 30355.355499999597669, 28723.894500000402331 ], [ 30341.181599999777973, 28808.861300000920892 ], [ 30334.523400000296533, 28807.75 ], [ 30332.845700000412762, 28817.8125 ], [ 30326.542899999767542, 28816.759700000286102 ], [ 30318.484400000423193, 28865.052699999883771 ], [ 30330.865199999883771, 28867.119100000709295 ], [ 30328.675800000317395, 28880.238299999386072 ], [ 30353.009800000116229, 28884.296900000423193 ], [ 30358.91399999987334, 28848.906199999153614 ], [ 30387.468700000084937, 28853.669900000095367 ], [ 30389.472599999979138, 28841.665999999269843 ], [ 30395.863300000317395, 28842.732400000095367 ], [ 30404.785099999979138, 28789.242200000211596 ], [ 30414.107400000095367, 28790.796900000423193 ], [ 30419.867200000211596, 28756.271500000730157 ], [ 30410.546799999661744, 28754.714800000190735 ], [ 30410.677699999883771, 28753.927699999883771 ], [ 30412.472599999979138, 28754.226500000804663 ], [ 30417.146499999798834, 28726.214800000190735 ], [ 30380.404299999587238, 28720.085899999365211 ], [ 30390.455099999904633, 28659.837899999693036 ], [ 30366.703099999576807, 28655.875 ] ] ] } },
{ "type": "Feature", "properties": { "TYP_CD": 0, "STN_NAM": null, "ATTACHEMEN": null, "TYP_CD_DES": "MRT", "STN_NAM_DE": "RAFFLES PLACE MRT STATION" }, "geometry": { "type": "Polygon", "coordinates": [ [ [ 30015.869099999777973, 29421.898399999365211 ], [ 29999.082000000402331, 29432.576099999248981 ], [ 29986.843700000084937, 29433.718699999153614 ], [ 29987.162100000306964, 29437.15430000051856 ], [ 29961.773400000296533, 29439.521500000730157 ], [ 29962.265599999576807, 29444.798800000920892 ], [ 29987.656200000084937, 29442.429700000211596 ], [ 29987.994099999777973, 29446.064400000497699 ], [ 29993.734400000423193, 29445.52930000051856 ], [ 29995.355399999767542, 29450.263599999248981 ], [ 29997.462899999693036, 29472.872999999672174 ], [ 29996.964800000190735, 29472.919900000095367 ], [ 29997.539099999703467, 29479.068299999460578 ], [ 29997.240199999883771, 29479.097599999979138 ], [ 29998.169900000095367, 29489.052699999883771 ], [ 29997.322300000116229, 29489.132799999788404 ], [ 29998.251899999566376, 29499.089800000190735 ], [ 29998.949199999682605, 29499.023399999365211 ], [ 30006.056599999777973, 29575.242200000211596 ], [ 29991.892599999904633, 29576.566400000825524 ], [ 30002.640599999576807, 29692.015599999576807 ], [ 30002.093700000084937, 29692.066400000825524 ], [ 30003.332000000402331, 29705.357400000095367 ], [ 30018.064399999566376, 29703.984400000423193 ], [ 30022.0625, 29746.847599999979138 ], [ 30043.107400000095367, 29744.884700000286102 ], [ 30042.419900000095367, 29737.511700000613928 ], [ 30048.207000000402331, 29736.97069999948144 ], [ 30047.835900000296533, 29732.996099999174476 ], [ 30052.914099999703467, 29732.521500000730157 ], [ 30048.244099999777973, 29682.439400000497699 ], [ 30043.912100000306964, 29682.84180000051856 ], [ 30041.332000000402331, 29655.164000000804663 ], [ 30044.867200000211596, 29654.834000000730157 ], [ 30040.427699999883771, 29607.240199999883771 ], [ 30036.892599999904633, 29607.568299999460578 ], [ 30031.636699999682605, 29551.214800000190735 ], [ 30030.455099999904633, 29513.619100000709295 ], [ 30022.218700000084937, 29513.224600000306964 ], [ 30019.970700000412762, 29489.128900000825524 ], [ 30013.025399999693036, 29489.777300000190735 ], [ 30011.902300000190735, 29477.728499999269843 ], [ 30005.304700000211596, 29478.343699999153614 ], [ 30004.732400000095367, 29472.195299999788404 ], [ 30004.234400000423193, 29472.242200000211596 ], [ 30001.673799999989569, 29444.789000000804663 ], [ 30001.972599999979138, 29444.761700000613928 ], [ 30001.302699999883771, 29437.574200000613928 ], [ 30018.714800000190735, 29426.371099999174476 ], [ 30015.869099999777973, 29421.898399999365211 ] ] ] } },
{ "type": "Feature", "properties": { "TYP_CD": 0, "STN_NAM": null, "ATTACHEMEN": "NE3_OTP STN.zip", "TYP_CD_DES": "MRT", "STN_NAM_DE": "OUTRAM PARK MRT STATION" }, "geometry": { "type": "Polygon", "coordinates": [ [ [ 28677.912100000306964, 29282.824200000613928 ], [ 28680.832000000402331, 29270.007799999788404 ], [ 28693.605399999767542, 29261.843699999153614 ], [ 28698.583999999798834, 29269.650399999693036 ], [ 28704.044900000095367, 29278.214800000190735 ], [ 28682.378899999894202, 29292.02930000051856 ], [ 28685.550800000317395, 29297.005799999460578 ], [ 28714.298799999989569, 29278.673800000920892 ], [ 28705.667999999597669, 29265.136700000613928 ], [ 28703.746100000105798, 29262.122999999672174 ], [ 28705.474600000306964, 29254.290999999269843 ], [ 28721.564399999566376, 29244.031199999153614 ], [ 28723.099600000306964, 29246.439400000497699 ], [ 28730.939399999566376, 29241.439400000497699 ], [ 28729.404299999587238, 29239.031199999153614 ], [ 28737.060499999672174, 29234.148399999365211 ], [ 28755.357400000095367, 29211.767599999904633 ], [ 28760.9375, 29216.996099999174476 ], [ 28777.247999999672174, 29199.593699999153614 ], [ 28765.363300000317395, 29188.453099999576807 ], [ 28775.005900000222027, 29178.165999999269843 ], [ 28785.976599999703467, 29191.386700000613928 ], [ 28792.66399999987334, 29185.837899999693036 ], [ 28767.986299999989569, 29156.099600000306964 ], [ 28765.427699999883771, 29158.224600000306964 ], [ 28747.599600000306964, 29141.515599999576807 ], [ 28733.205099999904633, 29156.875 ], [ 28660.314399999566376, 29088.558599999174476 ], [ 28691.085900000296533, 29055.726500000804663 ], [ 28692.507799999788404, 29057.060499999672174 ], [ 28694.765599999576807, 29054.652300000190735 ], [ 28693.341799999587238, 29053.318299999460578 ], [ 28700.410199999809265, 29045.777300000190735 ], [ 28692.822300000116229, 29038.664100000634789 ], [ 28685.752000000327826, 29046.209000000730157 ], [ 28684.328099999576807, 29044.875 ], [ 28682.072200000286102, 29047.28319999948144 ], [ 28683.496100000105798, 29048.617200000211596 ], [ 28676.560499999672174, 29056.015599999576807 ], [ 28630.214800000190735, 29061.582000000402331 ], [ 28564.042999999597669, 28999.564400000497699 ], [ 28548.246100000105798, 29016.417899999767542 ], [ 28594.716799999587238, 29059.97069999948144 ], [ 28579.925800000317395, 29051.453099999576807 ], [ 28575.916000000201166, 29058.451099999248981 ], [ 28600.777300000190735, 29072.697200000286102 ], [ 28608.197200000286102, 29072.398399999365211 ], [ 28622.648400000296533, 29085.943299999460578 ], [ 28619.570299999788404, 29089.226600000634789 ], [ 28642.458999999798834, 29110.679700000211596 ], [ 28644.818400000222027, 29108.162100000306964 ], [ 28660.068400000222027, 29122.455099999904633 ], [ 28654.652300000190735, 29128.232400000095367 ], [ 28658.912100000306964, 29138.09180000051856 ], [ 28667.464800000190735, 29134.59569999948144 ], [ 28671.259700000286102, 29138.152300000190735 ], [ 28673.857400000095367, 29135.378900000825524 ], [ 28734.783200000412762, 29192.478499999269843 ], [ 28728.404299999587238, 29199.28319999948144 ], [ 28703.259800000116229, 29215.318299999460578 ], [ 28717.048799999989569, 29236.947200000286102 ], [ 28673.619099999777973, 29264.642599999904633 ], [ 28668.447200000286102, 29288.025399999693036 ], [ 28665.126899999566376, 29303.031199999153614 ], [ 28644.140599999576807, 29316.412100000306964 ], [ 28647.3125, 29321.386700000613928 ], [ 28677.181599999777973, 29302.34180000051856 ], [ 28674.445299999788404, 29298.037100000306964 ], [ 28677.912100000306964, 29282.824200000613928 ] ] ] } },
{ "type": "Feature", "properties": { "TYP_CD": 0, "STN_NAM": null, "ATTACHEMEN": "NE17_PGL STN.zip", "TYP_CD_DES": "MRT", "STN_NAM_DE": "PUNGGOL MRT STATION" }, "geometry": { "type": "Polygon", "coordinates": [ [ [ 35594.52379999961704, 42857.000399999320507 ], [ 35611.682199999690056, 42887.98450000025332 ], [ 35611.147199999541044, 42888.280799999833107 ], [ 35607.174399999901652, 42893.6886 ], [ 35608.0954, 42896.494699999690056 ], [ 35609.283599999733269, 42900.121700000017881 ], [ 35610.033999999985099, 42902.185399999842048 ], [ 35610.972000000067055, 42904.936799999326468 ], [ 35611.534799999557436, 42906.562699999660254 ], [ 35612.285199999809265, 42908.1886 ], [ 35612.785500000230968, 42909.564400000497699 ], [ 35614.223799999803305, 42912.878699999302626 ], [ 35615.536999999545515, 42915.880300000309944 ], [ 35617.475599999539554, 42920.195199999958277 ], [ 35619.28899999987334, 42924.009800000116229 ], [ 35620.47719999961555, 42926.323599999770522 ], [ 35623.994300000369549, 42932.92259999923408 ], [ 35627.946399999782443, 42940.059100000187755 ], [ 35633.1546, 42949.463899999856949 ], [ 35641.372999999672174, 42964.304500000551343 ], [ 35648.440899999812245, 42977.067399999126792 ], [ 35654.805399999953806, 42988.560300000011921 ], [ 35662.459099999628961, 43002.38120000064373 ], [ 35670.803999999538064, 43017.449999999254942 ], [ 35678.928199999965727, 43032.120500000193715 ], [ 35687.485000000335276, 43047.572200000286102 ], [ 35696.486299999989569, 43063.826400000602007 ], [ 35704.919599999673665, 43079.054999999701977 ], [ 35713.42339999973774, 43094.411000000312924 ], [ 35716.53940000012517, 43100.03800000064075 ], [ 35717.467799999751151, 43101.66950000077486 ], [ 35718.593399999663234, 43103.545499999076128 ], [ 35720.2818, 43106.359600000083447 ], [ 35721.407399999909103, 43108.173000000417233 ], [ 35722.407999999821186, 43109.548800000920892 ], [ 35724.033900000154972, 43112.112700000405312 ], [ 35725.284599999897182, 43113.988700000569224 ], [ 35726.285099999979138, 43115.426999999210238 ], [ 35727.911000000312924, 43117.803300000727177 ], [ 35729.849600000306964, 43120.67989999987185 ], [ 35730.537399999797344, 43121.555400000885129 ], [ 35731.350399999879301, 43122.618400000035763 ], [ 35731.975700000301003, 43123.619000000879169 ], [ 35732.726099999621511, 43124.619500000029802 ], [ 35733.47649999987334, 43125.557499999180436 ], [ 35733.851700000464916, 43126.245400000363588 ], [ 35734.314100000075996, 43126.660099999979138 ], [ 35740.529900000430644, 43126.326700000092387 ], [ 35741.054800000041723, 43126.036100000143051 ], [ 35740.909500000067055, 43125.773700000718236 ], [ 35742.78899999987334, 43124.732799999415874 ], [ 35747.053000000305474, 43132.432700000703335 ], [ 35750.290000000037253, 43138.277799999341369 ], [ 35752.516900000162423, 43142.299100000411272 ], [ 35767.173100000247359, 43134.182600000873208 ], [ 35771.237900000065565, 43131.931600000709295 ], [ 35761.509999999776483, 43114.365499999374151 ], [ 35763.393699999898672, 43113.322300000116229 ], [ 35763.53899999987334, 43113.584799999371171 ], [ 35764.2204, 43113.071699999272823 ], [ 35767.644799999892712, 43108.202299999073148 ], [ 35766.869800000451505, 43106.17200000025332 ], [ 35766.307000000029802, 43104.483500000089407 ], [ 35765.744199999608099, 43103.232799999415874 ], [ 35765.056300000287592, 43101.481899999082088 ], [ 35764.243400000035763, 43099.543299999088049 ], [ 35763.30530000012368, 43097.354599999263883 ], [ 35762.242300000041723, 43094.91579999960959 ], [ 35761.616899999789894, 43093.41499999910593 ], [ 35760.991600000299513, 43091.976700000464916 ], [ 35760.053600000217557, 43090.163200000301003 ], [ 35759.115600000135601, 43088.224600000306964 ], [ 35757.802400000393391, 43085.410599999129772 ], [ 35756.739299999549985, 43083.284399999305606 ], [ 35755.551099999807775, 43081.03319999948144 ], [ 35754.112800000235438, 43077.969000000506639 ], [ 35752.299300000071526, 43074.654699999839067 ], [ 35750.533999999985099, 43071.633099999278784 ], [ 35748.338899999856949, 43067.669099999591708 ], [ 35745.434700000099838, 43062.424799999222159 ], [ 35742.574500000104308, 43057.259999999776483 ], [ 35740.703099999576807, 43053.880599999800324 ], [ 35738.043100000359118, 43049.077299999073148 ], [ 35735.159300000406802, 43043.869799999520183 ], [ 35732.346400000154972, 43038.790500000119209 ], [ 35727.776700000278652, 43030.538499999791384 ], [ 35724.077800000086427, 43023.859300000593066 ], [ 35719.355200000107288, 43015.331299999728799 ], [ 35714.979500000365078, 43007.42989999987185 ], [ 35708.588499999605119, 42995.889200000092387 ], [ 35703.868800000287592, 42987.36629999987781 ], [ 35698.360500000417233, 42977.419600000604987 ], [ 35694.287700000219047, 42970.065199999138713 ], [ 35687.770299999974668, 42958.29619999974966 ], [ 35686.013500000350177, 42955.123700000345707 ], [ 35683.070899999700487, 42949.810200000181794 ], [ 35679.233900000341237, 42942.881300000473857 ], [ 35675.926500000059605, 42936.908900000154972 ], [ 35671.233199999667704, 42928.433900000527501 ], [ 35666.825299999676645, 42920.474300000816584 ], [ 35662.499800000339746, 42912.663399999961257 ], [ 35661.43709999974817, 42910.689999999478459 ], [ 35660.248999999836087, 42908.62639999948442 ], [ 35658.185300000011921, 42905.124500000849366 ], [ 35656.747100000269711, 42902.748199999332428 ], [ 35655.058600000105798, 42900.121700000017881 ], [ 35654.308199999853969, 42898.870999999344349 ], [ 35652.744900000281632, 42896.557299999520183 ], [ 35651.306599999777973, 42894.368599999696016 ], [ 35648.93030000012368, 42891.116800000891089 ], [ 35647.867200000211596, 42889.553400000557303 ], [ 35646.92920000012964, 42888.302699999883771 ], [ 35645.74100000038743, 42886.739399999380112 ], [ 35645.053100000135601, 42885.863900000229478 ], [ 35644.302699999883771, 42884.863399999216199 ], [ 35643.114599999971688, 42883.362600000575185 ], [ 35642.114000000059605, 42882.049300000071526 ], [ 35640.988400000147521, 42880.548499999567866 ], [ 35639.675200000405312, 42879.047700000926852 ], [ 35638.737200000323355, 42878.047100000083447 ], [ 35637.7182, 42876.774399999529123 ], [ 35631.026300000026822, 42877.272199999541044 ], [ 35630.501400000415742, 42877.562899999320507 ], [ 35613.244900000281632, 42846.633099999278784 ], [ 35594.52379999961704, 42857.000399999320507 ] ] ] } },
{ "type": "Feature", "properties": { "TYP_CD": 0, "STN_NAM": null, "ATTACHEMEN": "NE16_SKG STN.zip", "TYP_CD_DES": "MRT", "STN_NAM_DE": "SENGKANG MRT STATION" }, "geometry": { "type": "Polygon", "coordinates": [ [ [ 34864.214999999850988, 41402.160499999299645 ], [ 34930.114599999971688, 41593.399599999189377 ], [ 34957.166400000452995, 41584.437000000849366 ], [ 34890.498300000093877, 41393.103499999269843 ], [ 34864.214999999850988, 41402.160499999299645 ] ] ] } },
{ "type": "Feature", "properties": { "TYP_CD": 0, "STN_NAM": null, "ATTACHEMEN": "NE15_BGK STN.zip", "TYP_CD_DES": "MRT", "STN_NAM_DE": "BUANGKOK MRT STATION" }, "geometry": { "type": "Polygon", "coordinates": [ [ [ 34646.218700000084937, 40402.406199999153614 ], [ 34622.597599999979138, 40404.316400000825524 ], [ 34624.906200000084937, 40432.921900000423193 ], [ 34627.441399999894202, 40464.320299999788404 ], [ 34621.554700000211596, 40464.792899999767542 ], [ 34614.996100000105798, 40465.25 ], [ 34616.027300000190735, 40478.054700000211596 ], [ 34622.582000000402331, 40477.453099999576807 ], [ 34628.464800000190735, 40476.976600000634789 ], [ 34633.460900000296533, 40538.828099999576807 ], [ 34619.953099999576807, 40539.917899999767542 ], [ 34621.035099999979138, 40553.304700000211596 ], [ 34621.238300000317395, 40555.796900000423193 ], [ 34618.246100000105798, 40556.035099999979138 ], [ 34619.578099999576807, 40572.535099999979138 ], [ 34621.550800000317395, 40572.375 ], [ 34621.761699999682605, 40574.964800000190735 ], [ 34622.359299999661744, 40574.917899999767542 ], [ 34624.441399999894202, 40600.710899999365211 ], [ 34634.425800000317395, 40599.906199999153614 ], [ 34632.714800000190735, 40578.714800000190735 ], [ 34636.656200000084937, 40578.398399999365211 ], [ 34640.230499999597669, 40622.671800000593066 ], [ 34641.988300000317395, 40644.402300000190735 ], [ 34665.609400000423193, 40642.492200000211596 ], [ 34664.339800000190735, 40626.742200000211596 ], [ 34677.804700000211596, 40625.656199999153614 ], [ 34678.328099999576807, 40630.578099999576807 ], [ 34689.343700000084937, 40629.6875 ], [ 34687.824199999682605, 40610.902300000190735 ], [ 34685.160099999979138, 40611.117200000211596 ], [ 34684.773400000296533, 40606.332000000402331 ], [ 34676.429700000211596, 40607.039100000634789 ], [ 34676.863300000317395, 40611.488299999386072 ], [ 34676.10149999987334, 40611.546900000423193 ], [ 34674.550800000317395, 40592.308599999174476 ], [ 34675.644500000402331, 40592.222599999979138 ], [ 34673.675800000317395, 40567.832000000402331 ], [ 34676.816399999894202, 40567.578099999576807 ], [ 34677.035099999979138, 40570.269500000402331 ], [ 34686.304700000211596, 40569.523399999365211 ], [ 34686.085900000296533, 40566.832000000402331 ], [ 34688.578099999576807, 40566.628900000825524 ], [ 34687.785199999809265, 40556.792899999767542 ], [ 34688.382799999788404, 40556.746099999174476 ], [ 34688.097599999979138, 40553.257799999788404 ], [ 34687.5, 40553.304700000211596 ], [ 34685.468700000084937, 40528.125 ], [ 34676.546799999661744, 40528.847599999979138 ], [ 34670.757799999788404, 40457.160099999979138 ], [ 34675.195299999788404, 40456.800799999386072 ], [ 34674.238300000317395, 40444.992200000211596 ], [ 34673.984400000423193, 40445.011700000613928 ], [ 34673.683600000105798, 40441.277300000190735 ], [ 34674.183600000105798, 40441.238299999386072 ], [ 34673.183600000105798, 40428.855499999597669 ], [ 34673.093700000084937, 40427.757799999788404 ], [ 34672.406200000084937, 40419.257799999788404 ], [ 34669.871100000105798, 40419.464800000190735 ], [ 34661.441399999894202, 40420.144500000402331 ], [ 34661.644500000402331, 40422.636700000613928 ], [ 34661.445299999788404, 40422.652300000190735 ], [ 34661.566399999894202, 40424.140599999576807 ], [ 34648.0625, 40425.230499999597669 ], [ 34646.218700000084937, 40402.406199999153614 ] ] ] } },

{ "type": "Feature", "properties": { "TYP_CD": 0, "STN_NAM": null, "ATTACHEMEN": null, "TYP_CD_DES": "MRT", "STN_NAM_DE": "TUAS CRESCENT MRT STATION" }, "geometry": { "type": "Polygon", "coordinates": [ [ [ 7409.052000000141561, 33763.753699999302626 ], [ 7426.507000000216067, 33782.208799999207258 ], [ 7537.503299999982119, 33677.228199999779463 ], [ 7545.618900000117719, 33685.808900000527501 ], [ 7529.486200000159442, 33701.067299999296665 ], [ 7533.376699999906123, 33705.180700000375509 ], [ 7515.63190000038594, 33721.964999999850988 ], [ 7519.334099999628961, 33725.879200000315905 ], [ 7526.923200000077486, 33718.701400000602007 ], [ 7526.648000000044703, 33718.410499999299645 ], [ 7536.80420000012964, 33708.80460000038147 ], [ 7537.029600000008941, 33709.042899999767542 ], [ 7551.357699999585748, 33695.49129999987781 ], [ 7551.40749999973923, 33695.543999999761581 ], [ 7572.360299999825656, 33675.726600000634789 ], [ 7568.656499999575317, 33671.810499999672174 ], [ 7560.446999999694526, 33679.575600000098348 ], [ 7559.941700000315905, 33679.041300000622869 ], [ 7560.123599999584258, 33678.869200000539422 ], [ 7559.276300000026822, 33677.973400000482798 ], [ 7561.0625, 33676.284900000318885 ], [ 7558.794999999925494, 33673.887099999934435 ], [ 7556.354899999685585, 33676.194900000467896 ], [ 7547.969700000248849, 33667.32909999974072 ], [ 7557.552500000223517, 33658.265599999576807 ], [ 7540.095999999903142, 33639.808900000527501 ], [ 7530.513199999928474, 33648.872500000521541 ], [ 7522.876799999736249, 33640.79869999922812 ], [ 7524.228199999779463, 33639.520500000566244 ], [ 7521.239900000393391, 33636.360999999567866 ], [ 7528.57050000037998, 33629.427699999883771 ], [ 7524.893899999558926, 33625.540500000119209 ], [ 7505.314199999906123, 33644.059100000187755 ], [ 7505.463200000114739, 33644.216700000688434 ], [ 7491.122200000099838, 33657.780600000172853 ], [ 7491.248100000433624, 33657.913599999621511 ], [ 7479.184700000099838, 33669.323300000280142 ], [ 7482.587000000290573, 33672.919099999591708 ], [ 7494.649699999950826, 33661.510199999436736 ], [ 7498.566399999894202, 33665.651300000026822 ], [ 7513.338999999687076, 33651.679300000891089 ], [ 7520.04700000025332, 33658.77170000039041 ], [ 7409.052000000141561, 33763.753699999302626 ] ] ] } },
{ "type": "Feature", "properties": { "TYP_CD": 0, "STN_NAM": null, "ATTACHEMEN": null, "TYP_CD_DES": "MRT", "STN_NAM_DE": "TUAS LINK MRT STATION" }, "geometry": { "type": "Polygon", "coordinates": [ [ [ 6148.28969999961555, 35957.815199999138713 ], [ 6171.127000000327826, 35936.214900000020862 ], [ 6169.920099999755621, 35932.850700000301003 ], [ 6179.612900000065565, 35929.371300000697374 ], [ 6173.413200000301003, 35912.100400000810623 ], [ 6195.17920000012964, 35904.286800000816584 ], [ 6197.573599999770522, 35910.956599999219179 ], [ 6207.906899999827147, 35907.247099999338388 ], [ 6183.743400000035763, 35839.935799999162555 ], [ 6173.410099999979138, 35843.645300000905991 ], [ 6191.598000000230968, 35894.310599999502301 ], [ 6169.832100000232458, 35902.123999999836087 ], [ 6163.733599999919534, 35885.135099999606609 ], [ 6164.24129999987781, 35884.952800000086427 ], [ 6163.227800000458956, 35882.129200000315905 ], [ 6160.392699999734759, 35883.146900000050664 ], [ 6101.436599999666214, 35718.907999999821186 ], [ 6099.622899999842048, 35719.559000000357628 ], [ 6095.752899999730289, 35708.778000000864267 ], [ 6095.752799999900162, 35708.777899999171495 ], [ 6091.093799999915063, 35710.450400000438094 ], [ 6090.122899999842048, 35710.798900000751019 ], [ 6089.769899999722838, 35709.815500000491738 ], [ 6068.208599999547005, 35717.55599999986589 ], [ 6071.072800000198185, 35725.534600000828505 ], [ 6070.514499999582767, 35725.734899999573827 ], [ 6107.211199999786913, 35828.183399999514222 ], [ 6103.148199999704957, 35829.641899999231 ], [ 6118.051199999637902, 35871.171399999409914 ], [ 6118.188799999654293, 35871.095499999821186 ], [ 6125.284900000318885, 35890.862900000065565 ], [ 6125.143600000068545, 35890.913599999621511 ], [ 6146.569899999536574, 35950.599899999797344 ], [ 6148.28969999961555, 35957.815199999138713 ] ] ] } },
{ "type": "Feature", "properties": { "TYP_CD": 0, "STN_NAM": null, "ATTACHEMEN": null, "TYP_CD_DES": "MRT", "STN_NAM_DE": "TUAS WEST ROAD MRT STATION" }, "geometry": { "type": "Polygon", "coordinates": [ [ [ 6382.208100000396371, 34765.430800000205636 ], [ 6478.659500000067055, 34674.543700000271201 ], [ 6483.776200000196695, 34679.973099999129772 ], [ 6468.319199999794364, 34694.539599999785423 ], [ 6471.480399999767542, 34697.894200000911951 ], [ 6466.043499999679625, 34703.017899999395013 ], [ 6458.925900000147521, 34709.725400000810623 ], [ 6459.438500000163913, 34710.269400000572205 ], [ 6452.578999999910593, 34716.757400000467896 ], [ 6452.433400000445545, 34716.894600000232458 ], [ 6453.150399999693036, 34717.657199999317527 ], [ 6459.674700000323355, 34711.508899999782443 ], [ 6462.873700000345707, 34714.94400000013411 ], [ 6476.685800000093877, 34701.927899999544024 ], [ 6476.884100000374019, 34702.138399999588728 ], [ 6488.868200000375509, 34690.842299999669194 ], [ 6495.78070000000298, 34693.557000000029802 ], [ 6506.009100000374019, 34683.889399999752641 ], [ 6505.27170000039041, 34676.469599999487 ], [ 6510.970499999821186, 34671.099199999123812 ], [ 6506.816499999724329, 34666.691099999472499 ], [ 6499.699900000356138, 34673.397600000724196 ], [ 6497.796500000171363, 34671.377900000661612 ], [ 6496.497499999590218, 34672.602099999785423 ], [ 6489.076500000432134, 34664.727600000798702 ], [ 6513.494199999608099, 34641.718599999323487 ], [ 6509.381599999964237, 34637.354299999773502 ], [ 6509.72759999986738, 34637.028200000524521 ], [ 6503.484299999661744, 34630.409099999815226 ], [ 6503.141499999910593, 34630.732100000604987 ], [ 6496.07149999961257, 34623.229299999773502 ], [ 6467.920800000429153, 34649.755999999120831 ], [ 6466.112300000153482, 34649.828600000590086 ], [ 6466.073400000110269, 34648.860700000077486 ], [ 6439.095200000330806, 34649.94370000064373 ], [ 6439.155299999751151, 34651.442700000479817 ], [ 6432.560600000433624, 34651.707299999892712 ], [ 6432.513799999840558, 34650.540500000119209 ], [ 6429.316300000064075, 34650.668899999931455 ], [ 6429.363199999555945, 34651.835699999704957 ], [ 6422.001400000415742, 34652.131100000813603 ], [ 6417.607699999585748, 34656.202199999243021 ], [ 6399.310800000093877, 34673.444700000807643 ], [ 6399.362999999895692, 34673.5 ], [ 6399.024299999698997, 34673.819199999794364 ], [ 6408.141099999658763, 34683.493300000205636 ], [ 6408.479500000365078, 34683.174399999901652 ], [ 6408.881400000303984, 34683.600899999961257 ], [ 6422.307000000029802, 34670.948999999091029 ], [ 6429.940100000239909, 34663.755799999460578 ], [ 6428.945600000210106, 34662.700400000438094 ], [ 6432.091599999926984, 34659.735700000077486 ], [ 6435.079900000244379, 34659.61570000089705 ], [ 6435.139999999664724, 34661.11460000090301 ], [ 6456.788800000213087, 34660.245799999684095 ], [ 6364.785400000400841, 34746.941500000655651 ], [ 6382.208100000396371, 34765.430800000205636 ] ] ] } },
{ "type": "Feature", "properties": { "TYP_CD": 0, "STN_NAM": null, "ATTACHEMEN": null, "TYP_CD_DES": "MRT", "STN_NAM_DE": "BOTANIC GARDENS MRT STATION" }, "geometry": { "type": "Polygon", "coordinates": [ [ [ 26058.785400000400841, 33885.920700000599027 ], [ 26086.331100000068545, 33882.463300000876188 ], [ 26113.876799999736249, 33879.005499999970198 ], [ 26113.85190000012517, 33878.807199999690056 ], [ 26128.563000000081956, 33876.960799999535084 ], [ 26143.274100000038743, 33875.114299999549985 ], [ 26150.219899999909103, 33874.242499999701977 ], [ 26158.615500000305474, 33873.188799999654293 ], [ 26167.011099999770522, 33872.134999999776483 ], [ 26167.022499999962747, 33872.224799999967217 ], [ 26167.040400000289083, 33872.222500000149012 ], [ 26168.213000000454485, 33872.075300000607967 ], [ 26166.50690000038594, 33858.482100000604987 ], [ 26164.800800000317395, 33844.888699999079108 ], [ 26164.602300000376999, 33844.913599999621511 ], [ 26164.602300000376999, 33844.913699999451637 ], [ 26163.954300000332296, 33839.727700000628829 ], [ 26163.306300000287592, 33834.541699999943376 ], [ 26133.946899999864399, 33838.226700000464916 ], [ 26104.587600000202656, 33841.911699999123812 ], [ 26104.24170000012964, 33839.155799999833107 ], [ 26103.895800000056624, 33836.399900000542402 ], [ 26098.342899999581277, 33837.096799999475479 ], [ 26092.79009999986738, 33837.793800000101328 ], [ 26073.599100000225008, 33830.100099999457598 ], [ 26054.408200000412762, 33822.406400000676513 ], [ 26030.622600000351667, 33812.870500000193715 ], [ 26006.837100000120699, 33803.334599999710917 ], [ 26000.339599999599159, 33800.730100000277162 ], [ 25998.888600000180304, 33800.148399999365211 ], [ 25997.437599999830127, 33799.566700000315905 ], [ 25992.912499999627471, 33803.323100000619888 ], [ 25985.101599999703467, 33809.807299999520183 ], [ 25987.273299999535084, 33812.42339999973774 ], [ 25989.636599999852479, 33815.270199999213219 ], [ 25991.999900000169873, 33818.11710000038147 ], [ 25996.375199999660254, 33823.387700000777841 ], [ 25998.29839999973774, 33821.791200000792742 ], [ 26001.187300000339746, 33819.393100000917912 ], [ 26003.381599999964237, 33817.57149999961257 ], [ 26026.106599999591708, 33826.682000000029802 ], [ 26048.831600000150502, 33835.792600000277162 ], [ 26052.687699999660254, 33837.338500000536442 ], [ 26055.736499999649823, 33861.629599999636412 ], [ 26058.785400000400841, 33885.920700000599027 ] ] ] } },
{ "type": "Feature", "properties": { "TYP_CD": 0, "STN_NAM": null, "ATTACHEMEN": null, "TYP_CD_DES": "MRT", "STN_NAM_DE": "PROMENADE MRT STATION" }, "geometry": { "type": "Polygon", "coordinates": [ [ [ 31052.088399999774992, 30685.597599999979138 ], [ 31059.647900000214577, 30691.254300000146031 ], [ 31062.447300000116229, 30691.192800000309944 ], [ 31062.438500000163913, 30690.793600000441074 ], [ 31063.487499999813735, 30689.391799999400973 ], [ 31063.568099999800324, 30693.059299999848008 ], [ 31064.454199999570847, 30693.038799999281764 ], [ 31069.32660000026226, 30687.942299999296665 ], [ 31068.939500000327826, 30670.331000000238419 ], [ 31068.552299999631941, 30652.719799999147654 ], [ 31079.071999999694526, 30652.488299999386072 ], [ 31078.811499999836087, 30640.607100000604987 ], [ 31079.213299999944866, 30640.598300000652671 ], [ 31079.098799999803305, 30635.387099999934435 ], [ 31079.398699999786913, 30635.380599999800324 ], [ 31079.379200000315905, 30634.49210000038147 ], [ 31078.676799999549985, 30634.50760000012815 ], [ 31078.380699999630451, 30621.000499999150634 ], [ 31078.084800000302494, 30607.493400000035763 ], [ 31078.743999999947846, 30607.478900000452995 ], [ 31078.481200000271201, 30595.481599999591708 ], [ 31078.218299999833107, 30583.484400000423193 ], [ 31077.557699999772012, 30583.499199999496341 ], [ 31076.971900000236928, 30556.833000000566244 ], [ 31076.386099999770522, 30530.166799999773502 ], [ 31075.880499999970198, 30506.954399999231 ], [ 31076.576100000180304, 30506.939099999144673 ], [ 31076.425800000317395, 30500.140699999406934 ], [ 31075.731300000101328, 30500.155899999663234 ], [ 31075.567300000227988, 30492.693499999120831 ], [ 31068.681900000199676, 30492.844699999317527 ], [ 31068.503299999982119, 30484.750800000503659 ], [ 31060.701500000432134, 30484.921599999070168 ], [ 31060.551400000229478, 30478.286399999633431 ], [ 31055.056900000199676, 30472.850099999457598 ], [ 31049.565899999812245, 30472.97069999948144 ], [ 31041.170599999837577, 30464.685100000351667 ], [ 31037.37569999974221, 30468.526900000870228 ], [ 31037.518000000156462, 30468.667400000616908 ], [ 31036.815200000070035, 30469.378900000825524 ], [ 31052.191999999806285, 30484.563200000673532 ], [ 31052.779900000430644, 30511.313699999824166 ], [ 31054.610500000417233, 30511.273600000888109 ], [ 31053.783699999563396, 30530.667099999263883 ], [ 31058.889200000092387, 30530.551300000399351 ], [ 31059.816100000403821, 30572.691700000315905 ], [ 31060.742899999953806, 30614.832000000402331 ], [ 31055.84360000025481, 30614.939699999988079 ], [ 31056.262099999934435, 30633.960100000724196 ], [ 31056.680499999783933, 30652.980499999597669 ], [ 31057.179800000041723, 30652.969399999827147 ], [ 31057.455500000156462, 30665.513100000098348 ], [ 31057.731200000271201, 30678.056900000199676 ], [ 31052.088399999774992, 30685.597599999979138 ] ] ] } },
{ "type": "Feature", "properties": { "TYP_CD": 0, "STN_NAM": null, "ATTACHEMEN": null, "TYP_CD_DES": "MRT", "STN_NAM_DE": "CITY HALL MRT STATION" }, "geometry": { "type": "Polygon", "coordinates": [ [ [ 30181.626899999566376, 30500.478499999269843 ], [ 30175.984400000423193, 30508.976500000804663 ], [ 30179.941399999894202, 30511.603499999269843 ], [ 30122.470700000412762, 30598.162100000306964 ], [ 30120.888600000180304, 30597.109400000423193 ], [ 30120.167999999597669, 30597.652300000190735 ], [ 30104.314399999566376, 30587.125 ], [ 30093.773400000296533, 30593.490199999883771 ], [ 30093.878899999894202, 30593.660099999979138 ], [ 30071.660099999979138, 30607.076199999079108 ], [ 30075.794900000095367, 30613.923800000920892 ], [ 30098.890599999576807, 30599.980499999597669 ], [ 30099.597599999979138, 30601.150399999693036 ], [ 30084.222599999979138, 30624.306600000709295 ], [ 30074.558600000105798, 30630.140599999576807 ], [ 30087.747999999672174, 30651.988299999386072 ], [ 30087.140599999576807, 30652.90430000051856 ], [ 30105.966799999587238, 30665.40430000051856 ], [ 30113.720700000412762, 30660.109400000423193 ], [ 30115.519500000402331, 30657.402300000190735 ], [ 30116.255800000391901, 30657.59180000051856 ], [ 30139.681599999777973, 30622.310499999672174 ], [ 30143.501899999566376, 30624.847599999979138 ], [ 30160.027300000190735, 30614.03319999948144 ], [ 30164.675800000317395, 30617.119100000709295 ], [ 30171.921900000423193, 30606.205099999904633 ], [ 30174.214800000190735, 30607.728499999269843 ], [ 30175.414099999703467, 30606.880799999460578 ], [ 30190.251899999566376, 30627.865199999883771 ], [ 30202.242200000211596, 30619.386700000613928 ], [ 30187.406200000084937, 30598.402300000190735 ], [ 30187.925800000317395, 30598.035099999979138 ], [ 30186.953099999576807, 30587.740199999883771 ], [ 30185.031200000084937, 30586.464800000190735 ], [ 30192.279299999587238, 30575.550799999386072 ], [ 30190.986299999989569, 30574.693399999290705 ], [ 30202.410099999979138, 30557.490199999883771 ], [ 30201.701200000010431, 30557.019500000402331 ], [ 30207.316399999894202, 30548.564400000497699 ], [ 30201.714800000190735, 30527.351500000804663 ], [ 30204.246100000105798, 30523.539100000634789 ], [ 30182.251899999566376, 30508.935499999672174 ], [ 30185.958999999798834, 30503.355399999767542 ], [ 30181.626899999566376, 30500.478499999269843 ] ] ] } },
{ "type": "Feature", "properties": { "TYP_CD": 0, "STN_NAM": null, "ATTACHEMEN": null, "TYP_CD_DES": "MRT", "STN_NAM_DE": "BISHAN MRT STATION" }, "geometry": { "type": "Polygon", "coordinates": [ [ [ 29643.207000000402331, 36905.308599999174476 ], [ 29611.699199999682605, 36912.351600000634789 ], [ 29611.710900000296533, 36912.406199999153614 ], [ 29650.03899999987334, 37084.925799999386072 ], [ 29681.406200000084937, 37078.031199999153614 ], [ 29672.916000000201166, 37039.660099999979138 ], [ 29668.632799999788404, 37020.296900000423193 ], [ 29684.0625, 37016.871099999174476 ], [ 29671.410099999979138, 36959.6875 ], [ 29655.988300000317395, 36963.109400000423193 ], [ 29648.433600000105798, 36928.941400000825524 ], [ 29644.119099999777973, 36909.433599999174476 ], [ 29643.207000000402331, 36905.308599999174476 ] ] ] } },

{ "type": "Feature", "properties": { "TYP_CD": 0, "STN_NAM": null, "ATTACHEMEN": null, "TYP_CD_DES": "MRT", "STN_NAM_DE": "EXPO MRT STATION" }, "geometry": { "type": "Polygon", "coordinates": [ [ [ 42220.6875, 35090.050799999386072 ], [ 42197.089800000190735, 35105.015599999576807 ], [ 42200.597599999979138, 35110.281199999153614 ], [ 42213.60149999987334, 35130.457000000402331 ], [ 42223.007799999788404, 35142.457000000402331 ], [ 42224.289099999703467, 35146.953099999576807 ], [ 42225.839800000190735, 35151.675799999386072 ], [ 42230.488300000317395, 35157.855399999767542 ], [ 42234.617200000211596, 35163.566400000825524 ], [ 42235.277300000190735, 35164.496099999174476 ], [ 42245.47649999987334, 35179.566400000825524 ], [ 42251.589800000190735, 35189.191400000825524 ], [ 42257.6875, 35199.539000000804663 ], [ 42260.730399999767542, 35204.710899999365211 ], [ 42285.10149999987334, 35243.097699999809265 ], [ 42287.191399999894202, 35247.281199999153614 ], [ 42290.023400000296533, 35253.648399999365211 ], [ 42291.472599999979138, 35253.226600000634789 ], [ 42318.785099999979138, 35297.234400000423193 ], [ 42337.945299999788404, 35284.503900000825524 ], [ 42339.730399999767542, 35276.117200000211596 ], [ 42234.898400000296533, 35110.757799999788404 ], [ 42234.132799999788404, 35111.242200000211596 ], [ 42234.027300000190735, 35111.078099999576807 ], [ 42233.765599999576807, 35111.246099999174476 ], [ 42226.019500000402331, 35099.031199999153614 ], [ 42220.6875, 35090.050799999386072 ] ] ] } },
{ "type": "Feature", "properties": { "TYP_CD": 0, "STN_NAM": null, "ATTACHEMEN": null, "TYP_CD_DES": "LRT", "STN_NAM_DE": "FERNVALE LRT STATION" }, "geometry": { "type": "Polygon", "coordinates": [ [ [ 32804.992200000211596, 41488.035099999979138 ], [ 32803.1875, 41488.058599999174476 ], [ 32801.406200000084937, 41488.316400000825524 ], [ 32800.363300000317395, 41488.613299999386072 ], [ 32799.671900000423193, 41488.808599999174476 ], [ 32798.042999999597669, 41489.578099999576807 ], [ 32796.546900000423193, 41490.582000000402331 ], [ 32795.199199999682605, 41491.777300000190735 ], [ 32793.980499999597669, 41493.230399999767542 ], [ 32763.169900000095367, 41541.593699999153614 ], [ 32763.089800000190735, 41541.714800000190735 ], [ 32757.591799999587238, 41550.343699999153614 ], [ 32760.335900000296533, 41552.093699999153614 ], [ 32758.593700000084937, 41554.781199999153614 ], [ 32756.720700000412762, 41555.496099999174476 ], [ 32755.160099999979138, 41556.289000000804663 ], [ 32753.728500000201166, 41557.304700000211596 ], [ 32752.474600000306964, 41558.531199999153614 ], [ 32751.427699999883771, 41559.933599999174476 ], [ 32750.613300000317395, 41561.488299999386072 ], [ 32750.066399999894202, 41563.144500000402331 ], [ 32749.785099999979138, 41564.871099999174476 ], [ 32749.775399999693036, 41566.382799999788404 ], [ 32749.773400000296533, 41566.628900000825524 ], [ 32750.054700000211596, 41568.355399999767542 ], [ 32750.576200000010431, 41570.019500000402331 ], [ 32751.375, 41571.578099999576807 ], [ 32752.376899999566376, 41573.019500000402331 ], [ 32753.615199999883771, 41574.253900000825524 ], [ 32755.039099999703467, 41575.269500000402331 ], [ 32756.945299999788404, 41576.378900000825524 ], [ 32757.693300000391901, 41577.039000000804663 ], [ 32758.308600000105798, 41578.074200000613928 ], [ 32758.533200000412762, 41579.253900000825524 ], [ 32758.380900000222027, 41580.433599999174476 ], [ 32757.814399999566376, 41581.660099999979138 ], [ 32753.082000000402331, 41589.054700000211596 ], [ 32751.859400000423193, 41590.636700000613928 ], [ 32750.474600000306964, 41592.082000000402331 ], [ 32748.986299999989569, 41593.421900000423193 ], [ 32747.392599999904633, 41594.628900000825524 ], [ 32745.714800000190735, 41595.714800000190735 ], [ 32743.949199999682605, 41596.660099999979138 ], [ 32742.136699999682605, 41597.460899999365211 ], [ 32740.232400000095367, 41598.078099999576807 ], [ 32738.392599999904633, 41598.542899999767542 ], [ 32739.216799999587238, 41606.382799999788404 ], [ 32742.162100000306964, 41605.625 ], [ 32744.072200000286102, 41605.035099999979138 ], [ 32745.945299999788404, 41604.332000000402331 ], [ 32747.763700000010431, 41603.488299999386072 ], [ 32749.525399999693036, 41602.554700000211596 ], [ 32751.224600000306964, 41601.503900000825524 ], [ 32752.835900000296533, 41600.339800000190735 ], [ 32754.400399999693036, 41599.093699999153614 ], [ 32755.872999999672174, 41597.738299999386072 ], [ 32757.251899999566376, 41596.292999999597669 ], [ 32758.556599999777973, 41594.781199999153614 ], [ 32759.726599999703467, 41593.164000000804663 ], [ 32772.296900000423193, 41573.390599999576807 ], [ 32772.402300000190735, 41573.222599999979138 ], [ 32778.429700000211596, 41563.738299999386072 ], [ 32781.214800000190735, 41565.503900000825524 ], [ 32790.871100000105798, 41550.257799999788404 ], [ 32790.97649999987334, 41550.093699999153614 ], [ 32809.730499999597669, 41520.488299999386072 ], [ 32806.894500000402331, 41518.730499999597669 ], [ 32814.621100000105798, 41506.933599999174476 ], [ 32815.539099999703467, 41505.156199999153614 ], [ 32816.109400000423193, 41503.445299999788404 ], [ 32816.425800000317395, 41501.675799999386072 ], [ 32816.449199999682605, 41499.871099999174476 ], [ 32816.257799999788404, 41498.078099999576807 ], [ 32815.777300000190735, 41496.343699999153614 ], [ 32815.078099999576807, 41494.6875 ], [ 32814.75, 41494.167899999767542 ], [ 32814.117200000211596, 41493.156199999153614 ], [ 32812.980399999767542, 41491.757799999788404 ], [ 32811.640599999576807, 41490.554700000211596 ], [ 32810.140599999576807, 41489.558599999174476 ], [ 32808.507799999788404, 41488.804700000211596 ], [ 32806.773400000296533, 41488.296900000423193 ], [ 32804.992200000211596, 41488.035099999979138 ] ] ] } },

{ "type": "Feature", "properties": { "TYP_CD": 0, "STN_NAM": null, "ATTACHEMEN": null, "TYP_CD_DES": "LRT", "STN_NAM_DE": "BAKAU LRT STATION" }, "geometry": { "type": "Polygon", "coordinates": [ [ [ 36019.839800000190735, 41088.539000000804663 ], [ 36009.22649999987334, 41099.039000000804663 ], [ 36051.742200000211596, 41141.9375 ], [ 36062.355499999597669, 41131.4375 ], [ 36019.839800000190735, 41088.539000000804663 ] ] ] } },
{ "type": "Feature", "properties": { "TYP_CD": 0, "STN_NAM": null, "ATTACHEMEN": null, "TYP_CD_DES": "LRT", "STN_NAM_DE": "FARMWAY LRT STATION" }, "geometry": { "type": "Polygon", "coordinates": [ [ [ 34270.308600000105798, 42105.058599999174476 ], [ 34206.160099999979138, 42113.382799999788404 ], [ 34208.093700000084937, 42128.246099999174476 ], [ 34272.242200000211596, 42119.933599999174476 ], [ 34270.308600000105798, 42105.058599999174476 ] ] ] } },
{ "type": "Feature", "properties": { "TYP_CD": 0, "STN_NAM": null, "ATTACHEMEN": null, "TYP_CD_DES": "MRT", "STN_NAM_DE": "COMMONWEALTH MRT STATION" }, "geometry": { "type": "Polygon", "coordinates": [ [ [ 24151.591799999587238, 31587.994100000709295 ], [ 24040.599600000306964, 31685.648399999365211 ], [ 24052.341799999587238, 31698.960899999365211 ], [ 24163.013700000010431, 31601.160099999979138 ], [ 24151.591799999587238, 31587.994100000709295 ] ] ] } },
{ "type": "Feature", "properties": { "TYP_CD": 0, "STN_NAM": null, "ATTACHEMEN": null, "TYP_CD_DES": "LRT", "STN_NAM_DE": "KUPANG LRT STATION" }, "geometry": { "type": "Polygon", "coordinates": [ [ [ 33377.242200000211596, 42220.640599999576807 ], [ 33317.148400000296533, 42226.742200000211596 ], [ 33318.652300000190735, 42241.667999999597669 ], [ 33378.773400000296533, 42235.566400000825524 ], [ 33377.242200000211596, 42220.640599999576807 ] ] ] } },
{ "type": "Feature", "properties": { "TYP_CD": 0, "STN_NAM": null, "ATTACHEMEN": null, "TYP_CD_DES": "LRT", "STN_NAM_DE": "DAMAI LRT STATION" }, "geometry": { "type": "Polygon", "coordinates": [ [ [ 36344.781600000336766, 43043.441899999976158 ], [ 36398.046500000171363, 43005.468399999663234 ], [ 36389.364000000059605, 42993.263000000268221 ], [ 36336.064500000327826, 43031.235500000417233 ], [ 36344.781600000336766, 43043.441899999976158 ] ] ] } },
{ "type": "Feature", "properties": { "TYP_CD": 0, "STN_NAM": null, "ATTACHEMEN": null, "TYP_CD_DES": "MRT", "STN_NAM_DE": "QUEENSTOWN MRT STATION" }, "geometry": { "type": "Polygon", "coordinates": [ [ [ 24996.056599999777973, 30709.361300000920892 ], [ 24916.736299999989569, 30834.109400000423193 ], [ 24918.169900000095367, 30835.009700000286102 ], [ 24933.455099999904633, 30844.714800000190735 ], [ 25012.667999999597669, 30720.052699999883771 ], [ 24997.984400000423193, 30710.59180000051856 ], [ 24996.056599999777973, 30709.361300000920892 ] ] ] } },
{ "type": "Feature", "properties": { "TYP_CD": 0, "STN_NAM": null, "ATTACHEMEN": null, "TYP_CD_DES": "MRT", "STN_NAM_DE": "KALLANG MRT STATION" }, "geometry": { "type": "Polygon", "coordinates": [ [ [ 32176.806599999777973, 32571.78319999948144 ], [ 32174.527300000190735, 32572.03319999948144 ], [ 32173.753899999894202, 32573.747999999672174 ], [ 32171.601599999703467, 32578.523399999365211 ], [ 32159.718700000084937, 32595.195299999788404 ], [ 32149.41399999987334, 32609.634800000116229 ], [ 32177.410099999979138, 32627.050799999386072 ], [ 32193.728500000201166, 32637.201099999248981 ], [ 32199.103500000201166, 32640.544900000095367 ], [ 32216.660099999979138, 32651.464800000190735 ], [ 32287.974600000306964, 32695.826099999248981 ], [ 32293.380800000391901, 32699.189400000497699 ], [ 32294.658200000412762, 32699.087899999693036 ], [ 32295.765599999576807, 32697.580099999904633 ], [ 32296.833999999798834, 32698.253900000825524 ], [ 32297.744099999777973, 32696.753900000825524 ], [ 32301.917999999597669, 32689.886700000613928 ], [ 32304.468700000084937, 32684.205000000074506 ], [ 32305.527300000190735, 32678.080099999904633 ], [ 32305.046900000423193, 32671.869100000709295 ], [ 32303.044900000095367, 32665.984400000423193 ], [ 32299.646499999798834, 32660.759700000286102 ], [ 32295.058600000105798, 32656.558599999174476 ], [ 32289.634800000116229, 32652.689400000497699 ], [ 32275.990199999883771, 32642.955099999904633 ], [ 32264.296900000423193, 32634.613299999386072 ], [ 32255.156200000084937, 32624.46680000051856 ], [ 32251.556599999777973, 32620.468699999153614 ], [ 32218.521499999798834, 32595.574200000613928 ], [ 32214.853500000201166, 32592.810499999672174 ], [ 32198.216799999587238, 32580.271500000730157 ], [ 32197.003899999894202, 32579.357400000095367 ], [ 32177.644500000402331, 32572.097599999979138 ], [ 32176.806599999777973, 32571.78319999948144 ] ] ] } },
{ "type": "Feature", "properties": { "TYP_CD": 0, "STN_NAM": null, "ATTACHEMEN": null, "TYP_CD_DES": "LRT", "STN_NAM_DE": "RUMBIA LRT STATION" }, "geometry": { "type": "Polygon", "coordinates": [ [ [ 36092.082000000402331, 41470.890599999576807 ], [ 36049.804700000211596, 41514.082000000402331 ], [ 36060.582000000402331, 41524.609400000423193 ], [ 36102.777300000190735, 41481.457000000402331 ], [ 36092.082000000402331, 41470.890599999576807 ] ] ] } },
{ "type": "Feature", "properties": { "TYP_CD": 0, "STN_NAM": null, "ATTACHEMEN": null, "TYP_CD_DES": "LRT", "STN_NAM_DE": "PETIR LRT STATION" }, "geometry": { "type": "Polygon", "coordinates": [ [ [ 20595.648400000296533, 39953.070299999788404 ], [ 20591.246100000105798, 39955.644500000402331 ], [ 20581.347599999979138, 39961.785099999979138 ], [ 20567.091799999587238, 39970.671900000423193 ], [ 20565.152300000190735, 39972.046900000423193 ], [ 20563.527300000190735, 39973.617200000211596 ], [ 20562.146499999798834, 39975.425799999386072 ], [ 20565.857400000095367, 39981.414000000804663 ], [ 20570.347599999979138, 39988.656199999153614 ], [ 20571.654299999587238, 39987.515599999576807 ], [ 20589.369099999777973, 39976.527300000190735 ], [ 20601.300800000317395, 39967.425799999386072 ], [ 20602.703099999576807, 39964.535099999979138 ], [ 20598.802699999883771, 39958.195299999788404 ], [ 20595.648400000296533, 39953.070299999788404 ] ] ] } },
{ "type": "Feature", "properties": { "TYP_CD": 0, "STN_NAM": null, "ATTACHEMEN": null, "TYP_CD_DES": "MRT", "STN_NAM_DE": "BOON LAY MRT STATION" }, "geometry": { "type": "Polygon", "coordinates": [ [ [ 13767.853400000371039, 35587.804700000211596 ], [ 13751.502899999730289, 35631.890599999576807 ], [ 13826.177699999883771, 35659.531199999153614 ], [ 13823.899299999698997, 35665.667899999767542 ], [ 13859.906200000084937, 35679.023399999365211 ], [ 13866.365199999883771, 35681.421800000593066 ], [ 13868.389600000344217, 35682.171900000423193 ], [ 13902.67960000038147, 35694.890599999576807 ], [ 13908.478400000371039, 35679.234400000423193 ], [ 13909.475499999709427, 35677.441400000825524 ], [ 13911.11710000038147, 35676.207000000402331 ], [ 13927.299700000323355, 35669.363299999386072 ], [ 13921.098600000143051, 35652.019500000402331 ], [ 13910.058500000275671, 35647.925799999386072 ], [ 13902.909099999815226, 35645.273399999365211 ], [ 13848.487200000323355, 35625.085899999365211 ], [ 13850.911999999545515, 35618.574200000613928 ], [ 13767.853400000371039, 35587.804700000211596 ] ] ] } },
{ "type": "Feature", "properties": { "TYP_CD": 0, "STN_NAM": null, "ATTACHEMEN": null, "TYP_CD_DES": "LRT", "STN_NAM_DE": "KEAT HONG LRT STATION" }, "geometry": { "type": "Polygon", "coordinates": [ [ [ 18640.488300000317395, 40047.695299999788404 ], [ 18604.189399999566376, 40063.921800000593066 ], [ 18598.763700000010431, 40067.515599999576807 ], [ 18597.978500000201166, 40069.089800000190735 ], [ 18599.314399999566376, 40071.976600000634789 ], [ 18600.66399999987334, 40074.996099999174476 ], [ 18600.333999999798834, 40075.488299999386072 ], [ 18599.384700000286102, 40079.609400000423193 ], [ 18599.365199999883771, 40083.855399999767542 ], [ 18600.009800000116229, 40087.5625 ], [ 18600.037100000306964, 40087.714800000190735 ], [ 18604.050800000317395, 40082.656199999153614 ], [ 18647.429700000211596, 40063.265599999576807 ], [ 18648.279299999587238, 40061.164100000634789 ], [ 18643.892599999904633, 40051.386700000613928 ], [ 18642.425800000317395, 40052.042999999597669 ], [ 18640.488300000317395, 40047.695299999788404 ] ] ] } },
{ "type": "Feature", "properties": { "TYP_CD": 0, "STN_NAM": null, "ATTACHEMEN": null, "TYP_CD_DES": "LRT", "STN_NAM_DE": "JELAPANG LRT STATION" }, "geometry": { "type": "Polygon", "coordinates": [ [ [ 20330.058600000105798, 40937.558599999174476 ], [ 20329.947200000286102, 40938.246099999174476 ], [ 20319.806599999777973, 40947.019500000402331 ], [ 20319.130800000391901, 40947.605499999597669 ], [ 20349.951200000010431, 40983.203099999576807 ], [ 20350.658200000412762, 40982.589800000190735 ], [ 20361.875, 40972.863299999386072 ], [ 20361.951200000010431, 40969.554700000211596 ], [ 20353.531200000084937, 40958.945299999788404 ], [ 20336.330099999904633, 40939.734400000423193 ], [ 20334.843700000084937, 40938.1875 ], [ 20330.058600000105798, 40937.558599999174476 ] ] ] } },
{ "type": "Feature", "properties": { "TYP_CD": 0, "STN_NAM": null, "ATTACHEMEN": null, "TYP_CD_DES": "LRT", "STN_NAM_DE": "CHOA CHU KANG LRT STATION" }, "geometry": { "type": "Polygon", "coordinates": [ [ [ 18113.925800000317395, 40715.742200000211596 ], [ 18110.144500000402331, 40786.402300000190735 ], [ 18125.375, 40787.195299999788404 ], [ 18125.656200000084937, 40781.949200000613928 ], [ 18129.046900000423193, 40782.132799999788404 ], [ 18132.306599999777973, 40721.527300000190735 ], [ 18113.925800000317395, 40715.742200000211596 ] ] ] } },
{ "type": "Feature", "properties": { "TYP_CD": 0, "STN_NAM": null, "ATTACHEMEN": null, "TYP_CD_DES": "LRT", "STN_NAM_DE": "SENGKANG LRT STATION" }, "geometry": { "type": "Polygon", "coordinates": [ [ [ 34898.105700000189245, 41407.926899999380112 ], [ 34868.496899999678135, 41418.13120000064373 ], [ 34887.223199999891222, 41472.489299999549985 ], [ 34888.839800000190735, 41471.931700000539422 ], [ 34930.738300000317395, 41593.574300000444055 ], [ 34957.166400000452995, 41584.437000000849366 ], [ 34915.322900000028312, 41462.953999999910593 ], [ 34916.886199999600649, 41462.415999999269843 ], [ 34898.105700000189245, 41407.926899999380112 ] ] ] } },
{ "type": "Feature", "properties": { "TYP_CD": 0, "STN_NAM": null, "ATTACHEMEN": null, "TYP_CD_DES": "LRT", "STN_NAM_DE": "PENDING LRT STATION" }, "geometry": { "type": "Polygon", "coordinates": [ [ [ 21087.966799999587238, 39760.410099999979138 ], [ 21075.578099999576807, 39768.066400000825524 ], [ 21079.484400000423193, 39774.375 ], [ 21074.718700000084937, 39777.464800000190735 ], [ 21088.0625, 39798.132799999788404 ], [ 21100.488300000317395, 39817.378900000825524 ], [ 21104.755900000222027, 39814.621099999174476 ], [ 21106.85149999987334, 39817.898399999365211 ], [ 21119.814399999566376, 39809.882799999788404 ], [ 21087.966799999587238, 39760.410099999979138 ] ] ] } },
{ "type": "Feature", "properties": { "TYP_CD": 0, "STN_NAM": null, "ATTACHEMEN": "NE14_HGN STN.zip", "TYP_CD_DES": "MRT", "STN_NAM_DE": "HOUGANG MRT STATION" }, "geometry": { "type": "Polygon", "coordinates": [ [ [ 34585.744800000451505, 39132.472599999979138 ], [ 34568.045599999837577, 39132.472599999979138 ], [ 34561.740899999625981, 39132.472599999979138 ], [ 34561.740899999625981, 39136.199200000613928 ], [ 34561.733099999837577, 39138.339800000190735 ], [ 34558.233, 39140.472599999979138 ], [ 34544.033800000324845, 39140.472599999979138 ], [ 34544.041600000113249, 39166.972599999979138 ], [ 34543.38150000013411, 39170.503900000825524 ], [ 34543.377600000239909, 39213.539000000804663 ], [ 34561.479100000113249, 39213.539000000804663 ], [ 34561.471300000324845, 39286.621099999174476 ], [ 34523.018199999816716, 39286.621099999174476 ], [ 34523.010400000028312, 39351.593699999153614 ], [ 34585.725200000219047, 39351.601500000804663 ], [ 34585.729199999943376, 39319.648399999365211 ], [ 34590.611999999731779, 39319.648399999365211 ], [ 34590.592400000430644, 39312.796800000593066 ], [ 34593.596300000324845, 39312.796800000593066 ], [ 34595.877600000239909, 39310.519500000402331 ], [ 34595.877600000239909, 39308.121099999174476 ], [ 34628.416600000113249, 39308.125 ], [ 34628.416600000113249, 39309.332000000402331 ], [ 34634.049499999731779, 39309.335899999365211 ], [ 34634.045599999837577, 39330.675799999386072 ], [ 34643.018199999816716, 39330.675799999386072 ], [ 34643.018199999816716, 39295.273399999365211 ], [ 34593.287800000049174, 39295.273399999365211 ], [ 34593.287800000049174, 39289.625 ], [ 34590.611999999731779, 39289.621099999174476 ], [ 34590.611999999731779, 39283.324200000613928 ], [ 34585.736999999731779, 39283.324200000613928 ], [ 34585.983, 39273.511700000613928 ], [ 34585.791600000113249, 39209.574200000613928 ], [ 34598.393199999816716, 39209.578099999576807 ], [ 34598.397099999710917, 39169.707000000402331 ], [ 34598.986999999731779, 39169.707000000402331 ], [ 34598.986999999731779, 39159.109400000423193 ], [ 34585.733099999837577, 39159.109400000423193 ], [ 34585.744800000451505, 39136.921900000423193 ], [ 34585.744800000451505, 39132.472599999979138 ] ] ] } },
{ "type": "Feature", "properties": { "TYP_CD": 0, "STN_NAM": null, "ATTACHEMEN": "NE13_KVN STN.zip", "TYP_CD_DES": "MRT", "STN_NAM_DE": "KOVAN MRT STATION" }, "geometry": { "type": "Polygon", "coordinates": [ [ [ 33691.686200000345707, 37939.753900000825524 ], [ 33676.705699999816716, 37956.203099999576807 ], [ 33678.850200000219047, 37958.156199999153614 ], [ 33668.143199999816716, 37969.914000000804663 ], [ 33670.584599999710917, 37972.136700000613928 ], [ 33667.639299999922514, 37975.371099999174476 ], [ 33682.127600000239909, 37988.566400000825524 ], [ 33676.252600000239909, 37995.050799999386072 ], [ 33720.830699999816716, 38035.648399999365211 ], [ 33726.721300000324845, 38029.179700000211596 ], [ 33718.147099999710917, 38021.367200000211596 ], [ 33731.127600000239909, 38007.113299999386072 ], [ 33779.412700000219047, 38051.085899999365211 ], [ 33770.088499999605119, 38061.324200000613928 ], [ 33787.666699999943376, 38077.332000000402331 ], [ 33780.561200000345707, 38085.132799999788404 ], [ 33815.412700000219047, 38116.820299999788404 ], [ 33831.06900000013411, 38099.628900000825524 ], [ 33833.760400000028312, 38101.863299999386072 ], [ 33849.787700000219047, 38084.265599999576807 ], [ 33836.775999999605119, 38072.417999999597669 ], [ 33836.002600000239909, 38070.292899999767542 ], [ 33827.611999999731779, 38062.652300000190735 ], [ 33828.018199999816716, 38062.207000000402331 ], [ 33828.252600000239909, 38058.515599999576807 ], [ 33834.186200000345707, 38052.003900000825524 ], [ 33834.912700000219047, 38039.523399999365211 ], [ 33807.025999999605119, 38014.125 ], [ 33809.045599999837577, 38011.910099999979138 ], [ 33801.209599999710917, 38004.769500000402331 ], [ 33796.428399999625981, 38010.019500000402331 ], [ 33807.721300000324845, 38020.304700000211596 ], [ 33795.686200000345707, 38033.519500000402331 ], [ 33776.705699999816716, 38016.382799999788404 ], [ 33708.272099999710917, 37954.0625 ], [ 33699.998700000345707, 37946.375 ], [ 33695.826799999922514, 37943.523399999365211 ], [ 33691.686200000345707, 37939.753900000825524 ] ] ] } },
{ "type": "Feature", "properties": { "TYP_CD": 0, "STN_NAM": null, "ATTACHEMEN": "NE12_SER STN.zip", "TYP_CD_DES": "MRT", "STN_NAM_DE": "SERANGOON MRT STATION" }, "geometry": { "type": "Polygon", "coordinates": [ [ [ 32441.876899999566376, 36758.601600000634789 ], [ 32428.949199999682605, 36769.609400000423193 ], [ 32422.181599999777973, 36768.101500000804663 ], [ 32416.693400000222027, 36761.648399999365211 ], [ 32397.583999999798834, 36777.929700000211596 ], [ 32473.861299999989569, 36867.5 ], [ 32473.753899999894202, 36868.839800000190735 ], [ 32457.466799999587238, 36882.710899999365211 ], [ 32462.804700000211596, 36889.015599999576807 ], [ 32439.406200000084937, 36916.339800000190735 ], [ 32452.849600000306964, 36927.855399999767542 ], [ 32470.746100000105798, 36906.960899999365211 ], [ 32470.892599999904633, 36907.085899999365211 ], [ 32473.365199999883771, 36904.199200000613928 ], [ 32473.218700000084937, 36904.074200000613928 ], [ 32474.423799999989569, 36902.660099999979138 ], [ 32506.939399999566376, 36940.800799999386072 ], [ 32506.890599999576807, 36943.386700000613928 ], [ 32487.482400000095367, 36966.863299999386072 ], [ 32494.263700000010431, 36972.472599999979138 ], [ 32514.357400000095367, 36948.742200000211596 ], [ 32517.076200000010431, 36951.933599999174476 ], [ 32523.242200000211596, 36946.683599999174476 ], [ 32489.138700000010431, 36906.636700000613928 ], [ 32499.603500000201166, 36897.726500000804663 ], [ 32531.894500000402331, 36935.636700000613928 ], [ 32568.785099999979138, 36904.230399999767542 ], [ 32561.517599999904633, 36895.695299999788404 ], [ 32567.22649999987334, 36890.828099999576807 ], [ 32547.714800000190735, 36867.917999999597669 ], [ 32547.865199999883771, 36867.789100000634789 ], [ 32545.402300000190735, 36864.894500000402331 ], [ 32545.25, 36865.023399999365211 ], [ 32523.369099999777973, 36839.328099999576807 ], [ 32517.087899999693036, 36844.675799999386072 ], [ 32497.031200000084937, 36821.128900000825524 ], [ 32490.332000000402331, 36826.832000000402331 ], [ 32504.097599999979138, 36843.0 ], [ 32494.751899999566376, 36850.957000000402331 ], [ 32491.759800000116229, 36850.718699999153614 ], [ 32477.531200000084937, 36833.957000000402331 ], [ 32489.615199999883771, 36823.675799999386072 ], [ 32474.560499999672174, 36806.003900000825524 ], [ 32482.058600000105798, 36799.613299999386072 ], [ 32473.966799999587238, 36790.113299999386072 ], [ 32468.371100000105798, 36794.878900000825524 ], [ 32450.867200000211596, 36774.324200000613928 ], [ 32453.417899999767542, 36772.152300000190735 ], [ 32441.876899999566376, 36758.601600000634789 ] ] ] } },
{ "type": "Feature", "properties": { "TYP_CD": 0, "STN_NAM": null, "ATTACHEMEN": "NE11_WHL STN.zip", "TYP_CD_DES": "MRT", "STN_NAM_DE": "WOODLEIGH MRT STATION" }, "geometry": { "type": "Polygon", "coordinates": [ [ [ 32174.399000000208616, 35603.679700000211596 ], [ 32150.711500000208616, 35603.992200000211596 ], [ 32151.078700000420213, 35631.691400000825524 ], [ 32131.510400000028312, 35631.949200000613928 ], [ 32131.551400000229478, 35635.101500000804663 ], [ 32131.625599999912083, 35640.636700000613928 ], [ 32132.301400000229478, 35645.605399999767542 ], [ 32124.818900000303984, 35646.621099999174476 ], [ 32126.381400000303984, 35658.101500000804663 ], [ 32128.604100000113249, 35674.445299999788404 ], [ 32129.615799999795854, 35681.878900000825524 ], [ 32132.641200000420213, 35681.839800000190735 ], [ 32132.682199999690056, 35684.9375 ], [ 32140.7818, 35684.832000000402331 ], [ 32140.736899999901652, 35681.531199999153614 ], [ 32148.188099999912083, 35681.433599999174476 ], [ 32148.207600000314415, 35682.933599999174476 ], [ 32151.457600000314415, 35682.890599999576807 ], [ 32153.1568, 35811.226600000634789 ], [ 32177.654900000430644, 35810.902300000190735 ], [ 32177.643099999986589, 35810.101500000804663 ], [ 32207.754499999806285, 35809.703099999576807 ], [ 32207.557199999690056, 35794.804700000211596 ], [ 32198.5943, 35794.925799999386072 ], [ 32198.508399999700487, 35788.460899999365211 ], [ 32207.158800000324845, 35788.343699999153614 ], [ 32206.543499999679625, 35741.984400000423193 ], [ 32206.266200000420213, 35720.964800000190735 ], [ 32194.566999999806285, 35721.121099999174476 ], [ 32194.074799999594688, 35684.023399999365211 ], [ 32199.824799999594688, 35683.949200000613928 ], [ 32199.309200000017881, 35644.976600000634789 ], [ 32193.309200000017881, 35645.058599999174476 ], [ 32192.924399999901652, 35616.035099999979138 ], [ 32180.899000000208616, 35616.191400000825524 ], [ 32174.483, 35609.945299999788404 ], [ 32174.399000000208616, 35603.679700000211596 ] ] ] } },
{ "type": "Feature", "properties": { "TYP_CD": 0, "STN_NAM": null, "ATTACHEMEN": "NE10_PTP STN.zip", "TYP_CD_DES": "MRT", "STN_NAM_DE": "POTONG PASIR MRT STATION" }, "geometry": { "type": "Polygon", "coordinates": [ [ [ 31972.8125, 34712.683599999174476 ], [ 31945.578099999576807, 34719.628900000825524 ], [ 31946.462899999693036, 34723.097599999979138 ], [ 31927.714800000190735, 34727.878900000825524 ], [ 31926.357400000095367, 34727.074200000613928 ], [ 31921.193300000391901, 34728.394500000402331 ], [ 31924.974600000306964, 34743.218699999153614 ], [ 31942.818300000391901, 34738.667999999597669 ], [ 31957.376899999566376, 34795.746099999174476 ], [ 31947.582000000402331, 34798.242200000211596 ], [ 31941.927699999883771, 34800.355499999597669 ], [ 31931.712899999693036, 34802.960899999365211 ], [ 31934.867200000211596, 34815.324200000613928 ], [ 31945.091799999587238, 34812.718699999153614 ], [ 31951.029299999587238, 34811.718699999153614 ], [ 31951.060499999672174, 34811.710899999365211 ], [ 31951.111299999989569, 34811.902300000190735 ], [ 31954.031200000084937, 34811.160099999979138 ], [ 31957.880900000222027, 34826.246099999174476 ], [ 31938.208999999798834, 34831.261700000613928 ], [ 31944.197300000116229, 34854.742200000211596 ], [ 31946.166000000201166, 34860.429700000211596 ], [ 31965.808600000105798, 34937.449200000613928 ], [ 31966.685499999672174, 34937.707000000402331 ], [ 31954.376899999566376, 34967.136700000613928 ], [ 31963.875, 35004.375 ], [ 31972.402300000190735, 35002.203099999576807 ], [ 31963.630800000391901, 34967.8125 ], [ 31975.746100000105798, 34938.496099999174476 ], [ 31976.714800000190735, 34938.25 ], [ 31974.695299999788404, 34930.328099999576807 ], [ 31989.716799999587238, 34926.496099999174476 ], [ 31989.765599999576807, 34926.691400000825524 ], [ 31993.353500000201166, 34925.777300000190735 ], [ 32000.408200000412762, 34929.964800000190735 ], [ 32003.207000000402331, 34940.9375 ], [ 32028.177699999883771, 34934.566400000825524 ], [ 32024.626899999566376, 34920.648399999365211 ], [ 32022.60149999987334, 34914.9375 ], [ 32012.609400000423193, 34875.753900000825524 ], [ 32018.695299999788404, 34874.203099999576807 ], [ 32024.384700000286102, 34872.234300000593066 ], [ 32029.224600000306964, 34871.0 ], [ 32026.572300000116229, 34860.605499999597669 ], [ 32030.742200000211596, 34859.539000000804663 ], [ 32023.740199999883771, 34832.089800000190735 ], [ 32020.005800000391901, 34833.042999999597669 ], [ 32013.960900000296533, 34809.339800000190735 ], [ 32004.238300000317395, 34811.820299999788404 ], [ 32004.226599999703467, 34811.773399999365211 ], [ 31996.580099999904633, 34813.722599999979138 ], [ 31988.808600000105798, 34783.253900000825524 ], [ 31982.412100000306964, 34758.375 ], [ 31982.482400000095367, 34750.597599999979138 ], [ 31972.8125, 34712.683599999174476 ] ] ] } },

{ "type": "Feature", "properties": { "TYP_CD": 0, "STN_NAM": null, "ATTACHEMEN": null, "TYP_CD_DES": "LRT", "STN_NAM_DE": "BUKIT PANJANG LRT STATION" }, "geometry": { "type": "Polygon", "coordinates": [ [ [ 20151.908200000412762, 39972.390599999576807 ], [ 20150.744099999777973, 39977.179700000211596 ], [ 20147.226599999703467, 39991.636700000613928 ], [ 20201.757799999788404, 40004.921900000423193 ], [ 20203.167999999597669, 39999.125 ], [ 20204.898400000296533, 39992.019500000402331 ], [ 20205.361299999989569, 39990.113299999386072 ], [ 20206.497999999672174, 39985.441400000825524 ], [ 20181.806599999777973, 39979.625 ], [ 20151.908200000412762, 39972.390599999576807 ] ] ] } },
{ "type": "Feature", "properties": { "TYP_CD": 0, "STN_NAM": null, "ATTACHEMEN": null, "TYP_CD_DES": "LRT", "STN_NAM_DE": "FAJAR LRT STATION" }, "geometry": { "type": "Polygon", "coordinates": [ [ [ 21028.888600000180304, 40699.5625 ], [ 21022.75, 40705.304700000211596 ], [ 21021.589800000190735, 40706.390599999576807 ], [ 21024.283200000412762, 40709.273399999365211 ], [ 21031.402300000190735, 40716.019500000402331 ], [ 21038.353500000201166, 40723.218699999153614 ], [ 21044.216799999587238, 40729.300799999386072 ], [ 21049.777300000190735, 40735.484300000593066 ], [ 21052.281200000084937, 40738.226500000804663 ], [ 21055.232400000095367, 40741.773399999365211 ], [ 21056.808600000105798, 40740.296800000593066 ], [ 21069.025399999693036, 40728.867200000211596 ], [ 21051.289099999703467, 40709.914000000804663 ], [ 21049.658200000412762, 40708.171800000593066 ], [ 21047.310499999672174, 40708.691400000825524 ], [ 21045.146499999798834, 40708.695299999788404 ], [ 21042.884700000286102, 40708.703099999576807 ], [ 21038.0625, 40707.242200000211596 ], [ 21035.122999999672174, 40705.066400000825524 ], [ 21028.888600000180304, 40699.5625 ] ] ] } },
{ "type": "Feature", "properties": { "TYP_CD": 0, "STN_NAM": null, "ATTACHEMEN": null, "TYP_CD_DES": "MRT", "STN_NAM_DE": "BUGIS MRT STATION" }, "geometry": { "type": "Polygon", "coordinates": [ [ [ 30707.650200000032783, 31183.343100000172853 ], [ 30704.466699999757111, 31187.328999999910593 ], [ 30701.283300000242889, 31191.314799999818206 ], [ 30703.043499999679625, 31192.660700000822544 ], [ 30696.959499999880791, 31200.617499999701977 ], [ 30690.875599999912083, 31208.574300000444055 ], [ 30685.560300000011921, 31212.483599999919534 ], [ 30680.245099999941885, 31216.392899999395013 ], [ 30663.580500000156462, 31234.374099999666214 ], [ 30646.916000000201166, 31252.355399999767542 ], [ 30650.16399999987334, 31254.838899999856949 ], [ 30653.412100000306964, 31257.322399999946356 ], [ 30646.487599999643862, 31266.378399999812245 ], [ 30639.56319999974221, 31275.434499999508262 ], [ 30635.455799999646842, 31272.293899999931455 ], [ 30631.348500000312924, 31269.153200000524521 ], [ 30628.566499999724329, 31272.154999999329448 ], [ 30623.903300000354648, 31267.833300000056624 ], [ 30620.16469999961555, 31271.867300000041723 ], [ 30624.822300000116229, 31276.183800000697374 ], [ 30611.348600000143051, 31290.728000000119209 ], [ 30597.874900000169873, 31305.272199999541044 ], [ 30603.949300000444055, 31309.916799999773502 ], [ 30610.02379999961704, 31314.561499999836087 ], [ 30601.235999999567866, 31326.054500000551343 ], [ 30592.448200000450015, 31337.547499999403954 ], [ 30592.209800000302494, 31337.365299999713898 ], [ 30586.743400000035763, 31344.514599999412894 ], [ 30581.276899999938905, 31351.663899999111891 ], [ 30577.512199999764562, 31356.340299999341369 ], [ 30570.499099999666214, 31365.36879999935627 ], [ 30558.142900000326335, 31380.851399999111891 ], [ 30545.786700000055134, 31396.334000000730157 ], [ 30541.749800000339746, 31400.99100000038743 ], [ 30537.712799999862909, 31405.648000000044703 ], [ 30536.219499999657273, 31406.168500000610948 ], [ 30534.726099999621511, 31406.689099999144673 ], [ 30534.973000000230968, 31407.397299999371171 ], [ 30535.232499999925494, 31408.101099999621511 ], [ 30535.371799999848008, 31408.764299999922514 ], [ 30535.511199999600649, 31409.427600000053644 ], [ 30534.457899999804795, 31410.562999999150634 ], [ 30533.404699999839067, 31411.698400000110269 ], [ 30519.746600000187755, 31409.444399999454618 ], [ 30506.088499999605119, 31407.190500000491738 ], [ 30506.017699999734759, 31407.1081000007689 ], [ 30506.396900000050664, 31406.782299999147654 ], [ 30492.267300000414252, 31390.339500000700355 ], [ 30478.137699999846518, 31373.896800000220537 ], [ 30474.895299999974668, 31376.682900000363588 ], [ 30471.652999999932945, 31379.469100000336766 ], [ 30489.628999999724329, 31400.388499999418855 ], [ 30507.605000000447035, 31421.308000000193715 ], [ 30512.354600000195205, 31417.226700000464916 ], [ 30537.338399999774992, 31421.349700000137091 ], [ 30541.214499999769032, 31425.842599999159575 ], [ 30542.197800000198185, 31426.987900000065565 ], [ 30544.781000000424683, 31424.210699999704957 ], [ 30547.364199999719858, 31421.433499999344349 ], [ 30551.794599999673665, 31426.594599999487 ], [ 30556.22510000038892, 31431.755799999460578 ], [ 30567.189299999736249, 31422.343800000846386 ], [ 30557.637099999934435, 31411.139200000092387 ], [ 30562.692300000227988, 31406.307700000703335 ], [ 30567.747499999590218, 31401.476199999451637 ], [ 30574.022900000214577, 31395.027100000530481 ], [ 30580.298200000077486, 31388.57799999974668 ], [ 30588.339300000108778, 31379.702299999073148 ], [ 30596.380300000309944, 31370.826500000432134 ], [ 30603.660299999639392, 31361.256599999964237 ], [ 30610.940200000070035, 31351.686799999326468 ], [ 30610.701999999582767, 31351.504599999636412 ], [ 30617.855299999937415, 31342.050100000575185 ], [ 30625.39850000012666, 31332.076899999752641 ], [ 30633.340599999763072, 31338.149599999189377 ], [ 30641.282700000330806, 31344.222300000488758 ], [ 30638.201299999840558, 31347.653100000694394 ], [ 30635.119800000451505, 31351.083799999207258 ], [ 30634.450299999676645, 31350.482300000265241 ], [ 30633.780799999833107, 31349.880799999460578 ], [ 30633.112499999813735, 31350.624600000679493 ], [ 30634.443300000391901, 31351.820299999788404 ], [ 30632.786700000055134, 31353.616599999368191 ], [ 30631.130199999548495, 31355.412900000810623 ], [ 30629.791299999691546, 31354.209899999201298 ], [ 30629.122899999842048, 31354.95380000025034 ], [ 30630.452200000174344, 31356.14809999987483 ], [ 30628.859000000171363, 31357.875700000673532 ], [ 30627.265800000168383, 31359.603399999439716 ], [ 30625.926799999549985, 31358.400399999693036 ], [ 30625.258500000461936, 31359.144300000742078 ], [ 30626.587799999862909, 31360.338600000366569 ], [ 30624.994599999859929, 31362.066299999132752 ], [ 30623.401300000026822, 31363.793999999761581 ], [ 30622.062400000169873, 31362.591000000014901 ], [ 30621.394000000320375, 31363.334899999201298 ], [ 30623.466199999675155, 31365.19679999910295 ], [ 30629.60190000012517, 31358.543299999088049 ], [ 30635.737700000405312, 31351.889799999073148 ], [ 30642.080500000156462, 31344.832299999892712 ], [ 30661.727099999785423, 31322.965099999681115 ], [ 30681.373599999584258, 31301.097899999469519 ], [ 30680.617999999783933, 31300.442999999970198 ], [ 30673.266400000080466, 31308.625600000843406 ], [ 30665.747000000439584, 31301.869799999520183 ], [ 30659.576299999840558, 31308.737999999895692 ], [ 30653.405500000342727, 31315.606200000271201 ], [ 30643.900500000454485, 31308.338300000876188 ], [ 30658.418899999931455, 31289.35080000013113 ], [ 30672.937199999578297, 31270.363199999555945 ], [ 30672.698800000362098, 31270.180900000035763 ], [ 30680.338600000366569, 31260.287200000137091 ], [ 30684.449500000104308, 31254.963500000536442 ], [ 30687.612200000323355, 31250.867799999192357 ], [ 30688.956799999810755, 31249.114000000059605 ], [ 30690.0318, 31247.708000000566244 ], [ 30691.0011, 31246.440400000661612 ], [ 30692.182500000111759, 31244.895300000905991 ], [ 30693.46100000012666, 31243.223200000822544 ], [ 30694.907399999909103, 31241.331599999219179 ], [ 30701.836400000378489, 31232.269600000232458 ], [ 30702.074799999594688, 31232.451799999922514 ], [ 30711.853500000201166, 31219.662900000810623 ], [ 30721.63219999987632, 31206.873999999836087 ], [ 30723.141900000162423, 31208.028300000354648 ], [ 30729.33739999961108, 31199.925599999725819 ], [ 30707.650200000032783, 31183.343100000172853 ] ] ] } },
{ "type": "Feature", "properties": { "TYP_CD": 0, "STN_NAM": null, "ATTACHEMEN": "CC29_HBF STN.zip", "TYP_CD_DES": "MRT", "STN_NAM_DE": "HARBOURFRONT MRT STATION" }, "geometry": { "type": "Polygon", "coordinates": [ [ [ 26736.441100000403821, 27495.442299999296665 ], [ 26655.466500000096858, 27489.396600000560284 ], [ 26654.595300000160933, 27501.064099999144673 ], [ 26631.219899999909103, 27499.318800000473857 ], [ 26632.71860000025481, 27479.246300000697374 ], [ 26621.88289999961853, 27478.437300000339746 ], [ 26620.809899999760091, 27492.809200000017881 ], [ 26624.625099999830127, 27493.094000000506639 ], [ 26624.199500000104308, 27498.794600000604987 ], [ 26592.416500000283122, 27496.421599999070168 ], [ 26589.363699999637902, 27492.876199999824166 ], [ 26589.722299999557436, 27488.073000000789762 ], [ 26583.738900000229478, 27487.626199999824166 ], [ 26583.135499999858439, 27495.708300000056624 ], [ 26582.138100000098348, 27495.633799999952316 ], [ 26581.332499999552965, 27506.424200000241399 ], [ 26585.082399999722838, 27506.70409999974072 ], [ 26585.017, 27507.580700000748038 ], [ 26585.914499999955297, 27507.647700000554323 ], [ 26589.5011, 27511.143999999389052 ], [ 26589.344700000248849, 27513.239499999210238 ], [ 26584.720499999821186, 27512.894300000742078 ], [ 26583.794599999673665, 27525.294800000265241 ], [ 26569.2352, 27524.207699999213219 ], [ 26568.448900000192225, 27534.738399999216199 ], [ 26569.346599999815226, 27534.805500000715256 ], [ 26569.28899999987334, 27535.576899999752641 ], [ 26569.288900000043213, 27535.576799999922514 ], [ 26579.492720222569915, 27535.814015595562523 ], [ 26589.689899999648333, 27536.251900000497699 ], [ 26589.689899999648333, 27536.252000000327826 ], [ 26590.554299999959767, 27535.491200000047684 ], [ 26797.179100000299513, 27550.918500000610948 ], [ 26798.148000000044703, 27552.043700000271201 ], [ 26815.097099999897182, 27553.309200000017881 ], [ 26815.263299999758601, 27553.166400000452995 ], [ 26815.39919999986887, 27551.326400000602007 ], [ 26814.940499999560416, 27551.292099999263883 ], [ 26816.097199999727309, 27535.799300000071526 ], [ 26809.631299999542534, 27535.316600000485778 ], [ 26798.045099999755621, 27521.860600000247359 ], [ 26798.801300000399351, 27511.731100000441074 ], [ 26795.603400000371039, 27511.49239999987185 ], [ 26795.595999999903142, 27511.591499999165535 ], [ 26735.569899999536574, 27507.109799999744 ], [ 26736.441100000403821, 27495.442299999296665 ] ] ] } },
{ "type": "Feature", "properties": { "TYP_CD": 0, "STN_NAM": null, "ATTACHEMEN": "CC28_TLB STN.zip", "TYP_CD_DES": "MRT", "STN_NAM_DE": "TELOK BLANGAH MRT STATION" }, "geometry": { "type": "Polygon", "coordinates": [ [ [ 25356.560200000181794, 28137.288100000470877 ], [ 25357.027700000442564, 28142.742799999192357 ], [ 25395.823599999770522, 28139.417799999937415 ], [ 25395.077399999834597, 28130.710500000044703 ], [ 25375.543399999849498, 28132.384700000286102 ], [ 25375.337600000202656, 28129.982699999585748 ], [ 25423.589999999850988, 28125.847300000488758 ], [ 25424.032300000078976, 28131.00789999961853 ], [ 25445.922100000083447, 28129.131899999454618 ], [ 25445.556599999777973, 28124.868000000715256 ], [ 25459.573300000280142, 28123.666699999943376 ], [ 25457.267, 28096.765399999916553 ], [ 25438.683699999935925, 28098.357999999076128 ], [ 25437.479199999943376, 28099.892699999734759 ], [ 25424.907300000078976, 28101.040899999439716 ], [ 25424.261900000274181, 28100.497300000861287 ], [ 25353.916299999691546, 28106.526200000196695 ], [ 25353.369699999690056, 28107.175300000235438 ], [ 25314.369699999690056, 28110.517699999734759 ], [ 25312.840499999932945, 28109.143300000578165 ], [ 25294.264299999922514, 28110.735400000587106 ], [ 25296.570899999700487, 28137.636600000783801 ], [ 25309.523000000044703, 28136.526599999517202 ], [ 25309.930700000375509, 28141.284399999305606 ], [ 25356.560200000181794, 28137.288100000470877 ] ] ] } },
{ "type": "Feature", "properties": { "TYP_CD": 0, "STN_NAM": null, "ATTACHEMEN": "CC27_LBD STN.zip", "TYP_CD_DES": "MRT", "STN_NAM_DE": "LABRADOR PARK MRT STATION" }, "geometry": { "type": "Polygon", "coordinates": [ [ [ 24564.100399999879301, 28337.758899999782443 ], [ 24565.422600000165403, 28336.23589999973774 ], [ 24575.428899999707937, 28335.514799999073148 ], [ 24575.42960000038147, 28335.514799999073148 ], [ 24575.498100000433624, 28335.435499999672174 ], [ 24575.500099999830127, 28335.435399999842048 ], [ 24575.501000000163913, 28335.434399999678135 ], [ 24616.283499999903142, 28332.499199999496341 ], [ 24625.260300000198185, 28331.852900000289083 ], [ 24659.260400000028312, 28329.405300000682473 ], [ 24660.098399999551475, 28341.044999999925494 ], [ 24654.568099999800324, 28341.443099999800324 ], [ 24655.164099999703467, 28349.721699999645352 ], [ 24666.479399999603629, 28348.906999999657273 ], [ 24665.418800000101328, 28334.175200000405312 ], [ 24677.431699999608099, 28333.310399999842048 ], [ 24678.401200000196695, 28332.18889999948442 ], [ 24684.569199999794364, 28331.744799999520183 ], [ 24684.798899999819696, 28331.94370000064373 ], [ 24685.232900000177324, 28337.972300000488758 ], [ 24686.230299999937415, 28337.90059999935329 ], [ 24686.779000000096858, 28345.520899999886751 ], [ 24704.927099999971688, 28344.214600000530481 ], [ 24704.323699999600649, 28335.695900000631809 ], [ 24705.321100000292063, 28335.624099999666214 ], [ 24705.291000000201166, 28335.205800000578165 ], [ 24711.115600000135601, 28328.468499999493361 ], [ 24712.23450000025332, 28328.38910000026226 ], [ 24712.141800000332296, 28327.102399999275804 ], [ 24713.139299999922514, 28327.030600000172853 ], [ 24711.128899999894202, 28299.102900000289083 ], [ 24711.129200000315905, 28299.102900000289083 ], [ 24711.125599999912083, 28299.052999999374151 ], [ 24698.544200000353158, 28299.958699999377131 ], [ 24698.497899999842048, 28300.012099999934435 ], [ 24691.35190000012517, 28300.526499999687076 ], [ 24690.0329, 28302.050200000405312 ], [ 24678.704699999652803, 28302.865599999204278 ], [ 24678.635200000368059, 28302.945800000801682 ], [ 24628.582600000314415, 28306.548800000920892 ], [ 24627.379900000058115, 28289.843499999493361 ], [ 24612.268500000238419, 28290.931500000879169 ], [ 24611.572100000455976, 28281.259700000286102 ], [ 24600.45409999974072, 28282.060100000351667 ], [ 24599.971099999733269, 28275.351299999281764 ], [ 24581.794099999591708, 28276.660000000149012 ], [ 24581.780500000342727, 28276.471400000154972 ], [ 24552.760099999606609, 28278.560399999842048 ], [ 24543.148000000044703, 28289.664000000804663 ], [ 24544.689799999818206, 28311.082800000905991 ], [ 24544.680800000205636, 28311.083399999886751 ], [ 24544.680900000035763, 28311.085400000214577 ], [ 24542.315999999642372, 28311.254599999636412 ], [ 24544.326200000010431, 28339.181199999526143 ], [ 24544.331699999980628, 28339.257200000807643 ], [ 24555.591099999845028, 28338.446699999272823 ], [ 24555.660500000230968, 28338.366499999538064 ], [ 24564.099600000306964, 28337.75899999961257 ], [ 24564.100399999879301, 28337.758899999782443 ] ] ] } },
{ "type": "Feature", "properties": { "TYP_CD": 0, "STN_NAM": null, "ATTACHEMEN": "CC26_PPJ STN.zip", "TYP_CD_DES": "MRT", "STN_NAM_DE": "PASIR PANJANG MRT STATION" }, "geometry": { "type": "Polygon", "coordinates": [ [ [ 23255.860700000077486, 28784.930299999192357 ], [ 23273.302500000223517, 28779.025499999523163 ], [ 23273.80379999987781, 28778.011199999600649 ], [ 23397.95299999974668, 28735.980599999427795 ], [ 23398.968000000342727, 28736.482200000435114 ], [ 23416.409799999557436, 28730.577299999073148 ], [ 23408.072499999776483, 28705.950400000438094 ], [ 23394.210500000044703, 28710.643200000748038 ], [ 23392.655299999751151, 28706.049399999901652 ], [ 23382.567699999548495, 28709.464500000700355 ], [ 23381.349200000055134, 28705.865100000053644 ], [ 23370.692900000140071, 28709.472699999809265 ], [ 23373.723199999891222, 28718.42369999922812 ], [ 23306.174300000071526, 28741.291899999603629 ], [ 23304.763399999588728, 28737.124299999326468 ], [ 23296.214999999850988, 28740.018400000408292 ], [ 23297.850399999879301, 28744.848999999463558 ], [ 23283.100599999539554, 28749.842499999329448 ], [ 23279.412899999879301, 28738.949699999764562 ], [ 23249.841699999757111, 28748.960899999365211 ], [ 23250.867899999953806, 28751.992000000551343 ], [ 23245.532300000078976, 28753.798299999907613 ], [ 23247.712799999862909, 28760.239199999719858 ], [ 23247.523400000296533, 28760.303300000727177 ], [ 23255.860700000077486, 28784.930299999192357 ] ] ] } },
{ "type": "Feature", "properties": { "TYP_CD": 0, "STN_NAM": null, "ATTACHEMEN": "CC25_HPV STN.zip", "TYP_CD_DES": "MRT", "STN_NAM_DE": "HAW PAR VILLA MRT STATION" }, "geometry": { "type": "Polygon", "coordinates": [ [ [ 22207.841099999845028, 29485.460799999535084 ], [ 22210.108199999667704, 29484.972599999979138 ], [ 22218.238400000147521, 29490.222200000658631 ], [ 22217.967899999581277, 29490.641000000759959 ], [ 22239.85010000038892, 29504.770099999383092 ], [ 22264.504300000146031, 29466.595899999141693 ], [ 22281.116200000047684, 29477.319499999284744 ], [ 22287.143799999728799, 29467.981499999761581 ], [ 22293.065600000321865, 29471.80599999986589 ], [ 22298.591000000014901, 29479.758799999952316 ], [ 22291.528300000354648, 29484.66579999960959 ], [ 22293.038800000213087, 29486.839800000190735 ], [ 22280.292000000365078, 29495.696000000461936 ], [ 22289.398900000378489, 29508.80379999987781 ], [ 22318.701999999582767, 29488.444900000467896 ], [ 22311.597299999557436, 29478.218900000676513 ], [ 22310.726800000295043, 29478.823799999430776 ], [ 22300.425499999895692, 29463.996700000017881 ], [ 22287.633899999782443, 29455.801000000908971 ], [ 22287.321600000374019, 29454.349500000476837 ], [ 22276.735000000335276, 29447.51380000077188 ], [ 22330.021499999798834, 29364.986800000071526 ], [ 22308.260999999940395, 29350.93610000051558 ], [ 22307.990799999795854, 29351.354499999433756 ], [ 22307.229000000283122, 29350.862700000405312 ], [ 22306.659500000067055, 29351.744799999520183 ], [ 22302.761599999852479, 29349.227900000289083 ], [ 22294.061099999584258, 29362.702800000086427 ], [ 22291.160799999721348, 29363.327199999243021 ], [ 22283.346099999733269, 29358.281300000846386 ], [ 22274.233300000429153, 29372.394799999892712 ], [ 22278.559799999929965, 29375.188400000333786 ], [ 22272.264600000344217, 29384.93779999949038 ], [ 22279.573400000110269, 29389.656999999657273 ], [ 22281.339999999850988, 29386.922900000587106 ], [ 22283.941999999806285, 29388.603000000119209 ], [ 22250.935499999672174, 29439.725600000470877 ], [ 22233.721800000406802, 29428.667600000277162 ], [ 22223.347400000318885, 29444.734799999744 ], [ 22220.823200000450015, 29443.105000000447035 ], [ 22197.700000000186265, 29478.912900000810623 ], [ 22207.841099999845028, 29485.460799999535084 ] ] ] } },
{ "type": "Feature", "properties": { "TYP_CD": 0, "STN_NAM": null, "ATTACHEMEN": "CC24_KRG STN.zip", "TYP_CD_DES": "MRT", "STN_NAM_DE": "KENT RIDGE MRT STATION" }, "geometry": { "type": "Polygon", "coordinates": [ [ [ 22570.482599999755621, 30740.013900000602007 ], [ 22562.480100000277162, 30736.655300000682473 ], [ 22561.605800000019372, 30715.204800000414252 ], [ 22572.571600000374019, 30714.75789999961853 ], [ 22571.79009999986738, 30695.579600000753999 ], [ 22570.230399999767542, 30694.142100000753999 ], [ 22568.19510000012815, 30634.3581000007689 ], [ 22635.535000000149012, 30562.734200000762939 ], [ 22624.449599999934435, 30553.064699999988079 ], [ 22626.983799999579787, 30550.369300000369549 ], [ 22601.593500000424683, 30526.497600000351667 ], [ 22592.846499999985099, 30535.801200000569224 ], [ 22618.236800000071526, 30559.672800000756979 ], [ 22618.873800000175834, 30558.995200000703335 ], [ 22622.990000000223517, 30562.865299999713898 ], [ 22618.804800000041723, 30567.316700000315905 ], [ 22619.642799999564886, 30568.104599999263883 ], [ 22580.182000000029802, 30610.075699999928474 ], [ 22579.563799999654293, 30609.494500000029802 ], [ 22575.042200000025332, 30614.303700000047684 ], [ 22568.009399999864399, 30607.691400000825524 ], [ 22567.295400000177324, 30590.16950000077486 ], [ 22537.869800000451505, 30591.368599999696016 ], [ 22538.647900000214577, 30610.463999999687076 ], [ 22540.207700000144541, 30611.901599999517202 ], [ 22542.404400000348687, 30680.557800000533462 ], [ 22542.803999999538064, 30680.541500000283122 ], [ 22542.855899999849498, 30681.815500000491738 ], [ 22538.509600000455976, 30681.992599999532104 ], [ 22539.50800000037998, 30706.497300000861287 ], [ 22542.355499999597669, 30706.38120000064373 ], [ 22542.746299999766052, 30715.973300000652671 ], [ 22553.712500000372529, 30715.526399999856949 ], [ 22554.25870000012219, 30728.927799999713898 ], [ 22553.699900000356138, 30730.259199999272823 ], [ 22546.277099999599159, 30727.143999999389052 ], [ 22540.298200000077486, 30741.39049999974668 ], [ 22565.471199999563396, 30751.954900000244379 ], [ 22570.482599999755621, 30740.013900000602007 ] ] ] } },
{ "type": "Feature", "properties": { "TYP_CD": 0, "STN_NAM": null, "ATTACHEMEN": "CC23_ONH STN.zip", "TYP_CD_DES": "MRT", "STN_NAM_DE": "ONE-NORTH MRT STATION" }, "geometry": { "type": "Polygon", "coordinates": [ [ [ 22908.764000000432134, 31390.905300000682473 ], [ 22913.529799999669194, 31398.078700000420213 ], [ 22912.363800000399351, 31398.853499999269843 ], [ 22922.213899999856949, 31413.679700000211596 ], [ 22930.085099999792874, 31408.450200000777841 ], [ 22929.919099999591708, 31408.200300000607967 ], [ 22931.980600000359118, 31406.830700000748038 ], [ 22934.042000000365078, 31405.460999999195337 ], [ 22937.097099999897182, 31410.059499999508262 ], [ 22940.152200000360608, 31414.6579 ], [ 22942.568099999800324, 31413.340800000354648 ], [ 22943.9671, 31412.578099999576807 ], [ 22946.576299999840558, 31417.362999999895692 ], [ 22953.793100000359118, 31413.427799999713898 ], [ 22952.440799999982119, 31410.947799999266863 ], [ 22952.730600000359118, 31410.852600000798702 ], [ 22950.344700000248849, 31406.476999999955297 ], [ 22947.958700000308454, 31402.101299999281764 ], [ 22950.592600000090897, 31400.665100000798702 ], [ 22950.449000000022352, 31400.401699999347329 ], [ 22946.19440000038594, 31392.598500000312924 ], [ 22941.308600000105798, 31383.638100000098348 ], [ 22939.1239, 31384.829399999231 ], [ 22922.659500000067055, 31360.047100000083447 ], [ 22905.046299999579787, 31333.536800000816584 ], [ 22884.997000000439584, 31303.359600000083447 ], [ 22873.754399999976158, 31286.437699999660254 ], [ 22866.047600000165403, 31274.837300000712276 ], [ 22850.254700000397861, 31251.066400000825524 ], [ 22838.980100000277162, 31255.817500000819564 ], [ 22834.998399999924004, 31258.464800000190735 ], [ 22827.8761, 31263.200200000777841 ], [ 22831.130699999630451, 31269.168800000101328 ], [ 22834.385200000368059, 31275.137399999424815 ], [ 22836.763100000098348, 31279.498199999332428 ], [ 22834.419800000265241, 31280.776599999517202 ], [ 22840.969700000248849, 31292.789200000464916 ], [ 22847.5784, 31304.908999999985099 ], [ 22849.581500000320375, 31303.578299999237061 ], [ 22850.249200000427663, 31303.134700000286102 ], [ 22853.64919999986887, 31308.100199999287724 ], [ 22859.746799999848008, 31317.14919999986887 ], [ 22866.410000000149012, 31327.155500000342727 ], [ 22880.527999999932945, 31348.4054000005126 ], [ 22894.645999999716878, 31369.6554000005126 ], [ 22908.764000000432134, 31390.905300000682473 ] ] ] } },
{ "type": "Feature", "properties": { "TYP_CD": 0, "STN_NAM": null, "ATTACHEMEN": "CC22_BNV STN.zip", "TYP_CD_DES": "MRT", "STN_NAM_DE": "BUONA VISTA MRT STATION" }, "geometry": { "type": "Polygon", "coordinates": [ [ [ 23253.794200000353158, 32136.978000000119209 ], [ 23262.609400000423193, 32152.957800000905991 ], [ 23273.011699999682605, 32147.219399999827147 ], [ 23278.106200000271201, 32148.692099999636412 ], [ 23299.863499999977648, 32136.689699999988079 ], [ 23300.919400000013411, 32136.580099999904633 ], [ 23301.629300000146031, 32143.424399999901652 ], [ 23324.80489999987185, 32141.020899999886751 ], [ 23323.727300000376999, 32130.630499999970198 ], [ 23310.923299999907613, 32107.419999999925494 ], [ 23311.119699999690056, 32106.740800000727177 ], [ 23298.554399999789894, 32083.96309999935329 ], [ 23297.792600000277162, 32084.383300000801682 ], [ 23297.623599999584258, 32084.076899999752641 ], [ 23297.229600000195205, 32084.294199999421835 ], [ 23285.99930000025779, 32063.936499999836087 ], [ 23276.061900000087917, 32069.418500000610948 ], [ 23268.405899999663234, 32055.53999999910593 ], [ 23250.823099999688566, 32065.239499999210238 ], [ 23232.433400000445545, 32031.903699999675155 ], [ 23233.022300000302494, 32029.865800000727177 ], [ 23223.44469999987632, 32012.503900000825524 ], [ 23213.642699999734759, 32017.91190000064671 ], [ 23211.927500000223517, 32014.803099999204278 ], [ 23179.76659999974072, 32032.54450000077486 ], [ 23180.621600000187755, 32034.094399999827147 ], [ 23175.455500000156462, 32036.944199999794364 ], [ 23183.150200000032783, 32050.892799999564886 ], [ 23181.179999999701977, 32051.979599999263883 ], [ 23184.814799999818206, 32058.568499999120831 ], [ 23184.07050000037998, 32058.979000000283122 ], [ 23188.659199999645352, 32067.297299999744 ], [ 23203.259999999776483, 32059.242799999192357 ], [ 23224.18709999974817, 32097.178300000727177 ], [ 23223.13190000038594, 32097.76039999909699 ], [ 23222.528099999763072, 32096.665899999439716 ], [ 23208.389899999834597, 32104.465199999511242 ], [ 23205.80350000038743, 32113.416200000792742 ], [ 23218.802699999883771, 32136.980399999767542 ], [ 23227.764499999582767, 32132.036599999293685 ], [ 23232.039200000464916, 32139.785599999129772 ], [ 23240.357400000095367, 32135.196900000795722 ], [ 23244.245699999853969, 32142.245400000363588 ], [ 23253.794200000353158, 32136.978000000119209 ] ] ] } },
{ "type": "Feature", "properties": { "TYP_CD": 0, "STN_NAM": null, "ATTACHEMEN": "CC21_HLV STN.zip", "TYP_CD_DES": "MRT", "STN_NAM_DE": "HOLLAND VILLAGE MRT STATION" }, "geometry": { "type": "Polygon", "coordinates": [ [ [ 23826.757399999536574, 32722.110400000587106 ], [ 23822.288800000213087, 32737.941400000825524 ], [ 23842.905199999921024, 32743.760800000280142 ], [ 23844.957499999552965, 32736.489900000393391 ], [ 23840.341000000014901, 32735.186799999326468 ], [ 23845.138899999670684, 32718.189500000327826 ], [ 23847.081000000238419, 32714.856899999082088 ], [ 23915.056900000199676, 32754.470499999821186 ], [ 23906.238599999807775, 32769.639000000432134 ], [ 23898.655199999921024, 32768.900299999862909 ], [ 23897.711199999786913, 32778.65430000051856 ], [ 23905.629900000058115, 32779.412000000476837 ], [ 23906.005900000222027, 32775.496999999508262 ], [ 23907.442300000227988, 32775.63370000012219 ], [ 23916.49100000038743, 32760.074899999424815 ], [ 23931.578300000168383, 32768.86710000038147 ], [ 23933.149299999698997, 32766.171399999409914 ], [ 23954.835500000044703, 32778.809200000017881 ], [ 23967.926500000059605, 32756.3454 ], [ 23959.423600000329316, 32751.3902000002563 ], [ 23961.309399999678135, 32747.433900000527501 ], [ 23938.09250000026077, 32736.36710000038147 ], [ 23936.510099999606609, 32739.686799999326468 ], [ 23919.736800000071526, 32729.912000000476837 ], [ 23919.950799999758601, 32729.544800000265241 ], [ 23878.345300000160933, 32705.298599999397993 ], [ 23883.090800000354648, 32697.155500000342727 ], [ 23871.735799999907613, 32675.54079999960959 ], [ 23867.002000000327826, 32677.177500000223517 ], [ 23853.897300000302494, 32639.275200000032783 ], [ 23855.285500000230968, 32633.94370000064373 ], [ 23868.626600000075996, 32632.061899999156594 ], [ 23865.512299999594688, 32609.992300000041723 ], [ 23857.927500000223517, 32611.062599999830127 ], [ 23859.623499999754131, 32623.081499999389052 ], [ 23852.558000000193715, 32624.078500000759959 ], [ 23847.219100000336766, 32608.636900000274181 ], [ 23841.880199999548495, 32593.195299999788404 ], [ 23839.35219999961555, 32594.069399999454618 ], [ 23836.010800000280142, 32593.050799999386072 ], [ 23832.137400000356138, 32581.847899999469519 ], [ 23828.26410000026226, 32570.645099999383092 ], [ 23827.049899999983609, 32559.017699999734759 ], [ 23823.075100000016391, 32559.433900000527501 ], [ 23822.393000000156462, 32552.919800000265241 ], [ 23816.127000000327826, 32553.573499999940395 ], [ 23817.733300000429153, 32568.969000000506639 ], [ 23817.911700000055134, 32571.84180000051856 ], [ 23818.339300000108778, 32578.724999999627471 ], [ 23818.766800000332296, 32585.608200000599027 ], [ 23818.465800000354648, 32592.424900000914931 ], [ 23818.164800000376999, 32599.241499999538064 ], [ 23823.2034, 32599.463999999687076 ], [ 23829.07880000025034, 32616.457399999722838 ], [ 23834.954300000332296, 32633.450699999928474 ], [ 23840.829800000414252, 32650.44400000013411 ], [ 23846.705199999734759, 32667.437300000339746 ], [ 23817.864199999719858, 32716.927899999544024 ], [ 23822.310800000093877, 32719.519200000911951 ], [ 23826.757399999536574, 32722.110400000587106 ] ] ] } },

{ "type": "Feature", "properties": { "TYP_CD": 0, "STN_NAM": null, "ATTACHEMEN": null, "TYP_CD_DES": "MRT", "STN_NAM_DE": "NEWTON MRT STATION" }, "geometry": { "type": "Polygon", "coordinates": [ [ [ 28589.855200000107288, 32837.976099999621511 ], [ 28594.30449999962002, 32832.902000000700355 ], [ 28599.63190000038594, 32826.82630000077188 ], [ 28604.959300000220537, 32820.750700000673532 ], [ 28604.477500000037253, 32820.328299999237061 ], [ 28607.114699999801815, 32817.320699999108911 ], [ 28606.167799999937415, 32816.490399999544024 ], [ 28604.849200000055134, 32817.994200000539422 ], [ 28603.530600000172853, 32819.497999999672174 ], [ 28602.854000000283122, 32818.904699999839067 ], [ 28597.7204, 32814.403200000524521 ], [ 28592.031600000336766, 32815.755000000819564 ], [ 28586.342699999921024, 32817.106799999251962 ], [ 28582.7648, 32821.18720000050962 ], [ 28575.467199999839067, 32814.78830000013113 ], [ 28573.221199999563396, 32817.349700000137091 ], [ 28571.332899999804795, 32819.503200000151992 ], [ 28570.435200000181794, 32820.527100000530481 ], [ 28561.047399999573827, 32820.845300000160933 ], [ 28551.691499999724329, 32821.125 ], [ 28551.383799999952316, 32816.996600000187755 ], [ 28551.075899999588728, 32812.866399999707937 ], [ 28553.808100000023842, 32808.663399999961257 ], [ 28559.27240000013262, 32800.257400000467896 ], [ 28562.004499999806285, 32796.054400000721216 ], [ 28561.166100000031292, 32795.50929999910295 ], [ 28558.877000000327826, 32799.0307 ], [ 28558.114000000059605, 32800.204500000923872 ], [ 28551.469499999657273, 32795.885299999266863 ], [ 28544.825000000186265, 32791.565999999642372 ], [ 28547.152400000020862, 32787.985600000247359 ], [ 28549.479899999685585, 32784.405099999159575 ], [ 28545.167000000365078, 32781.563500000163913 ], [ 28540.854100000113249, 32778.721899999305606 ], [ 28537.598100000061095, 32783.665100000798702 ], [ 28534.3421, 32788.608300000429153 ], [ 28527.772099999710917, 32784.2807 ], [ 28521.518500000238419, 32780.161399999633431 ], [ 28522.1091, 32788.066999999806285 ], [ 28522.591199999675155, 32794.524599999189377 ], [ 28522.947800000198185, 32799.311899999156594 ], [ 28526.475999999791384, 32803.644600000232458 ], [ 28530.004200000315905, 32807.977399999275804 ], [ 28530.316599999554455, 32812.168800000101328 ], [ 28530.84499999973923, 32819.25789999961853 ], [ 28531.021200000308454, 32821.620699999853969 ], [ 28528.222599999979138, 32821.674000000581145 ], [ 28527.222900000400841, 32821.693099999800324 ], [ 28527.267500000074506, 32822.292300000786781 ], [ 28527.312199999578297, 32822.89159999974072 ], [ 28530.160899999551475, 32822.837799999862909 ], [ 28531.110500000417233, 32822.819399999454618 ], [ 28531.676199999637902, 32830.409099999815226 ], [ 28532.24199999962002, 32837.998700000345707 ], [ 28529.443099999800324, 32838.05320000089705 ], [ 28528.510200000368059, 32838.070900000631809 ], [ 28528.5329, 32839.270700000226498 ], [ 28530.432099999859929, 32839.234699999913573 ], [ 28532.331100000068545, 32839.196699999272823 ], [ 28532.425300000235438, 32840.459699999541044 ], [ 28532.535600000061095, 32841.938500000163913 ], [ 28532.603699999861419, 32842.852299999445677 ], [ 28531.638299999758601, 32842.005699999630451 ], [ 28531.155500000342727, 32841.582499999552965 ], [ 28530.672799999825656, 32841.159199999645352 ], [ 28530.3432, 32841.535099999979138 ], [ 28530.013500000350177, 32841.911100000143051 ], [ 28530.577399999834597, 32842.405500000342727 ], [ 28531.141400000080466, 32842.900000000372529 ], [ 28531.705299999564886, 32843.394500000402331 ], [ 28532.269199999980628, 32843.888900000602007 ], [ 28530.085900000296533, 32846.378799999132752 ], [ 28527.905899999663234, 32848.865000000223517 ], [ 28527.830699999816716, 32848.799100000411272 ], [ 28527.755499999970198, 32848.733200000599027 ], [ 28527.752299999818206, 32848.736800000071526 ], [ 28523.531600000336766, 32853.550300000235438 ], [ 28519.310899999924004, 32858.363900000229478 ], [ 28518.652999999932945, 32857.787000000476837 ], [ 28517.337199999950826, 32856.633199999108911 ], [ 28516.679299999959767, 32856.05629999935627 ], [ 28516.283699999563396, 32856.507500000298023 ], [ 28515.888100000098348, 32856.958599999547005 ], [ 28516.546000000089407, 32857.535499999299645 ], [ 28517.861800000071526, 32858.689200000837445 ], [ 28518.519700000062585, 32859.266100000590086 ], [ 28511.321600000374019, 32867.475299999117851 ], [ 28504.123399999924004, 32875.684399999678135 ], [ 28502.807599999941885, 32874.5307 ], [ 28502.149699999950826, 32873.95380000025034 ], [ 28501.491799999959767, 32873.376900000497699 ], [ 28501.096199999563396, 32873.82799999974668 ], [ 28500.700600000098348, 32874.279200000688434 ], [ 28501.358500000089407, 32874.856000000610948 ], [ 28502.016400000080466, 32875.432900000363588 ], [ 28502.674300000071526, 32876.009800000116229 ], [ 28503.332200000062585, 32876.58669999986887 ], [ 28497.229600000195205, 32883.546399999409914 ], [ 28491.127000000327826, 32890.506100000813603 ], [ 28490.657200000248849, 32891.041899999603629 ], [ 28487.630900000222027, 32888.388299999758601 ], [ 28484.604500000365078, 32885.734600000083447 ], [ 28481.578200000338256, 32883.081000000238419 ], [ 28478.551799999549985, 32880.427300000563264 ], [ 28476.161899999715388, 32883.152899999171495 ], [ 28473.771999999880791, 32885.878499999642372 ], [ 28471.382000000216067, 32888.604100000113249 ], [ 28468.99210000038147, 32891.329700000584126 ], [ 28467.676300000399351, 32890.176000000908971 ], [ 28464.511699999682605, 32893.785000000149012 ], [ 28462.929399999789894, 32895.589500000700355 ], [ 28461.347099999897182, 32897.394099999219179 ], [ 28464.852800000458956, 32900.468000000342727 ], [ 28468.358500000089407, 32903.541999999433756 ], [ 28471.864099999889731, 32906.615900000557303 ], [ 28475.369800000451505, 32909.689799999818206 ], [ 28479.523400000296533, 32904.952899999916553 ], [ 28486.113599999807775, 32910.731599999591708 ], [ 28490.652900000102818, 32914.711799999698997 ], [ 28486.889899999834597, 32919.037900000810623 ], [ 28483.127000000327826, 32923.363900000229478 ], [ 28481.791899999603629, 32922.2796 ], [ 28475.779299999587238, 32929.570499999448657 ], [ 28469.766699999570847, 32936.861400000751019 ], [ 28471.777400000020862, 32938.494200000539422 ], [ 28476.279900000430644, 32942.150699999183416 ], [ 28479.618800000287592, 32944.862199999392033 ], [ 28482.957700000144541, 32947.573799999430776 ], [ 28489.567099999636412, 32952.941199999302626 ], [ 28495.610500000417233, 32945.676100000739098 ], [ 28501.653900000266731, 32938.410900000482798 ], [ 28500.732800000347197, 32937.662900000810623 ], [ 28504.210900000296533, 32933.656400000676513 ], [ 28517.675499999895692, 32918.145899999886751 ], [ 28517.901100000366569, 32918.343699999153614 ], [ 28518.327200000174344, 32917.852800000458956 ], [ 28520.357300000265241, 32919.632999999448657 ], [ 28521.342000000178814, 32918.502499999478459 ], [ 28519.310499999672174, 32916.720100000500679 ], [ 28519.736600000411272, 32916.229199999943376 ], [ 28519.510999999940395, 32916.031500000506639 ], [ 28521.850200000219047, 32913.336899999529123 ], [ 28522.622800000011921, 32913.286199999973178 ], [ 28527.262900000438094, 32907.994400000199676 ], [ 28531.902999999932945, 32902.702600000426173 ], [ 28532.128600000403821, 32902.900399999693036 ], [ 28532.557099999859929, 32902.411699999123812 ], [ 28534.079699999652803, 32903.746799999848008 ], [ 28534.587199999950826, 32904.191800000146031 ], [ 28535.576100000180304, 32903.063999999314547 ], [ 28534.561099999584258, 32902.173900000751019 ], [ 28533.546000000089407, 32901.283900000154972 ], [ 28533.974600000306964, 32900.795099999755621 ], [ 28533.748999999836087, 32900.597400000318885 ], [ 28537.216199999675155, 32896.643200000748038 ], [ 28544.150700000114739, 32888.734799999744 ], [ 28547.617899999953806, 32884.780600000172853 ], [ 28549.591599999926984, 32886.511199999600649 ], [ 28550.249499999918044, 32887.08809999935329 ], [ 28551.040599999949336, 32886.185900000855327 ], [ 28549.724799999967217, 32885.032199999317527 ], [ 28548.409099999815226, 32883.878299999982119 ], [ 28555.597299999557436, 32875.680500000715256 ], [ 28562.785500000230968, 32867.482699999585748 ], [ 28565.417100000195205, 32869.790200000628829 ], [ 28566.208300000056624, 32868.888000000268221 ], [ 28563.57660000026226, 32866.580399999395013 ], [ 28564.618900000117719, 32865.391899999231 ], [ 28567.745600000023842, 32861.825899999588728 ], [ 28567.720200000330806, 32861.43779999949038 ], [ 28567.69469999987632, 32861.049799999222159 ], [ 28569.096400000154972, 32859.451199999079108 ], [ 28578.1886, 32849.082000000402331 ], [ 28580.820199999958277, 32851.389499999582767 ], [ 28581.611399999819696, 32850.487199999392033 ], [ 28580.295599999837577, 32849.333499999716878 ], [ 28578.979799999855459, 32848.179700000211596 ], [ 28583.359799999744, 32843.184499999508262 ], [ 28585.406000000424683, 32843.050200000405312 ], [ 28589.855200000107288, 32837.976099999621511 ] ] ] } },

{ "type": "Feature", "properties": { "TYP_CD": 0, "STN_NAM": null, "ATTACHEMEN": null, "TYP_CD_DES": "MRT", "STN_NAM_DE": "CHINATOWN MRT STATION" }, "geometry": { "type": "Polygon", "coordinates": [ [ [ 29078.750599999912083, 29777.92200000025332 ], [ 29079.608900000341237, 29778.760600000619888 ], [ 29079.676900000311434, 29778.690999999642372 ], [ 29083.665000000037253, 29783.321399999782443 ], [ 29087.653099999763072, 29787.951799999922514 ], [ 29087.513299999758601, 29788.095899999141693 ], [ 29093.205199999734759, 29794.704600000753999 ], [ 29093.356700000353158, 29794.574100000783801 ], [ 29100.451399999670684, 29802.811300000175834 ], [ 29107.546099999919534, 29811.048599999397993 ], [ 29114.596499999985099, 29804.976199999451637 ], [ 29121.646900000050664, 29798.903799999505281 ], [ 29117.864099999889731, 29794.511700000613928 ], [ 29115.708300000056624, 29792.00870000012219 ], [ 29114.185300000011921, 29793.32039999961853 ], [ 29110.051099999807775, 29788.520300000905991 ], [ 29105.916799999773502, 29783.720300000160933 ], [ 29119.973699999973178, 29771.613299999386072 ], [ 29120.104199999943376, 29771.76490000076592 ], [ 29131.569600000046194, 29761.88990000076592 ], [ 29134.490899999625981, 29761.208000000566244 ], [ 29147.247299999929965, 29750.221200000494719 ], [ 29146.510499999858439, 29749.372899999842048 ], [ 29167.662100000306964, 29731.155300000682473 ], [ 29175.513199999928474, 29726.107899999246001 ], [ 29174.392900000326335, 29724.807199999690056 ], [ 29179.626400000415742, 29721.460899999365211 ], [ 29181.887799999676645, 29724.214700000360608 ], [ 29186.805200000293553, 29719.979800000786781 ], [ 29186.110100000165403, 29719.172800000756979 ], [ 29188.296799999661744, 29717.289599999785423 ], [ 29188.035799999721348, 29716.986400000751019 ], [ 29190.168899999931455, 29715.149399999529123 ], [ 29192.302099999971688, 29713.312400000169873 ], [ 29192.563099999912083, 29713.615499999374151 ], [ 29194.763899999670684, 29711.720300000160933 ], [ 29195.076999999582767, 29712.083799999207258 ], [ 29195.320600000210106, 29711.873999999836087 ], [ 29194.725700000301003, 29710.948699999600649 ], [ 29196.408800000324845, 29709.868400000035763 ], [ 29198.091900000348687, 29708.78800000064075 ], [ 29198.692599999718368, 29709.722500000149012 ], [ 29201.069500000216067, 29707.676400000229478 ], [ 29201.802699999883771, 29707.204900000244379 ], [ 29202.197399999946356, 29707.663200000301003 ], [ 29204.958200000226498, 29705.888399999588728 ], [ 29207.718999999575317, 29704.113600000739098 ], [ 29207.324400000274181, 29703.6554000005126 ], [ 29208.258799999952316, 29703.054800000041723 ], [ 29209.193199999630451, 29702.45409999974072 ], [ 29209.587700000032783, 29702.912200000137091 ], [ 29211.862599999643862, 29701.449699999764562 ], [ 29214.137500000186265, 29699.987299999222159 ], [ 29214.299800000153482, 29700.0929000005126 ], [ 29214.579800000414252, 29700.417999999597669 ], [ 29216.489400000311434, 29699.190300000831485 ], [ 29216.898900000378489, 29699.456800000742078 ], [ 29217.04590000025928, 29699.362400000914931 ], [ 29216.369099999777973, 29698.922199999913573 ], [ 29217.364500000141561, 29698.214099999517202 ], [ 29218.622800000011921, 29698.350299999117851 ], [ 29220.122399999760091, 29697.386199999600649 ], [ 29220.336099999956787, 29697.428400000557303 ], [ 29220.985399999655783, 29698.438100000843406 ], [ 29223.430700000375509, 29696.693399999290705 ], [ 29225.876299999654293, 29694.948400000110269 ], [ 29231.011900000274181, 29691.894899999722838 ], [ 29236.14740000013262, 29688.841399999335408 ], [ 29236.04839999973774, 29688.675000000745058 ], [ 29238.757100000046194, 29687.452800000086427 ], [ 29241.465800000354648, 29686.230699999257922 ], [ 29333.383799999952316, 29631.57179999910295 ], [ 29339.202399999834597, 29632.913599999621511 ], [ 29345.730700000189245, 29643.891899999231 ], [ 29364.081299999728799, 29632.979699999094009 ], [ 29355.490899999625981, 29618.533500000834465 ], [ 29379.701399999670684, 29604.136700000613928 ], [ 29399.107699999585748, 29593.060699999332428 ], [ 29415.071600000374019, 29599.32289999909699 ], [ 29418.664900000207126, 29605.220300000160933 ], [ 29428.38910000026226, 29599.295299999415874 ], [ 29424.450899999588728, 29592.831900000572205 ], [ 29417.393400000408292, 29590.063500000163913 ], [ 29410.335799999535084, 29587.294999999925494 ], [ 29409.864699999801815, 29586.502699999138713 ], [ 29411.333999999798834, 29585.637099999934435 ], [ 29410.852900000289083, 29584.820299999788404 ], [ 29426.257799999788404, 29575.745500000193715 ], [ 29415.924200000241399, 29558.202500000596046 ], [ 29414.781000000424683, 29558.8761 ], [ 29414.527200000360608, 29558.445299999788404 ], [ 29376.509399999864399, 29580.838899999856949 ], [ 29338.491499999538064, 29603.232499999925494 ], [ 29273.78870000038296, 29639.886600000783801 ], [ 29216.320199999958277, 29673.508400000631809 ], [ 29199.518799999728799, 29683.405999999493361 ], [ 29200.127899999730289, 29684.439899999648333 ], [ 29199.689199999906123, 29685.094699999317527 ], [ 29197.36739999987185, 29686.902699999511242 ], [ 29198.724299999885261, 29687.785599999129772 ], [ 29196.969399999827147, 29688.913699999451637 ], [ 29191.240399999544024, 29685.205600000917912 ], [ 29187.384399999864399, 29688.683700000867248 ], [ 29190.958100000396371, 29692.843399999663234 ], [ 29190.214399999938905, 29693.32149999961257 ], [ 29186.635700000450015, 29689.133500000461936 ], [ 29183.377600000239909, 29691.939400000497699 ], [ 29184.291299999691546, 29693.000099999830127 ], [ 29181.260300000198185, 29695.610400000587106 ], [ 29180.607800000347197, 29694.852600000798702 ], [ 29180.456199999898672, 29694.9831000007689 ], [ 29180.631699999794364, 29695.186899999156594 ], [ 29180.101099999621511, 29695.643799999728799 ], [ 29179.872800000011921, 29695.378599999472499 ], [ 29176.00829999987036, 29698.706700000911951 ], [ 29172.143799999728799, 29702.034700000658631 ], [ 29172.372200000099838, 29702.299900000914931 ], [ 29171.690200000070035, 29702.887299999594688 ], [ 29172.082200000062585, 29703.342399999499321 ], [ 29170.685100000351667, 29704.631599999964237 ], [ 29169.287999999709427, 29705.920700000599027 ], [ 29168.635400000028312, 29705.16300000064075 ], [ 29166.798299999907613, 29706.744999999180436 ], [ 29164.961199999786913, 29708.327099999412894 ], [ 29165.205900000408292, 29708.611300000920892 ], [ 29164.631799999624491, 29709.105699999257922 ], [ 29164.057699999772012, 29709.600099999457598 ], [ 29164.321899999864399, 29709.900900000706315 ], [ 29163.431400000117719, 29710.473400000482798 ], [ 29162.541000000201166, 29711.045800000429153 ], [ 29162.143799999728799, 29710.584599999710917 ], [ 29161.746600000187755, 29710.123400000855327 ], [ 29160.42879999987781, 29711.131599999964237 ], [ 29159.110500000417233, 29712.139000000432134 ], [ 29158.280399999581277, 29711.765699999406934 ], [ 29157.735299999825656, 29711.514799999073148 ], [ 29157.171900000423193, 29712.739000000059605 ], [ 29156.608500000089407, 29713.96309999935329 ], [ 29154.013000000268221, 29715.903200000524521 ], [ 29151.417500000447035, 29717.843299999833107 ], [ 29138.560899999924004, 29727.758500000461936 ], [ 29125.704300000332296, 29737.673800000920892 ], [ 29122.526100000366569, 29739.971100000664592 ], [ 29119.895999999716878, 29741.913699999451637 ], [ 29117.476400000043213, 29743.734699999913573 ], [ 29115.367200000211596, 29745.348999999463558 ], [ 29113.204699999652803, 29747.030600000172853 ], [ 29110.287899999879301, 29749.342399999499321 ], [ 29107.187699999660254, 29751.855399999767542 ], [ 29104.038099999539554, 29754.4693 ], [ 29102.349399999715388, 29755.896600000560284 ], [ 29099.300200000405312, 29758.520700000226498 ], [ 29096.716699999757111, 29760.792199999094009 ], [ 29093.896900000050664, 29763.323699999600649 ], [ 29091.220499999821186, 29765.778000000864267 ], [ 29088.758100000210106, 29768.081700000911951 ], [ 29086.658599999733269, 29770.081599999219179 ], [ 29084.4227, 29772.248199999332428 ], [ 29081.837700000032783, 29774.801699999719858 ], [ 29078.750599999912083, 29777.92200000025332 ] ] ] } },
{ "type": "Feature", "properties": { "TYP_CD": 0, "STN_NAM": null, "ATTACHEMEN": null, "TYP_CD_DES": "MRT", "STN_NAM_DE": "DOWNTOWN MRT STATION" }, "geometry": { "type": "Polygon", "coordinates": [ [ [ 30118.475700000301003, 29112.929800000041723 ], [ 30124.385300000198185, 29122.112999999895692 ], [ 30130.983500000089407, 29132.366100000217557 ], [ 30122.239900000393391, 29137.992799999192357 ], [ 30124.712500000372529, 29141.835200000554323 ], [ 30132.109699999913573, 29146.796599999070168 ], [ 30137.880199999548495, 29143.083200000226498 ], [ 30140.110299999825656, 29146.548599999397993 ], [ 30176.508399999700487, 29123.12529999949038 ], [ 30226.465599999763072, 29090.976500000804663 ], [ 30229.010700000450015, 29079.219599999487 ], [ 30211.980999999679625, 29052.75650000013411 ], [ 30199.979700000025332, 29060.479599999263883 ], [ 30187.978500000201166, 29068.2027000002563 ], [ 30185.239199999719858, 29063.946000000461936 ], [ 30163.871500000357628, 29077.696699999272823 ], [ 30139.61710000038147, 29093.305099999532104 ], [ 30142.360500000417233, 29097.559200000017881 ], [ 30118.475700000301003, 29112.929800000041723 ] ] ] } },
{ "type": "Feature", "properties": { "TYP_CD": 0, "STN_NAM": null, "ATTACHEMEN": null, "TYP_CD_DES": "MRT", "STN_NAM_DE": "GEYLANG BAHRU MRT STATION" }, "geometry": { "type": "Polygon", "coordinates": [ [ [ 32228.638600000180304, 33735.926999999210238 ], [ 32271.055900000035763, 33762.303600000217557 ], [ 32272.823800000362098, 33759.460500000044703 ], [ 32312.463999999687076, 33784.110300000756979 ], [ 32304.807699999772012, 33796.422900000587106 ], [ 32327.371500000357628, 33810.453900000080466 ], [ 32340.04590000025928, 33790.071699999272823 ], [ 32353.488900000229478, 33798.373400000855327 ], [ 32366.453099999576807, 33777.525800000876188 ], [ 32307.729700000025332, 33741.009500000625849 ], [ 32313.697599999606609, 33731.412200000137091 ], [ 32254.381199999712408, 33694.52930000051856 ], [ 32228.638600000180304, 33735.926999999210238 ] ] ] } },
{ "type": "Feature", "properties": { "TYP_CD": 0, "STN_NAM": null, "ATTACHEMEN": null, "TYP_CD_DES": "MRT", "STN_NAM_DE": "BENDEMEER MRT STATION" }, "geometry": { "type": "Polygon", "coordinates": [ [ [ 31218.8277000002563, 32870.839600000530481 ], [ 31284.836900000460446, 32900.353700000792742 ], [ 31302.786199999973178, 32923.402699999511242 ], [ 31315.050699999555945, 32913.891699999570847 ], [ 31325.009800000116229, 32918.529999999329448 ], [ 31337.444899999536574, 32890.718599999323487 ], [ 31349.230100000277162, 32881.54079999960959 ], [ 31325.588999999687076, 32851.183100000023842 ], [ 31300.012799999676645, 32871.100199999287724 ], [ 31263.478000000119209, 32854.76490000076592 ], [ 31259.396300000138581, 32863.893899999558926 ], [ 31228.174999999813735, 32849.934200000017881 ], [ 31218.8277000002563, 32870.839600000530481 ] ] ] } },
{ "type": "Feature", "properties": { "TYP_CD": 0, "STN_NAM": null, "ATTACHEMEN": null, "TYP_CD_DES": "MRT", "STN_NAM_DE": "JOO KOON MRT STATION" }, "geometry": { "type": "Polygon", "coordinates": [ [ [ 10671.587299999780953, 34451.239199999719858 ], [ 10694.637400000356138, 34451.239900000393391 ], [ 10694.637400000356138, 34451.890799999237061 ], [ 10696.58739999961108, 34451.890900000929832 ], [ 10696.58739999961108, 34451.240000000223517 ], [ 10719.637500000186265, 34451.240800000727177 ], [ 10719.637500000186265, 34451.891699999570847 ], [ 10721.587500000372529, 34451.891699999570847 ], [ 10721.587500000372529, 34451.240800000727177 ], [ 10744.637600000016391, 34451.241599999368191 ], [ 10744.637600000016391, 34451.892500000074506 ], [ 10746.587600000202656, 34451.892599999904633 ], [ 10746.587600000202656, 34451.241699999198318 ], [ 10769.637699999846518, 34451.24239999987185 ], [ 10769.637600000016391, 34451.893300000578165 ], [ 10771.587700000032783, 34451.893400000408292 ], [ 10771.587700000032783, 34451.242499999701977 ], [ 10794.637799999676645, 34451.243200000375509 ], [ 10794.637699999846518, 34451.894099999219179 ], [ 10803.825799999758601, 34451.894500000402331 ], [ 10803.825500000268221, 34461.756400000303984 ], [ 10784.093299999833107, 34461.755799999460578 ], [ 10784.093299999833107, 34462.239499999210238 ], [ 10783.172199999913573, 34462.247400000691414 ], [ 10783.17200000025332, 34465.924599999561906 ], [ 10784.0932, 34465.916699999943376 ], [ 10784.093100000172853, 34467.823499999940395 ], [ 10815.22759999986738, 34467.824500000104308 ], [ 10815.22759999986738, 34466.244699999690056 ], [ 10816.740299999713898, 34466.244799999520183 ], [ 10816.740500000305474, 34462.078600000590086 ], [ 10816.850999999791384, 34462.078600000590086 ], [ 10816.851300000213087, 34451.894899999722838 ], [ 10821.587799999862909, 34451.894999999552965 ], [ 10821.587899999693036, 34450.375 ], [ 10821.446299999952316, 34450.375 ], [ 10821.463000000454485, 34446.283900000154972 ], [ 10825.822300000116229, 34446.284099999815226 ], [ 10825.822300000116229, 34445.520099999383092 ], [ 10828.403099999763072, 34445.520199999213219 ], [ 10828.403099999763072, 34445.020099999383092 ], [ 10830.193099999800324, 34445.020099999383092 ], [ 10833.298200000077486, 34445.020199999213219 ], [ 10833.298100000247359, 34445.020300000905991 ], [ 10834.537464959670615, 34444.773953220683325 ], [ 10835.5883477485404, 34444.072274879225006 ], [ 10836.290912075393862, 34443.021987340878695 ], [ 10836.53830000013113, 34441.7804000005126 ], [ 10836.538200000301003, 34441.7804000005126 ], [ 10836.538200000301003, 34440.996400000527501 ], [ 10836.53830000013113, 34440.996300000697374 ], [ 10836.287902007708908, 34439.761470412078779 ], [ 10835.584708301053979, 34438.714830431512382 ], [ 10834.535223277194746, 34438.015885253575107 ], [ 10833.29839999973774, 34437.770500000566244 ], [ 10833.298200000077486, 34437.770600000396371 ], [ 10828.403300000354648, 34437.770400000736117 ], [ 10828.403300000354648, 34437.270300000905991 ], [ 10825.822599999606609, 34437.270199999213219 ], [ 10825.822599999606609, 34436.50620000064373 ], [ 10821.463299999944866, 34436.506100000813603 ], [ 10821.446899999864399, 34432.415100000798702 ], [ 10821.588499999605119, 34432.415100000798702 ], [ 10821.588499999605119, 34430.895099999383092 ], [ 10816.851999999955297, 34430.895300000905991 ], [ 10816.852500000037253, 34415.676999999210238 ], [ 10816.74199999962002, 34415.676899999380112 ], [ 10816.74210000038147, 34411.736999999731779 ], [ 10815.183400000445545, 34411.737299999222159 ], [ 10815.183400000445545, 34409.83559999987483 ], [ 10782.800300000235438, 34409.834400000050664 ], [ 10782.800300000235438, 34411.125700000673532 ], [ 10769.918999999761581, 34411.12529999949038 ], [ 10769.918800000101328, 34420.2796 ], [ 10803.826799999922514, 34420.280600000172853 ], [ 10803.826399999670684, 34430.894500000402331 ], [ 10794.638399999588728, 34430.894200000911951 ], [ 10794.638399999588728, 34431.545099999755621 ], [ 10771.588299999944866, 34431.544299999251962 ], [ 10771.588299999944866, 34430.893400000408292 ], [ 10769.638299999758601, 34430.893400000408292 ], [ 10769.638299999758601, 34431.544299999251962 ], [ 10746.588200000114739, 34431.543500000610948 ], [ 10746.588200000114739, 34430.892599999904633 ], [ 10746.980100000277162, 34430.892599999904633 ], [ 10746.980399999767542, 34421.846899999305606 ], [ 10766.353900000452995, 34421.847599999979138 ], [ 10766.353900000452995, 34420.136499999091029 ], [ 10766.990899999625981, 34420.131599999964237 ], [ 10766.991100000217557, 34416.543999999761581 ], [ 10766.354100000113249, 34416.543999999761581 ], [ 10766.354100000113249, 34414.832900000736117 ], [ 10736.724600000306964, 34414.831900000572205 ], [ 10736.724100000225008, 34430.892300000414252 ], [ 10719.638100000098348, 34430.891699999570847 ], [ 10719.638100000098348, 34431.542600000277162 ], [ 10696.588000000454485, 34431.541799999773502 ], [ 10696.588000000454485, 34430.890900000929832 ], [ 10694.638000000268221, 34430.890900000929832 ], [ 10694.638000000268221, 34431.541799999773502 ], [ 10671.587899999693036, 34431.540999999269843 ], [ 10671.588000000454485, 34430.890100000426173 ], [ 10669.637900000438094, 34430.890000000596046 ], [ 10669.637900000438094, 34432.410000000149012 ], [ 10669.746299999766052, 34432.410000000149012 ], [ 10669.762799999676645, 34436.501000000163913 ], [ 10665.403500000014901, 34436.500900000333786 ], [ 10665.403400000184774, 34437.26490000076592 ], [ 10664.022699999623001, 34437.264799999073148 ], [ 10664.022699999623001, 34437.76490000076592 ], [ 10662.247700000181794, 34437.76490000076592 ], [ 10659.142699999734759, 34437.764799999073148 ], [ 10658.246600000187755, 34438.660800000652671 ], [ 10657.496861920122683, 34438.983508886631171 ], [ 10656.851567707060894, 34439.483353947500291 ], [ 10656.351671599239125, 34440.128607160047977 ], [ 10656.028900000266731, 34440.878299999982119 ], [ 10655.902599999681115, 34441.004699999466538 ], [ 10655.902599999681115, 34441.751800000667572 ], [ 10655.902499999850988, 34441.77449999935925 ], [ 10656.150064295456104, 34443.016651516882121 ], [ 10656.85260062778616, 34444.066650757653406 ], [ 10657.903295124075157, 34444.768151768985263 ], [ 10659.142400000244379, 34445.014499999582767 ], [ 10664.022499999962747, 34445.014599999412894 ], [ 10664.022499999962747, 34445.514799999073148 ], [ 10665.403199999593198, 34445.51490000076592 ], [ 10665.403099999763072, 34446.278799999505281 ], [ 10669.762500000186265, 34446.278899999335408 ], [ 10669.745799999684095, 34450.369999999180436 ], [ 10669.637299999594688, 34450.369999999180436 ], [ 10669.637299999594688, 34451.890000000596046 ], [ 10671.587299999780953, 34451.890100000426173 ], [ 10671.587299999780953, 34451.239199999719858 ] ] ] } },
{ "type": "Feature", "properties": { "TYP_CD": 0, "STN_NAM": null, "ATTACHEMEN": null, "TYP_CD_DES": "MRT", "STN_NAM_DE": "YEW TEE MRT STATION" }, "geometry": { "type": "Polygon", "coordinates": [ [ [ 18423.326200000010431, 42047.414100000634789 ], [ 18419.597599999979138, 42047.761700000613928 ], [ 18398.308600000105798, 42052.800799999386072 ], [ 18391.550800000317395, 42053.320299999788404 ], [ 18411.291000000201166, 42125.324200000613928 ], [ 18400.105399999767542, 42128.394500000402331 ], [ 18402.677699999883771, 42137.769500000402331 ], [ 18417.1875, 42190.769500000402331 ], [ 18425.497999999672174, 42220.914000000804663 ], [ 18436.390599999576807, 42217.968699999153614 ], [ 18451.134800000116229, 42272.156199999153614 ], [ 18472.367200000211596, 42266.273399999365211 ], [ 18477.220700000412762, 42264.371099999174476 ], [ 18481.324199999682605, 42261.144500000402331 ], [ 18484.492200000211596, 42256.988299999386072 ], [ 18486.490199999883771, 42252.171900000423193 ], [ 18487.234400000423193, 42247.023399999365211 ], [ 18486.511699999682605, 42241.859400000423193 ], [ 18483.394500000402331, 42230.097599999979138 ], [ 18471.095700000412762, 42186.8125 ], [ 18466.703099999576807, 42177.675799999386072 ], [ 18466.521499999798834, 42177.414100000634789 ], [ 18446.246100000105798, 42102.882799999788404 ], [ 18446.619099999777973, 42096.726600000634789 ], [ 18440.902300000190735, 42075.902300000190735 ], [ 18435.177699999883771, 42055.042999999597669 ], [ 18434.648400000296533, 42053.117200000211596 ], [ 18433.410099999979138, 42051.765599999576807 ], [ 18430.458999999798834, 42049.476500000804663 ], [ 18427.021499999798834, 42048.035099999979138 ], [ 18423.326200000010431, 42047.414100000634789 ] ] ] } },
{ "type": "Feature", "properties": { "TYP_CD": 0, "STN_NAM": null, "ATTACHEMEN": null, "TYP_CD_DES": "MRT", "STN_NAM_DE": "YISHUN MRT STATION" }, "geometry": { "type": "Polygon", "coordinates": [ [ [ 28200.794900000095367, 45610.640599999576807 ], [ 28179.898400000296533, 45611.402300000190735 ], [ 28181.111299999989569, 45644.511700000613928 ], [ 28158.302699999883771, 45645.386700000613928 ], [ 28163.244099999777973, 45777.796800000593066 ], [ 28196.060499999672174, 45776.660099999979138 ], [ 28208.775399999693036, 45762.621099999174476 ], [ 28201.525399999693036, 45617.277300000190735 ], [ 28201.138700000010431, 45617.296800000593066 ], [ 28201.125, 45617.039000000804663 ], [ 28201.093700000084937, 45616.425799999386072 ], [ 28200.794900000095367, 45610.640599999576807 ] ] ] } },
{ "type": "Feature", "properties": { "TYP_CD": 0, "STN_NAM": null, "ATTACHEMEN": null, "TYP_CD_DES": "MRT", "STN_NAM_DE": "YIO CHU KANG MRT STATION" }, "geometry": { "type": "Polygon", "coordinates": [ [ [ 29332.576200000010431, 40313.507799999788404 ], [ 29320.746100000105798, 40315.402300000190735 ], [ 29321.228500000201166, 40338.675799999386072 ], [ 29206.677699999883771, 40458.660099999979138 ], [ 29203.111299999989569, 40459.656199999153614 ], [ 29194.566399999894202, 40457.4375 ], [ 29192.892599999904633, 40462.355399999767542 ], [ 29190.460900000296533, 40469.238299999386072 ], [ 29240.449199999682605, 40482.570299999788404 ], [ 29242.003899999894202, 40482.644500000402331 ], [ 29243.525399999693036, 40482.363299999386072 ], [ 29244.958999999798834, 40481.699200000613928 ], [ 29246.212899999693036, 40480.726500000804663 ], [ 29259.246100000105798, 40467.082000000402331 ], [ 29261.685499999672174, 40465.957000000402331 ], [ 29347.515599999576807, 40376.160099999979138 ], [ 29335.154299999587238, 40364.480399999767542 ], [ 29334.103500000201166, 40363.050799999386072 ], [ 29333.681599999777973, 40361.308599999174476 ], [ 29332.576200000010431, 40313.507799999788404 ] ] ] } },
{ "type": "Feature", "properties": { "TYP_CD": 0, "STN_NAM": null, "ATTACHEMEN": null, "TYP_CD_DES": "MRT", "STN_NAM_DE": "WOODLANDS MRT STATION" }, "geometry": { "type": "Polygon", "coordinates": [ [ [ 22635.255599999800324, 46432.390300000086427 ], [ 22631.964499999769032, 46443.491900000721216 ], [ 22616.716500000096858, 46484.120799999684095 ], [ 22670.265300000086427, 46504.163699999451637 ], [ 22666.866899999789894, 46513.230200000107288 ], [ 22673.060200000181794, 46515.515300000086427 ], [ 22676.376600000075996, 46506.452800000086427 ], [ 22729.741899999789894, 46526.425499999895692 ], [ 22725.661799999885261, 46537.362999999895692 ], [ 22740.91370000038296, 46543.066099999472499 ], [ 22745.019199999980628, 46532.144200000911951 ], [ 22862.308299999684095, 46576.046499999240041 ], [ 22864.364900000393391, 46567.89809999987483 ], [ 22876.739900000393391, 46534.089500000700355 ], [ 22879.884399999864399, 46527.89809999987483 ], [ 22885.712600000202656, 46513.62470000050962 ], [ 22878.320000000298023, 46510.87470000050962 ], [ 22874.452800000086427, 46521.441099999472499 ], [ 22833.417700000107288, 46505.976199999451637 ], [ 22837.817999999970198, 46494.366900000721216 ], [ 22807.6579, 46483.015300000086427 ], [ 22748.945000000298023, 46460.933299999684095 ], [ 22744.376600000075996, 46473.163699999451637 ], [ 22737.2204, 46470.491900000721216 ], [ 22635.255599999800324, 46432.390300000086427 ] ] ] } },
{ "type": "Feature", "properties": { "TYP_CD": 0, "STN_NAM": null, "ATTACHEMEN": null, "TYP_CD_DES": "MRT", "STN_NAM_DE": "UPPER CHANGI MRT STATION" }, "geometry": { "type": "Polygon", "coordinates": [ [ [ 42296.893400000408292, 36145.059399999678135 ], [ 42327.874900000169873, 36135.57740000076592 ], [ 42310.710199999623001, 36079.495600000023842 ], [ 42313.103600000031292, 36078.763100000098348 ], [ 42308.799700000323355, 36063.9375 ], [ 42304.495900000445545, 36049.111899999901652 ], [ 42302.084699999541044, 36041.23369999974966 ], [ 42299.67339999973774, 36033.355599999427795 ], [ 42297.829699999652803, 36027.331399999558926 ], [ 42291.508399999700487, 36006.67820000089705 ], [ 42286.652700000442564, 35990.813200000673532 ], [ 42281.796900000423193, 35974.948100000619888 ], [ 42291.683799999766052, 35956.339800000190735 ], [ 42284.668999999761581, 35933.420299999415874 ], [ 42282.005800000391901, 35924.718900000676513 ], [ 42280.47510000038892, 35881.267599999904633 ], [ 42274.22510000038892, 35881.487700000405312 ], [ 42267.928999999538064, 35881.709599999710917 ], [ 42255.996799999848008, 35882.129899999126792 ], [ 42244.064600000157952, 35882.550300000235438 ], [ 42242.13289999961853, 35875.705900000408292 ], [ 42240.42850000038743, 35869.63910000026226 ], [ 42239.797500000335276, 35865.8902000002563 ], [ 42219.197599999606609, 35866.615800000727177 ], [ 42198.597699999809265, 35867.341499999165535 ], [ 42198.832000000402331, 35874.735300000756979 ], [ 42199.181200000457466, 35885.726800000295043 ], [ 42202.879499999806285, 35897.810200000181794 ], [ 42219.648599999956787, 35892.677999999374151 ], [ 42226.361700000241399, 35914.611700000241399 ], [ 42235.523900000378489, 35944.546900000423193 ], [ 42237.249400000087917, 35947.359200000762939 ], [ 42227.80460000038147, 35950.249900000169873 ], [ 42237.740600000135601, 35982.713400000706315 ], [ 42208.272900000214577, 35991.732499999925494 ], [ 42200.675800000317395, 35995.452199999243021 ], [ 42198.919900000095367, 36012.847699999809265 ], [ 42204.801900000311434, 36032.065700000151992 ], [ 42220.283099999651313, 36027.327500000596046 ], [ 42220.605100000277162, 36028.379300000146031 ], [ 42258.853699999861419, 36016.672700000926852 ], [ 42294.498100000433624, 36133.132999999448657 ], [ 42294.082299999892712, 36135.87470000050962 ], [ 42296.893400000408292, 36145.059399999678135 ] ] ] } },
{ "type": "Feature", "properties": { "TYP_CD": 0, "STN_NAM": null, "ATTACHEMEN": null, "TYP_CD_DES": "MRT", "STN_NAM_DE": "TELOK AYER MRT STATION" }, "geometry": { "type": "Polygon", "coordinates": [ [ [ 29581.182000000029802, 29452.282199999317527 ], [ 29594.354000000283122, 29475.475099999457598 ], [ 29605.202399999834597, 29469.085100000724196 ], [ 29609.859299999661744, 29466.387599999085069 ], [ 29621.719700000248849, 29459.548599999397993 ], [ 29630.663200000301003, 29454.450699999928474 ], [ 29632.627500000409782, 29453.338700000196695 ], [ 29634.591900000348687, 29452.226800000295043 ], [ 29634.665400000289083, 29452.408700000494719 ], [ 29636.784400000236928, 29451.465099999681115 ], [ 29638.903400000184774, 29450.521600000560284 ], [ 29642.484299999661744, 29448.92710000090301 ], [ 29646.065200000070035, 29447.332599999383092 ], [ 29648.540900000371039, 29445.926500000059605 ], [ 29651.016699999570847, 29444.520500000566244 ], [ 29653.199300000444055, 29443.411100000143051 ], [ 29655.381799999624491, 29442.301599999889731 ], [ 29659.745799999684095, 29440.083399999886751 ], [ 29674.624900000169873, 29431.633199999108911 ], [ 29689.503899999894202, 29423.182900000363588 ], [ 29691.608799999579787, 29421.669099999591708 ], [ 29693.434000000357628, 29420.433399999514222 ], [ 29697.118200000375509, 29418.341000000014901 ], [ 29700.802299999631941, 29416.248700000345707 ], [ 29703.57050000037998, 29421.122999999672174 ], [ 29709.052400000393391, 29424.730699999257922 ], [ 29714.298799999989569, 29433.314200000837445 ], [ 29719.545199999585748, 29441.897700000554323 ], [ 29724.212199999950826, 29439.045199999585748 ], [ 29721.933699999935925, 29435.321000000461936 ], [ 29722.267799999564886, 29435.116699999198318 ], [ 29719.146300000138581, 29430.015399999916553 ], [ 29716.024799999780953, 29424.914100000634789 ], [ 29733.939899999648333, 29413.951899999752641 ], [ 29727.122700000181794, 29402.810799999162555 ], [ 29726.825100000016391, 29402.991900000721216 ], [ 29726.527499999850988, 29403.173000000417233 ], [ 29725.864299999549985, 29402.005200000479817 ], [ 29727.556800000369549, 29400.245400000363588 ], [ 29728.994599999859929, 29398.857599999755621 ], [ 29730.418899999931455, 29398.048599999397993 ], [ 29731.8432, 29397.239700000733137 ], [ 29731.744400000199676, 29397.065700000151992 ], [ 29735.407399999909103, 29394.985400000587106 ], [ 29739.07039999961853, 29392.904999999329448 ], [ 29737.50870000012219, 29390.155099999159575 ], [ 29735.946899999864399, 29387.405099999159575 ], [ 29742.377199999988079, 29383.753100000321865 ], [ 29748.807599999941885, 29380.101199999451637 ], [ 29742.338200000114739, 29368.710100000724196 ], [ 29729.47759999986738, 29376.014000000432134 ], [ 29725.771099999547005, 29369.487700000405312 ], [ 29716.870099999941885, 29374.692099999636412 ], [ 29711.75899999961257, 29365.692500000819564 ], [ 29706.647900000214577, 29356.692800000309944 ], [ 29686.300400000065565, 29368.248700000345707 ], [ 29665.952899999916553, 29379.804500000551343 ], [ 29670.558000000193715, 29387.91330000013113 ], [ 29675.163200000301003, 29396.021999999880791 ], [ 29664.082899999804795, 29402.314699999988079 ], [ 29653.002600000239909, 29408.607499999925494 ], [ 29650.350700000301003, 29403.937999999150634 ], [ 29647.698800000362098, 29399.268500000238419 ], [ 29642.581399999558926, 29402.174699999392033 ], [ 29639.267799999564886, 29396.340099999681115 ], [ 29626.515700000338256, 29403.582399999722838 ], [ 29613.763600000180304, 29410.824699999764562 ], [ 29622.751600000075996, 29426.65059999935329 ], [ 29610.242300000041723, 29433.755000000819564 ], [ 29606.532100000418723, 29436.715500000864267 ], [ 29602.821899999864399, 29439.676000000908971 ], [ 29592.717000000178814, 29445.5625 ], [ 29582.381000000052154, 29451.583699999377131 ], [ 29581.182000000029802, 29452.282199999317527 ] ] ] } },
{ "type": "Feature", "properties": { "TYP_CD": 0, "STN_NAM": null, "ATTACHEMEN": null, "TYP_CD_DES": "LRT", "STN_NAM_DE": "TONGKANG LRT STATION" }, "geometry": { "type": "Polygon", "coordinates": [ [ [ 33877.398400000296533, 41229.257799999788404 ], [ 33826.203099999576807, 41261.277300000190735 ], [ 33834.136699999682605, 41273.957000000402331 ], [ 33885.375, 41241.941400000825524 ], [ 33877.398400000296533, 41229.257799999788404 ] ] ] } },
{ "type": "Feature", "properties": { "TYP_CD": 0, "STN_NAM": null, "ATTACHEMEN": null, "TYP_CD_DES": "MRT", "STN_NAM_DE": "UBI MRT STATION" }, "geometry": { "type": "Polygon", "coordinates": [ [ [ 35267.678199999965727, 34677.370200000703335 ], [ 35310.940499999560416, 34695.175699999555945 ], [ 35325.82880000025034, 34701.279999999329448 ], [ 35340.7171, 34707.38429999910295 ], [ 35375.396999999880791, 34720.972999999299645 ], [ 35396.881599999964237, 34730.415400000289083 ], [ 35408.622399999760091, 34706.208499999716878 ], [ 35374.341799999587238, 34689.581800000742078 ], [ 35377.685800000093877, 34682.687100000679493 ], [ 35379.309299999848008, 34682.156500000506639 ], [ 35398.579400000162423, 34690.787299999967217 ], [ 35404.199699999764562, 34678.238600000739098 ], [ 35381.902700000442564, 34668.252100000157952 ], [ 35351.521900000050664, 34678.180299999192357 ], [ 35329.934899999760091, 34667.710100000724196 ], [ 35329.803899999707937, 34667.980100000277162 ], [ 35272.939500000327826, 34640.399700000882149 ], [ 35260.659300000406802, 34665.718800000846386 ], [ 35270.916500000283122, 34670.69370000064373 ], [ 35267.678199999965727, 34677.370200000703335 ] ] ] } },
{ "type": "Feature", "properties": { "TYP_CD": 0, "STN_NAM": null, "ATTACHEMEN": null, "TYP_CD_DES": "MRT", "STN_NAM_DE": "TOA PAYOH MRT STATION" }, "geometry": { "type": "Polygon", "coordinates": [ [ [ 29595.974600000306964, 34892.851500000804663 ], [ 29581.580099999904633, 34957.597599999979138 ], [ 29577.4375, 34957.597599999979138 ], [ 29577.4375, 34940.023399999365211 ], [ 29552.6875, 34940.023399999365211 ], [ 29552.685499999672174, 35002.171900000423193 ], [ 29550.875, 35003.984400000423193 ], [ 29505.087899999693036, 35003.980499999597669 ], [ 29459.642599999904633, 35028.808599999174476 ], [ 29467.304700000211596, 35058.953099999576807 ], [ 29473.167899999767542, 35057.460899999365211 ], [ 29467.005900000222027, 35033.210899999365211 ], [ 29467.878899999894202, 35031.203099999576807 ], [ 29506.634700000286102, 35010.031199999153614 ], [ 29512.837899999693036, 35010.031199999153614 ], [ 29514.220700000412762, 35011.414000000804663 ], [ 29514.218700000084937, 35028.464800000190735 ], [ 29519.900399999693036, 35028.464800000190735 ], [ 29519.900399999693036, 35011.414000000804663 ], [ 29521.281200000084937, 35010.031199999153614 ], [ 29550.875, 35010.035099999979138 ], [ 29552.685499999672174, 35011.843699999153614 ], [ 29552.685499999672174, 35025.113299999386072 ], [ 29566.570299999788404, 35025.117200000211596 ], [ 29557.171900000423193, 35067.386700000613928 ], [ 29578.646499999798834, 35072.164100000634789 ], [ 29617.451100000180304, 34897.625 ], [ 29595.974600000306964, 34892.851500000804663 ] ] ] } },
{ "type": "Feature", "properties": { "TYP_CD": 0, "STN_NAM": null, "ATTACHEMEN": null, "TYP_CD_DES": "MRT", "STN_NAM_DE": "TIONG BAHRU MRT STATION" }, "geometry": { "type": "Polygon", "coordinates": [ [ [ 27294.523400000296533, 29793.613299999386072 ], [ 27291.076200000010431, 29799.761700000613928 ], [ 27313.953099999576807, 29812.59569999948144 ], [ 27317.326100000180304, 29828.177699999883771 ], [ 27310.679700000211596, 29829.615199999883771 ], [ 27311.525399999693036, 29833.525399999693036 ], [ 27182.218700000084937, 29861.507799999788404 ], [ 27187.041000000201166, 29883.790999999269843 ], [ 27205.416000000201166, 29879.814400000497699 ], [ 27206.453099999576807, 29884.603499999269843 ], [ 27221.994099999777973, 29881.242200000211596 ], [ 27222.607400000095367, 29884.076199999079108 ], [ 27237.072300000116229, 29880.945299999788404 ], [ 27235.421900000423193, 29873.322200000286102 ], [ 27316.347699999809265, 29855.808599999174476 ], [ 27317.195299999788404, 29859.718699999153614 ], [ 27323.839800000190735, 29858.27930000051856 ], [ 27327.583999999798834, 29875.580099999904633 ], [ 27354.853500000201166, 29869.677699999883771 ], [ 27352.654299999587238, 29859.513699999079108 ], [ 27332.912100000306964, 29863.785099999979138 ], [ 27331.367200000211596, 29856.650399999693036 ], [ 27362.544900000095367, 29849.90430000051856 ], [ 27367.726599999703467, 29873.849600000306964 ], [ 27372.808600000105798, 29872.75 ], [ 27367.626899999566376, 29848.802699999883771 ], [ 27380.871100000105798, 29845.9375 ], [ 27385.314399999566376, 29866.476500000804663 ], [ 27393.794900000095367, 29866.890599999576807 ], [ 27395.738300000317395, 29875.871099999174476 ], [ 27399.451200000010431, 29875.066400000825524 ], [ 27396.892599999904633, 29863.236300000920892 ], [ 27389.861299999989569, 29862.894500000402331 ], [ 27385.107400000095367, 29840.929700000211596 ], [ 27402.357400000095367, 29837.195299999788404 ], [ 27397.535099999979138, 29814.912100000306964 ], [ 27330.585900000296533, 29829.400399999693036 ], [ 27329.738300000317395, 29825.490199999883771 ], [ 27324.853500000201166, 29826.548800000920892 ], [ 27321.480399999767542, 29810.96680000051856 ], [ 27325.068300000391901, 29805.964800000190735 ], [ 27319.269500000402331, 29801.707000000402331 ], [ 27318.872999999672174, 29802.247999999672174 ], [ 27312.544900000095367, 29803.722599999979138 ], [ 27294.523400000296533, 29793.613299999386072 ] ] ] } },
{ "type": "Feature", "properties": { "TYP_CD": 0, "STN_NAM": null, "ATTACHEMEN": null, "TYP_CD_DES": "LRT", "STN_NAM_DE": "THANGGAM LRT STATION" }, "geometry": { "type": "Polygon", "coordinates": [ [ [ 32716.212899999693036, 42116.285099999979138 ], [ 32701.265599999576807, 42117.660099999979138 ], [ 32706.828099999576807, 42177.8125 ], [ 32721.769500000402331, 42176.410099999979138 ], [ 32716.212899999693036, 42116.285099999979138 ] ] ] } },
{ "type": "Feature", "properties": { "TYP_CD": 0, "STN_NAM": null, "ATTACHEMEN": null, "TYP_CD_DES": "MRT", "STN_NAM_DE": "LAKESIDE MRT STATION" }, "geometry": { "type": "Polygon", "coordinates": [ [ [ 15437.950199999846518, 36225.386700000613928 ], [ 15432.640599999576807, 36246.582000000402331 ], [ 15399.603500000201166, 36238.265599999576807 ], [ 15393.909199999645352, 36260.804700000211596 ], [ 15419.976599999703467, 36270.480499999597669 ], [ 15452.197200000286102, 36281.945299999788404 ], [ 15484.962899999693036, 36292.117200000211596 ], [ 15517.991200000047684, 36301.199200000613928 ], [ 15543.353500000201166, 36307.289000000804663 ], [ 15550.191399999894202, 36308.410099999979138 ], [ 15557.054700000211596, 36307.824200000613928 ], [ 15563.938500000163913, 36305.671800000593066 ], [ 15570.239199999719858, 36302.117200000211596 ], [ 15575.393500000238419, 36297.445299999788404 ], [ 15579.449199999682605, 36291.417999999597669 ], [ 15582.057599999941885, 36284.566400000825524 ], [ 15583.054700000211596, 36277.238299999386072 ], [ 15581.794900000095367, 36258.476500000804663 ], [ 15574.248999999836087, 36257.226600000634789 ], [ 15573.667899999767542, 36259.410099999979138 ], [ 15437.950199999846518, 36225.386700000613928 ] ] ] } },
{ "type": "Feature", "properties": { "TYP_CD": 0, "STN_NAM": null, "ATTACHEMEN": null, "TYP_CD_DES": "MRT", "STN_NAM_DE": "BRIGHT HILL MRT STATION" }, "geometry": { "type": "Polygon", "coordinates": [ [ [ 28059.658200000412762, 38407.180299999192357 ], [ 28014.665400000289083, 38390.616200000047684 ], [ 28025.240600000135601, 38361.891000000759959 ], [ 28000.276700000278652, 38352.700400000438094 ], [ 27998.690999999642372, 38357.007799999788404 ], [ 27991.560700000263751, 38354.382799999788404 ], [ 27984.845900000073016, 38372.622099999338388 ], [ 27984.075600000098348, 38372.977900000289083 ], [ 27982.129099999554455, 38378.26490000076592 ], [ 27980.090499999932945, 38377.514399999752641 ], [ 27916.516400000080466, 38322.810300000011921 ], [ 27909.918300000019372, 38295.154999999329448 ], [ 27910.793700000271201, 38294.946100000292063 ], [ 27909.193599999882281, 38288.239299999549985 ], [ 27908.318199999630451, 38288.448200000450015 ], [ 27902.724799999967217, 38265.004000000655651 ], [ 27906.070899999700487, 38264.205700000748038 ], [ 27901.027999999932945, 38243.068900000303984 ], [ 27900.184600000269711, 38242.550499999895692 ], [ 27899.634600000455976, 38240.245200000703335 ], [ 27888.701500000432134, 38242.853700000792742 ], [ 27894.410400000400841, 38266.782099999487 ], [ 27884.372200000099838, 38269.176999999210238 ], [ 27873.030600000172853, 38282.357499999925494 ], [ 27872.5, 38281.901000000536442 ], [ 27853.196800000034273, 38304.33420000039041 ], [ 27861.962299999780953, 38311.876700000837445 ], [ 27869.53249999973923, 38329.049699999392033 ], [ 27849.571800000034273, 38352.94679999910295 ], [ 27855.949799999594688, 38361.322499999776483 ], [ 27851.649600000120699, 38364.597100000828505 ], [ 27859.919200000353158, 38375.456900000572205 ], [ 27888.011599999852479, 38354.064999999478459 ], [ 27888.132699999958277, 38354.224099999293685 ], [ 27893.984299999661744, 38349.768200000748038 ], [ 27893.439100000075996, 38349.052200000733137 ], [ 27901.526899999938905, 38342.893400000408292 ], [ 28032.877999999560416, 38455.918099999427795 ], [ 28035.417000000365078, 38455.198499999940395 ], [ 28039.036999999545515, 38467.944399999454618 ], [ 28045.263600000180304, 38466.17989999987185 ], [ 28049.378700000233948, 38480.596100000664592 ], [ 28088.179399999789894, 38468.150200000032783 ], [ 28083.362300000153482, 38454.135700000450015 ], [ 28074.736100000329316, 38456.580299999564886 ], [ 28070.525399999693036, 38443.689999999478459 ], [ 28060.348100000061095, 38446.574200000613928 ], [ 28026.511300000362098, 38417.458399999886751 ], [ 28028.894000000320375, 38410.98619999922812 ], [ 28054.752299999818206, 38420.505999999120831 ], [ 28059.658200000412762, 38407.180299999192357 ] ] ] } },
{ "type": "Feature", "properties": { "TYP_CD": 0, "STN_NAM": null, "ATTACHEMEN": null, "TYP_CD_DES": "MRT", "STN_NAM_DE": "SPRINGLEAF MRT STATION" }, "geometry": { "type": "Polygon", "coordinates": [ [ [ 26311.557300000451505, 42269.232599999755621 ], [ 26300.948099999688566, 42265.271500000730157 ], [ 26302.735500000417233, 42260.484300000593066 ], [ 26303.378800000064075, 42260.190799999982119 ], [ 26304.81290000025183, 42256.349799999967217 ], [ 26304.519399999640882, 42255.706499999389052 ], [ 26322.27419999986887, 42208.153000000864267 ], [ 26322.917500000447035, 42207.85950000025332 ], [ 26324.351599999703467, 42204.018500000238419 ], [ 26324.058100000023842, 42203.375199999660254 ], [ 26325.834300000220537, 42198.617900000885129 ], [ 26338.096400000154972, 42203.19620000012219 ], [ 26346.084800000302494, 42175.00789999961853 ], [ 26336.048499999567866, 42171.260700000450015 ], [ 26342.379499999806285, 42154.304099999368191 ], [ 26320.832399999722838, 42146.259099999442697 ], [ 26317.561999999918044, 42155.018500000238419 ], [ 26300.699000000022352, 42148.722400000318885 ], [ 26294.536100000143051, 42151.534399999305606 ], [ 26284.577600000426173, 42147.816199999302626 ], [ 26284.787499999627471, 42147.254100000485778 ], [ 26263.229799999855459, 42139.205199999734759 ], [ 26257.9989, 42153.215199999511242 ], [ 26246.706699999980628, 42148.999099999666214 ], [ 26239.884100000374019, 42167.272299999371171 ], [ 26272.7341, 42179.537299999967217 ], [ 26273.083800000138581, 42178.600400000810623 ], [ 26287.529799999669194, 42183.994000000879169 ], [ 26287.354899999685585, 42184.462400000542402 ], [ 26304.217899999581277, 42190.758500000461936 ], [ 26273.052400000393391, 42274.230299999937415 ], [ 26260.967299999669194, 42269.718100000172853 ], [ 26256.839800000190735, 42280.77280000038445 ], [ 26237.067300000227988, 42273.390399999916553 ], [ 26226.621199999935925, 42250.496099999174476 ], [ 26229.395200000144541, 42243.066299999132752 ], [ 26231.035000000149012, 42243.67850000038743 ], [ 26234.524000000208616, 42234.333599999547005 ], [ 26221.267500000074506, 42229.384099999442697 ], [ 26213.059500000439584, 42251.368100000545382 ], [ 26229.810200000181794, 42288.079900000244379 ], [ 26251.138399999588728, 42296.043099999427795 ], [ 26250.893600000068545, 42296.698899999260902 ], [ 26262.978699999861419, 42301.211100000888109 ], [ 26260.46030000038445, 42307.956299999728799 ], [ 26282.007399999536574, 42316.001199999824166 ], [ 26286.362200000323355, 42304.337700000032783 ], [ 26296.290500000119209, 42308.04450000077486 ], [ 26303.355100000277162, 42289.26039999909699 ], [ 26311.557300000451505, 42269.232599999755621 ] ] ] } },
{ "type": "Feature", "properties": { "TYP_CD": 0, "STN_NAM": null, "ATTACHEMEN": null, "TYP_CD_DES": "MRT", "STN_NAM_DE": "MARINA SOUTH PIER MRT STATION" }, "geometry": { "type": "Polygon", "coordinates": [ [ [ 31200.816499999724329, 28158.00029999949038 ], [ 31188.151800000108778, 28175.590299999341369 ], [ 31201.582600000314415, 28185.260600000619888 ], [ 31210.449599999934435, 28172.945599999278784 ], [ 31222.7341, 28181.790599999949336 ], [ 31235.018799999728799, 28190.635600000619888 ], [ 31234.901899999938905, 28190.798000000417233 ], [ 31249.509499999694526, 28201.315500000491738 ], [ 31249.626400000415742, 28201.153200000524521 ], [ 31272.434799999929965, 28217.575400000438094 ], [ 31274.333999999798834, 28214.937599999830127 ], [ 31276.233099999837577, 28212.300000000745058 ], [ 31351.744099999777973, 28266.668400000780821 ], [ 31339.078900000080466, 28284.258899999782443 ], [ 31352.509899999946356, 28293.929199999198318 ], [ 31362.136300000362098, 28280.559299999848008 ], [ 31374.514000000432134, 28289.471300000324845 ], [ 31377.593100000172853, 28285.280600000172853 ], [ 31396.558899999596179, 28298.93610000051558 ], [ 31415.524799999780953, 28312.591700000688434 ], [ 31419.790199999697506, 28306.667500000447035 ], [ 31425.399600000120699, 28298.876800000667572 ], [ 31429.66509999986738, 28292.9527000002563 ], [ 31357.971900000236928, 28241.333100000396371 ], [ 31365.451200000010431, 28230.944700000807643 ], [ 31365.288599999621511, 28230.827600000426173 ], [ 31371.885900000110269, 28221.664599999785423 ], [ 31375.184500000439584, 28217.083000000566244 ], [ 31365.778300000354648, 28210.310699999332428 ], [ 31366.245699999853969, 28209.661499999463558 ], [ 31365.434200000017881, 28209.077099999412894 ], [ 31364.382399999536574, 28210.53800000064075 ], [ 31362.110100000165403, 28208.901900000870228 ], [ 31357.454400000162423, 28215.368300000205636 ], [ 31352.798799999989569, 28221.834699999541044 ], [ 31352.636199999600649, 28221.717700000852346 ], [ 31345.156999999657273, 28232.105599999427795 ], [ 31317.7652000002563, 28212.383300000801682 ], [ 31290.373399999924004, 28192.661000000312924 ], [ 31294.463000000454485, 28186.981000000610948 ], [ 31275.959999999962747, 28173.658800000324845 ], [ 31257.457100000232458, 28160.336600000038743 ], [ 31260.758399999700487, 28155.751499999314547 ], [ 31236.411799999885261, 28138.221799999475479 ], [ 31236.528699999675155, 28138.059499999508262 ], [ 31225.175699999555945, 28129.885199999436736 ], [ 31226.811900000087917, 28127.613099999725819 ], [ 31226.64879999961704, 28127.495600000023842 ], [ 31234.880800000391901, 28116.063799999654293 ], [ 31222.391699999570847, 28107.071399999782443 ], [ 31214.160299999639392, 28118.503900000825524 ], [ 31213.997999999672174, 28118.387000000104308 ], [ 31204.859199999831617, 28131.079600000753999 ], [ 31190.490799999795854, 28123.207100000232458 ], [ 31189.57120000012219, 28122.592700000852346 ], [ 31185.377999999560416, 28128.416400000452995 ], [ 31180.613699999637902, 28135.033399999141693 ], [ 31177.070299999788404, 28139.954900000244379 ], [ 31176.368300000205636, 28140.92989999987185 ], [ 31184.052400000393391, 28146.174599999561906 ], [ 31190.713499999605119, 28150.726199999451637 ], [ 31200.816499999724329, 28158.00029999949038 ] ] ] } },
{ "type": "Feature", "properties": { "TYP_CD": 0, "STN_NAM": null, "ATTACHEMEN": null, "TYP_CD_DES": "MRT", "STN_NAM_DE": "MACPHERSON MRT STATION" }, "geometry": { "type": "Polygon", "coordinates": [ [ [ 34131.960500000044703, 34147.757699999958277 ], [ 34130.305900000035763, 34154.785700000822544 ], [ 34131.182000000029802, 34154.991900000721216 ], [ 34128.004200000315905, 34168.489900000393391 ], [ 34155.917200000025332, 34223.95160000026226 ], [ 34149.266800000332296, 34240.250800000503659 ], [ 34145.924200000241399, 34261.475299999117851 ], [ 34142.482800000347197, 34269.909600000828505 ], [ 34145.394000000320375, 34271.097500000149012 ], [ 34153.778699999675155, 34274.518600000068545 ], [ 34156.741499999538064, 34275.72749999910593 ], [ 34165.30489999987185, 34254.739800000563264 ], [ 34170.252799999900162, 34255.519099999219179 ], [ 34175.277900000102818, 34253.851399999111891 ], [ 34188.115599519333045, 34257.291471188233118 ], [ 34200.786299999803305, 34261.30320000089705 ], [ 34204.066200000233948, 34262.443900000303984 ], [ 34207.327899999916553, 34263.616900000721216 ], [ 34210.582299999892712, 34264.821599999442697 ], [ 34212.985100000165403, 34265.73340000025928 ], [ 34208.791100000031292, 34276.012199999764562 ], [ 34251.38219999987632, 34293.3902000002563 ], [ 34251.004499999806285, 34294.316099999472499 ], [ 34288.491899999789894, 34309.611800000071526 ], [ 34293.166899999603629, 34302.261399999260902 ], [ 34314.944799999706447, 34311.14949999935925 ], [ 34319.457799999974668, 34287.934599999338388 ], [ 34327.928999999538064, 34291.391899999231 ], [ 34328.908900000154972, 34286.351999999955297 ], [ 34329.89049999974668, 34286.542799999937415 ], [ 34332.949500000104308, 34270.810499999672174 ], [ 34328.211600000038743, 34269.889399999752641 ], [ 34330.23589999973774, 34259.47690000012517 ], [ 34329.059100000187755, 34259.248199999332428 ], [ 34331.669999999925494, 34245.815700000151992 ], [ 34325.385200000368059, 34230.855399999767542 ], [ 34328.301199999637902, 34215.853399999439716 ], [ 34315.873800000175834, 34213.43779999949038 ], [ 34311.199199999682605, 34237.487700000405312 ], [ 34317.63329999987036, 34238.738299999386072 ], [ 34321.066399999894202, 34246.910299999639392 ], [ 34317.421099999919534, 34265.672199999913573 ], [ 34302.710799999535084, 34273.540300000458956 ], [ 34265.651100000366569, 34258.419199999421835 ], [ 34265.462199999950826, 34258.882200000807643 ], [ 34222.871100000105798, 34241.504100000485778 ], [ 34218.824500000104308, 34251.421700000762939 ], [ 34177.825500000268221, 34233.7807 ], [ 34178.803600000217557, 34231.392000000923872 ], [ 34167.384600000455976, 34226.716299999505281 ], [ 34139.754599999636412, 34171.816600000485778 ], [ 34144.711900000460446, 34150.759700000286102 ], [ 34133.809799999929965, 34148.193399999290705 ], [ 34131.96059999987483, 34147.757400000467896 ], [ 34131.960500000044703, 34147.757699999958277 ] ] ] } },
{ "type": "Feature", "properties": { "TYP_CD": 0, "STN_NAM": null, "ATTACHEMEN": null, "TYP_CD_DES": "MRT", "STN_NAM_DE": "CANBERRA MRT STATION" }, "geometry": { "type": "Polygon", "coordinates": [ [ [ 27625.495099999941885, 47174.395600000396371 ], [ 27658.277099999599159, 47121.032400000840425 ], [ 27658.898610481915966, 47119.7903562239444 ], [ 27659.295942317159643, 47118.459538642127882 ], [ 27659.457120261453383, 47117.080056966406119 ], [ 27659.377286548526172, 47115.693487602242385 ], [ 27659.058847298641922, 47114.341620571984095 ], [ 27658.511400000192225, 47113.065199999138713 ], [ 27653.199300000444055, 47103.155600000172853 ], [ 27653.07149999961257, 47103.077099999412894 ], [ 27649.721499999985099, 47108.530300000682473 ], [ 27647.734400000423193, 47107.309599999338388 ], [ 27651.084400000050664, 47101.856300000101328 ], [ 27650.956600000150502, 47101.777799999341369 ], [ 27639.715900000184774, 47101.518899999558926 ], [ 27638.32989907181036, 47101.607549838969135 ], [ 27636.980116669245035, 47101.934574047882052 ], [ 27635.707234086876269, 47102.49011639458331 ], [ 27634.549614923860645, 47103.257433304926963 ], [ 27633.542148837866989, 47104.213398499407049 ], [ 27632.715200000442564, 47105.329199999570847 ], [ 27609.644299999810755, 47142.884500000625849 ], [ 27607.0636, 47141.299100000411272 ], [ 27532.275200000032783, 47263.041500000283122 ], [ 27534.855999999679625, 47264.626900000497699 ], [ 27531.408999999985099, 47270.237900000065565 ], [ 27530.787496854001802, 47271.479927971558936 ], [ 27530.390169510978012, 47272.810728717326128 ], [ 27530.228993079392239, 47274.190193033777177 ], [ 27530.308825279931625, 47275.576745038641093 ], [ 27530.627260037908854, 47276.928595232770022 ], [ 27531.174700000323355, 47278.205000000074506 ], [ 27536.486800000071526, 47288.114700000733137 ], [ 27536.614599999971688, 47288.193199999630451 ], [ 27539.964599999599159, 47282.740000000223517 ], [ 27541.951700000092387, 47283.960699999704957 ], [ 27538.601700000464916, 47289.413899999111891 ], [ 27538.729500000365078, 47289.49239999987185 ], [ 27549.970200000330806, 47289.75139999948442 ], [ 27551.356224069932068, 47289.662741690946859 ], [ 27552.706027800253651, 47289.335705138240883 ], [ 27553.978929254106333, 47288.780146945093293 ], [ 27555.136564263561013, 47288.012811163265724 ], [ 27556.144042693355004, 47287.056824641033018 ], [ 27556.970999999903142, 47285.940999999642372 ], [ 27590.274100000038743, 47231.729399999603629 ], [ 27592.2648, 47232.952299999073148 ], [ 27603.12430000025779, 47215.274900000542402 ], [ 27606.248990401290939, 47214.620134237913589 ], [ 27609.43805602728753, 47214.470907098002499 ], [ 27612.610236074076965, 47214.831021047990362 ], [ 27615.684700000099838, 47215.691299999132752 ], [ 27617.527570474521781, 47216.480439689323248 ], [ 27619.278800000436604, 47217.456199999898672 ], [ 27636.758399999700487, 47228.194299999624491 ], [ 27633.196000000461936, 47233.993400000035763 ], [ 27640.267799999564886, 47238.337700000032783 ], [ 27642.186200000345707, 47235.214900000020862 ], [ 27642.526200000196695, 47235.423800000920892 ], [ 27675.078300000168383, 47182.434800000861287 ], [ 27671.425499999895692, 47180.189200000837445 ], [ 27667.562800000421703, 47183.691999999806285 ], [ 27648.190000000409782, 47215.227600000798702 ], [ 27645.279292543484189, 47215.418521655185032 ], [ 27642.371771429920045, 47215.18402229037747 ], [ 27639.529284351901879, 47214.529090088377416 ], [ 27636.812295622145029, 47213.467656519904267 ], [ 27634.278599999845028, 47212.022299999371171 ], [ 27625.080400000326335, 47206.371600000187755 ], [ 27622.576695986455888, 47204.382284957908269 ], [ 27620.422050709752511, 47202.019360528705874 ], [ 27618.671547810467018, 47199.343235022279259 ], [ 27617.369939003870968, 47196.422323753322416 ], [ 27616.550499999895692, 47193.331299999728799 ], [ 27627.44649999961257, 47175.594399999827147 ], [ 27625.495099999941885, 47174.395600000396371 ] ] ] } },
{ "type": "Feature", "properties": { "TYP_CD": 0, "STN_NAM": null, "ATTACHEMEN": null, "TYP_CD_DES": "MRT", "STN_NAM_DE": "WOODLANDS SOUTH MRT STATION" }, "geometry": { "type": "Polygon", "coordinates": [ [ [ 23669.584599999710917, 45366.143899999558926 ], [ 23673.283099999651313, 45278.522399999201298 ], [ 23661.145100000314415, 45277.982300000265241 ], [ 23660.846199999563396, 45284.700699999928474 ], [ 23663.293800000101328, 45284.809599999338388 ], [ 23661.872200000099838, 45316.759400000795722 ], [ 23654.708800000138581, 45323.3125 ], [ 23650.786799999885261, 45411.48450000025332 ], [ 23561.747800000011921, 45446.831100000068545 ], [ 23551.851599999703467, 45421.902200000360608 ], [ 23528.576899999752641, 45436.99349999986589 ], [ 23525.938299999572337, 45432.924100000411272 ], [ 23489.181800000369549, 45456.756999999284744 ], [ 23498.916100000031292, 45471.769799999892712 ], [ 23507.972000000067055, 45494.581900000572205 ], [ 23526.003100000321865, 45487.423900000751019 ], [ 23530.121100000105798, 45497.797100000083447 ], [ 23574.17119999974966, 45478.125900000333786 ], [ 23570.802299999631941, 45469.639599999412894 ], [ 23646.542299999855459, 45439.572499999776483 ], [ 23654.807300000451505, 45460.392200000584126 ], [ 23697.090400000102818, 45468.058599999174476 ], [ 23699.300800000317395, 45455.86739999987185 ], [ 23680.260099999606609, 45452.415100000798702 ], [ 23675.084099999628961, 45439.377699999138713 ], [ 23705.337799999862909, 45427.367599999532104 ], [ 23692.464499999769032, 45394.939400000497699 ], [ 23693.697999999858439, 45367.21680000051856 ], [ 23669.584599999710917, 45366.143899999558926 ] ] ] } },
{ "type": "Feature", "properties": { "TYP_CD": 0, "STN_NAM": null, "ATTACHEMEN": null, "TYP_CD_DES": "MRT", "STN_NAM_DE": "WOODLANDS NORTH MRT STATION" }, "geometry": { "type": "Polygon", "coordinates": [ [ [ 22620.061599999666214, 47869.843800000846386 ], [ 22638.338499999605119, 47879.50870000012219 ], [ 22627.591400000266731, 47899.832100000232458 ], [ 22653.581299999728799, 47913.575600000098348 ], [ 22689.199799999594688, 47846.218900000676513 ], [ 22718.541699999943376, 47790.731499999761581 ], [ 22725.093100000172853, 47778.342299999669194 ], [ 22751.021800000220537, 47729.309499999508262 ], [ 22760.986399999819696, 47710.465800000354648 ], [ 22767.002799999900162, 47699.088500000536442 ], [ 22783.502000000327826, 47667.887499999254942 ], [ 22739.2352, 47644.479100000113249 ], [ 22710.091000000014901, 47699.592599999159575 ], [ 22728.367899999953806, 47709.257500000298023 ], [ 22716.349299999885261, 47731.985500000417233 ], [ 22698.072300000116229, 47722.320599999278784 ], [ 22692.928600000217557, 47732.047700000926852 ], [ 22677.43680000025779, 47723.855599999427795 ], [ 22669.351099999621511, 47739.145999999716878 ], [ 22684.843000000342727, 47747.33809999935329 ], [ 22652.4523, 47808.590900000184774 ], [ 22620.061599999666214, 47869.843800000846386 ] ] ] } },
{ "type": "Feature", "properties": { "TYP_CD": 0, "STN_NAM": null, "ATTACHEMEN": null, "TYP_CD_DES": "MRT", "STN_NAM_DE": "GUL CIRCLE MRT STATION" }, "geometry": { "type": "Polygon", "coordinates": [ [ [ 8855.688099999912083, 33684.240499999374151 ], [ 8866.838600000366569, 33673.475400000810623 ], [ 8859.826899999752641, 33666.328099999576807 ], [ 8866.894299999810755, 33653.067099999636412 ], [ 8883.4527000002563, 33637.162000000476837 ], [ 8869.147599999792874, 33622.269200000911951 ], [ 8873.781200000084937, 33617.818499999120831 ], [ 8868.391800000332296, 33612.207800000905991 ], [ 8870.349899999797344, 33610.326999999582767 ], [ 8755.067300000227988, 33490.308000000193715 ], [ 8764.571100000292063, 33481.179199999198318 ], [ 8809.96750000026077, 33528.440600000321865 ], [ 8812.347400000318885, 33526.1546 ], [ 8814.599700000137091, 33528.499399999156594 ], [ 8821.805700000375509, 33521.5777000002563 ], [ 8745.912299999967217, 33442.566400000825524 ], [ 8741.39740000013262, 33446.903100000694394 ], [ 8743.964200000278652, 33449.575300000607967 ], [ 8737.955799999646842, 33455.346300000324845 ], [ 8757.390100000426173, 33475.578999999910593 ], [ 8748.828200000338256, 33483.812599999830127 ], [ 8730.002199999988079, 33464.21309999935329 ], [ 8726.507799999788404, 33467.569599999114871 ], [ 8710.578599999658763, 33451.165699999779463 ], [ 8695.259300000034273, 33465.880499999970198 ], [ 8698.501199999824166, 33469.255599999800324 ], [ 8695.047100000083447, 33472.573300000280142 ], [ 8695.393500000238419, 33472.933900000527501 ], [ 8687.773400000296533, 33480.253399999812245 ], [ 8678.00719999987632, 33476.593800000846386 ], [ 8653.413099999539554, 33450.989299999549985 ], [ 8650.596900000236928, 33453.694399999454618 ], [ 8649.452399999834597, 33452.503000000491738 ], [ 8644.177400000393391, 33457.569900000467896 ], [ 8645.1261, 33458.557499999180436 ], [ 8642.350899999961257, 33461.223099999129772 ], [ 8660.500599999912083, 33480.118400000035763 ], [ 8661.474200000055134, 33479.183199999853969 ], [ 8663.552400000393391, 33481.346799999475479 ], [ 8664.426599999889731, 33480.506999999284744 ], [ 8671.546799999661744, 33487.919700000435114 ], [ 8672.513399999588728, 33486.99129999987781 ], [ 8676.66399999987334, 33491.312699999660254 ], [ 8672.997999999672174, 33494.641699999570847 ], [ 8682.068500000052154, 33504.084899999201298 ], [ 8693.28139999974519, 33491.89640000090003 ], [ 8724.497999999672174, 33503.593900000676513 ], [ 8737.640399999916553, 33517.276200000196695 ], [ 8792.111800000071526, 33573.985600000247359 ], [ 8847.812599999830127, 33631.974799999967217 ], [ 8851.588100000284612, 33628.348300000652671 ], [ 8864.563000000081956, 33641.856300000101328 ], [ 8855.136500000022352, 33650.910700000822544 ], [ 8850.677199999801815, 33659.278100000694394 ], [ 8849.820299999788404, 33660.101199999451637 ], [ 8850.028099999763072, 33660.317600000649691 ], [ 8844.122200000099838, 33665.990399999544024 ], [ 8843.802199999801815, 33665.657199999317527 ], [ 8840.673000000417233, 33668.618200000375509 ], [ 8855.688099999912083, 33684.240499999374151 ] ] ] } },


{ "type": "Feature", "properties": { "TYP_CD": 0, "STN_NAM": null, "ATTACHEMEN": null, "TYP_CD_DES": "MRT", "STN_NAM_DE": "WOODLANDS MRT STATION" }, "geometry": { "type": "Polygon", "coordinates": [ [ [ 22984.983, 46384.258500000461936 ], [ 23043.467600000090897, 46372.383899999782443 ], [ 23044.963299999944866, 46373.100899999961257 ], [ 23048.593700000084937, 46372.363900000229478 ], [ 23050.011900000274181, 46372.572000000625849 ], [ 23050.885599999688566, 46373.649000000208616 ], [ 23056.348100000061095, 46400.552899999544024 ], [ 23073.000500000081956, 46397.171800000593066 ], [ 23064.3114, 46354.37639999948442 ], [ 22986.734299999661744, 46370.127399999648333 ], [ 22993.09360000025481, 46324.55460000038147 ], [ 22992.58420000039041, 46322.416600000113249 ], [ 22995.699300000444055, 46300.092800000682473 ], [ 22996.035299999639392, 46297.685399999842048 ], [ 22996.279699999839067, 46295.933900000527501 ], [ 22996.663599999621511, 46292.635500000789762 ], [ 22996.972799999639392, 46289.951899999752641 ], [ 22997.275899999774992, 46287.267599999904633 ], [ 22997.475999999791384, 46285.477900000289083 ], [ 22997.673999999649823, 46283.687999999150634 ], [ 22997.967899999581277, 46281.002699999138713 ], [ 22998.255699999630451, 46278.316899999976158 ], [ 22998.542200000025332, 46275.613700000569224 ], [ 22998.818900000303984, 46272.943299999460578 ], [ 22998.9989, 46271.149900000542402 ], [ 22999.706100000068545, 46263.777400000020862 ], [ 23020.416299999691546, 46269.162200000137091 ], [ 23020.075799999758601, 46272.070000000298023 ], [ 23062.714200000278652, 46283.156300000846386 ], [ 23066.989599999971688, 46266.71309999935329 ], [ 23000.800499999895692, 46249.503299999982119 ], [ 23000.536899999715388, 46247.061699999496341 ], [ 22987.685899999924004, 46246.441500000655651 ], [ 22987.225599999539554, 46244.854100000113249 ], [ 22987.084499999880791, 46214.687999999150634 ], [ 22984.768000000156462, 46214.677899999544024 ], [ 22982.061900000087917, 46214.666200000792742 ], [ 22979.36629999987781, 46214.654500000178814 ], [ 22977.566899999976158, 46214.64670000039041 ], [ 22975.749699999578297, 46214.63880000077188 ], [ 22973.930200000293553, 46214.715099999681115 ], [ 22968.534099999815226, 46215.016799999400973 ], [ 22963.230299999937415, 46215.31279999949038 ], [ 22963.485999999567866, 46219.921299999579787 ], [ 22963.610500000417233, 46222.609600000083447 ], [ 22963.723000000230968, 46225.302999999374151 ], [ 22963.840200000442564, 46228.894400000572205 ], [ 22963.903599999845028, 46231.589199999347329 ], [ 22963.96750000026077, 46234.963800000026822 ], [ 22963.111600000411272, 46236.183900000527501 ], [ 22961.856900000013411, 46237.488500000908971 ], [ 22959.513500000350177, 46239.925200000405312 ], [ 22960.523900000378489, 46242.610999999567866 ], [ 22955.907800000160933, 46247.411000000312924 ], [ 22955.907700000330806, 46247.411000000312924 ], [ 22952.611800000071526, 46250.838199999183416 ], [ 22956.783300000242889, 46254.849999999627471 ], [ 22960.675400000065565, 46258.5932 ], [ 22961.972799999639392, 46259.840900000184774 ], [ 22963.112900000065565, 46260.9375 ], [ 22963.349999999627471, 46262.42989999987185 ], [ 22963.175400000065565, 46265.375399999320507 ], [ 22963.001699999906123, 46267.731300000101328 ], [ 22962.861800000071526, 46269.522900000214577 ], [ 22962.717000000178814, 46271.314899999648333 ], [ 22962.567200000397861, 46273.106499999761581 ], [ 22962.335199999623001, 46275.793299999088049 ], [ 22962.088600000366569, 46278.47859999909997 ], [ 22961.834499999880791, 46281.163499999791384 ], [ 22961.565799999982119, 46283.846999999135733 ], [ 22961.381799999624491, 46285.634999999776483 ], [ 22961.098399999551475, 46288.316700000315905 ], [ 22960.800400000065565, 46290.996700000017881 ], [ 22960.495099999941885, 46293.675300000235438 ], [ 22960.175099999643862, 46296.352399999275804 ], [ 22960.012299999594688, 46297.690700000151992 ], [ 22959.845900000073016, 46299.028899999335408 ], [ 22959.677600000053644, 46300.367000000551343 ], [ 22959.505699999630451, 46301.704399999231 ], [ 22959.272699999623001, 46303.487999999895692 ], [ 22959.154400000348687, 46304.379100000485778 ], [ 22959.034799999557436, 46305.270999999716878 ], [ 22958.914200000464916, 46306.160900000482798 ], [ 22958.296000000089407, 46310.616499999538064 ], [ 22958.1716, 46311.507999999448657 ], [ 22958.047199999913573, 46312.399399999529123 ], [ 22957.321899999864399, 46317.596699999645352 ], [ 22956.306599999777973, 46319.084599999710917 ], [ 22956.036799999885261, 46321.018100000917912 ], [ 22955.041699999943376, 46328.149000000208616 ], [ 22953.549100000411272, 46338.8454 ], [ 22952.8761, 46343.668400000780821 ], [ 22951.53830000013113, 46344.158299999311566 ], [ 22949.359299999661744, 46343.854299999773502 ], [ 22930.994599999859929, 46341.291600000113249 ], [ 22929.936300000175834, 46348.875499999150634 ], [ 22927.349600000306964, 46367.412599999457598 ], [ 22925.679399999789894, 46368.013399999588728 ], [ 22916.430800000205636, 46366.722899999469519 ], [ 22903.288099999539554, 46364.888900000602007 ], [ 22901.043100000359118, 46364.575600000098348 ], [ 22899.612399999983609, 46374.828500000759959 ], [ 22899.462600000202656, 46376.155099999159575 ], [ 22899.757500000298023, 46377.461100000888109 ], [ 22900.376000000163913, 46379.795299999415874 ], [ 22908.982300000265241, 46412.274399999529123 ], [ 22910.822999999858439, 46419.221000000834465 ], [ 22911.366499999538064, 46421.596000000834465 ], [ 22919.211400000378489, 46422.690700000151992 ], [ 22919.393899999558926, 46423.234699999913573 ], [ 22919.419800000265241, 46424.240299999713898 ], [ 22916.775399999693036, 46443.190799999982119 ], [ 22915.180700000375509, 46454.618300000205636 ], [ 22905.131599999964237, 46453.216000000014901 ], [ 22904.670199999585748, 46456.13399999961257 ], [ 22904.337500000372529, 46458.518100000917912 ], [ 22903.342400000430644, 46465.649000000208616 ], [ 22903.02309999987483, 46467.936899999156594 ], [ 22902.647599999792874, 46468.926799999549985 ], [ 22902.154199999757111, 46469.857899999246001 ], [ 22901.053600000217557, 46470.241200000047684 ], [ 22888.729899999685585, 46468.521500000730157 ], [ 22875.689299999736249, 46466.701799999922514 ], [ 22872.981999999843538, 46473.921599999070168 ], [ 22871.735999999567866, 46477.244500000029802 ], [ 22870.84389999974519, 46478.045199999585748 ], [ 22870.403599999845028, 46478.210899999365211 ], [ 22866.818500000052154, 46477.153799999505281 ], [ 22864.012299999594688, 46484.637599999085069 ], [ 22856.299200000241399, 46481.745100000873208 ], [ 22847.505900000222027, 46478.447599999606609 ], [ 22845.833800000138581, 46479.429199999198318 ], [ 22841.105499999597669, 46492.038699999451637 ], [ 22841.523599999956787, 46493.771900000050664 ], [ 22839.79839999973774, 46498.372500000521541 ], [ 22839.986399999819696, 46498.725600000470877 ], [ 22834.764200000092387, 46512.652300000190735 ], [ 22817.006000000052154, 46505.993400000035763 ], [ 22813.349899999797344, 46515.743400000035763 ], [ 22831.668899999931455, 46522.612700000405312 ], [ 22816.557599999941885, 46562.911800000816584 ], [ 22826.763700000010431, 46566.738900000229478 ], [ 22841.874900000169873, 46526.439799999818206 ], [ 22844.029500000178814, 46527.247700000181794 ], [ 22844.643899999558926, 46525.609400000423193 ], [ 22847.265599999576807, 46526.592499999329448 ], [ 22849.653099999763072, 46520.225400000810623 ], [ 22847.03139999974519, 46519.242300000041723 ], [ 22852.813900000415742, 46503.821299999952316 ], [ 22853.355200000107288, 46503.232100000604987 ], [ 22854.703099999576807, 46499.637599999085069 ], [ 22858.354199999943376, 46501.006599999964237 ], [ 22858.330199999734759, 46501.264200000092387 ], [ 22858.658599999733269, 46501.542899999767542 ], [ 22858.903800000436604, 46502.183900000527501 ], [ 22861.65639999974519, 46503.223799999803305 ], [ 22863.550599999725819, 46503.309399999678135 ], [ 22865.243300000205636, 46503.376800000667572 ], [ 22913.760099999606609, 46521.56980000063777 ], [ 22914.45920000039041, 46522.44480000063777 ], [ 22914.506000000052154, 46523.612999999895692 ], [ 22913.322999999858439, 46526.767100000753999 ], [ 22912.387699999846518, 46529.261399999260902 ], [ 22908.960099999792874, 46527.976199999451637 ], [ 22902.099600000306964, 46546.271999999880791 ], [ 22903.9216, 46546.955199999734759 ], [ 22903.188500000163913, 46548.910299999639392 ], [ 22902.626699999906123, 46548.699599999934435 ], [ 22901.924499999731779, 46550.572300000116229 ], [ 22902.486299999989569, 46550.782999999821186 ], [ 22902.088299999944866, 46551.844399999827147 ], [ 22899.572499999776483, 46550.901000000536442 ], [ 22898.743400000035763, 46553.111999999731779 ], [ 22873.401300000026822, 46543.601500000804663 ], [ 22870.638000000268221, 46551.151000000536442 ], [ 22868.967699999921024, 46555.714199999347329 ], [ 22873.725399999879301, 46557.5011 ], [ 22884.116600000299513, 46561.40430000051856 ], [ 22888.328900000080466, 46562.987500000745058 ], [ 22888.391400000080466, 46562.82039999961853 ], [ 22892.603199999779463, 46564.403400000184774 ], [ 22892.67879999987781, 46564.203999999910593 ], [ 22896.890599999576807, 46565.787000000476837 ], [ 22896.978400000371039, 46565.55489999987185 ], [ 22901.190200000070035, 46567.137900000438094 ], [ 22901.290300000458956, 46566.872999999672174 ], [ 22905.502100000157952, 46568.456000000238419 ], [ 22905.615699999965727, 46568.1554000005126 ], [ 22909.826399999670684, 46569.74129999987781 ], [ 22909.950799999758601, 46569.41190000064671 ], [ 22914.162999999709427, 46570.99379999935627 ], [ 22914.302400000393391, 46570.624500000849366 ], [ 22918.514200000092387, 46572.207499999552965 ], [ 22918.674800000153482, 46571.778799999505281 ], [ 22922.885700000450015, 46573.366900000721216 ], [ 22923.066300000064075, 46572.888100000098348 ], [ 22927.278099999763072, 46574.471100000664592 ], [ 22927.479100000113249, 46573.937899999320507 ], [ 22931.691300000064075, 46575.519799999892712 ], [ 22931.913399999961257, 46574.929800000041723 ], [ 22936.125199999660254, 46576.512800000607967 ], [ 22936.237300000153482, 46576.216600000858307 ], [ 22940.449099999852479, 46577.799699999392033 ], [ 22940.699599999934435, 46577.134899999946356 ], [ 22944.911299999803305, 46578.7179000005126 ], [ 22945.183000000193715, 46577.996600000187755 ], [ 22949.394799999892712, 46579.579600000753999 ], [ 22951.844899999909103, 46573.040200000628829 ], [ 22951.255400000140071, 46572.81900000013411 ], [ 22952.741600000299513, 46568.855799999088049 ], [ 22955.008200000040233, 46569.705700000748038 ], [ 22956.676099999807775, 46565.257999999448657 ], [ 22956.399500000290573, 46565.154200000688434 ], [ 22958.177299999631941, 46560.412900000810623 ], [ 22960.827899999916553, 46560.782800000160933 ], [ 22963.49210000038147, 46557.670800000429153 ], [ 22965.652599999681115, 46542.187999999150634 ], [ 22966.725700000301003, 46534.497800000011921 ], [ 22967.308899999596179, 46532.489199999719858 ], [ 22967.811499999836087, 46528.887599999085069 ], [ 22968.253999999724329, 46526.607100000604987 ], [ 22968.636400000192225, 46525.493400000035763 ], [ 22968.947100000455976, 46524.255699999630451 ], [ 22970.288499999791384, 46514.642400000244379 ], [ 22970.262900000438094, 46513.356799999251962 ], [ 22970.171500000171363, 46512.131599999964237 ], [ 22969.086400000378489, 46500.186000000685453 ], [ 22969.203999999910593, 46497.925400000065565 ], [ 22971.525600000284612, 46481.288100000470877 ], [ 22971.726099999621511, 46477.680900000035763 ], [ 22982.408800000324845, 46401.124800000339746 ], [ 22982.995199999772012, 46399.512700000777841 ], [ 22983.696800000034273, 46397.855200000107288 ], [ 22984.311599999666214, 46396.168099999427795 ], [ 22984.496700000017881, 46394.84180000051856 ], [ 22985.088399999774992, 46390.601299999281764 ], [ 22985.211199999786913, 46389.721599999815226 ], [ 22985.41509999986738, 46388.260199999436736 ], [ 22985.31290000025183, 46386.92369999922812 ], [ 22984.983, 46384.258500000461936 ] ] ] } },

{ "type": "Feature", "properties": { "TYP_CD": 0, "STN_NAM": null, "ATTACHEMEN": "CC3_EPN STN.zip", "TYP_CD_DES": "MRT", "STN_NAM_DE": "ESPLANADE MRT STATION" }, "geometry": { "type": "Polygon", "coordinates": [ [ [ 30566.073699999600649, 30621.214099999517202 ], [ 30569.417799999937415, 30619.281999999657273 ], [ 30569.400399999693036, 30616.552799999713898 ], [ 30566.941999999806285, 30612.297800000756979 ], [ 30563.833800000138581, 30609.895500000566244 ], [ 30558.475399999879301, 30607.781099999323487 ], [ 30553.11699999962002, 30605.666799999773502 ], [ 30552.842000000178814, 30605.215800000354648 ], [ 30554.022599999792874, 30604.495899999514222 ], [ 30547.382299999706447, 30593.603900000452995 ], [ 30549.345999999903142, 30592.4068 ], [ 30540.033900000154972, 30577.13260000012815 ], [ 30530.598299999721348, 30582.8902000002563 ], [ 30521.121500000357628, 30567.189300000667572 ], [ 30511.644799999892712, 30551.488500000908971 ], [ 30510.866499999538064, 30551.937899999320507 ], [ 30509.117200000211596, 30548.907999999821186 ], [ 30489.284199999645352, 30560.356100000441074 ], [ 30503.329800000414252, 30584.685699999332428 ], [ 30502.463600000366569, 30591.078900000080466 ], [ 30497.544099999591708, 30594.078099999576807 ], [ 30499.36600000038743, 30597.066500000655651 ], [ 30481.820000000298023, 30607.763699999079108 ], [ 30479.712000000290573, 30604.305900000035763 ], [ 30458.865600000135601, 30617.014599999412894 ], [ 30458.098899999633431, 30620.176400000229478 ], [ 30458.853600000031292, 30621.414200000464916 ], [ 30447.083599999547005, 30628.589900000020862 ], [ 30447.239799999631941, 30628.846100000664592 ], [ 30421.056699999608099, 30644.809000000357628 ], [ 30394.873599999584258, 30660.771900000050664 ], [ 30403.905199999921024, 30675.585799999535084 ], [ 30412.93680000025779, 30690.399800000712276 ], [ 30417.104199999943376, 30687.858999999240041 ], [ 30422.856300000101328, 30697.293899999931455 ], [ 30444.266099999658763, 30684.241100000217557 ], [ 30465.675900000147521, 30671.188300000503659 ], [ 30459.416199999861419, 30660.921000000089407 ], [ 30485.244699999690056, 30645.174300000071526 ], [ 30485.088499999605119, 30644.918199999257922 ], [ 30499.022499999962747, 30636.423000000417233 ], [ 30512.956500000320375, 30627.927899999544024 ], [ 30518.902400000020862, 30625.105100000277162 ], [ 30524.848199999891222, 30622.282299999147654 ], [ 30533.321899999864399, 30617.11629999987781 ], [ 30541.7955, 30611.950300000607967 ], [ 30549.817999999970198, 30615.115399999544024 ], [ 30559.160699999891222, 30631.196299999952316 ], [ 30558.53870000038296, 30634.698100000619888 ], [ 30552.659300000406802, 30638.284800000488758 ], [ 30556.719700000248849, 30644.944499999284744 ], [ 30562.790900000371039, 30641.240800000727177 ], [ 30564.572900000028312, 30631.210100000724196 ], [ 30564.684799999929965, 30631.403699999675155 ], [ 30565.204300000332296, 30631.103499999269843 ], [ 30564.70409999974072, 30630.237700000405312 ], [ 30569.639499999582767, 30627.385900000110269 ], [ 30566.073699999600649, 30621.214099999517202 ] ] ] } },
{ "type": "Feature", "properties": { "TYP_CD": 0, "STN_NAM": null, "ATTACHEMEN": "CC7_MBT STN.zip\r\nCC7_MBT STN.zip", "TYP_CD_DES": "MRT", "STN_NAM_DE": "MOUNTBATTEN MRT STATION" }, "geometry": { "type": "Polygon", "coordinates": [ [ [ 33371.810600000433624, 32042.768300000578165 ], [ 33377.335900000296533, 32045.352800000458956 ], [ 33377.632299999706447, 32044.719100000336766 ], [ 33386.599799999967217, 32048.913699999451637 ], [ 33389.353799999691546, 32043.026000000536442 ], [ 33407.383899999782443, 32051.459699999541044 ], [ 33413.141400000080466, 32049.169999999925494 ], [ 33414.2796, 32046.736500000581145 ], [ 33476.349899999797344, 32075.770300000905991 ], [ 33467.621500000357628, 32094.43019999936223 ], [ 33486.470599999651313, 32103.246999999508262 ], [ 33483.480399999767542, 32109.825600000098348 ], [ 33483.73369999974966, 32110.524100000038743 ], [ 33479.087700000032783, 32120.741100000217557 ], [ 33487.872200000099838, 32124.735500000417233 ], [ 33496.664499999955297, 32105.399599999189377 ], [ 33495.447200000286102, 32091.291999999433756 ], [ 33497.97580000013113, 32085.886399999260902 ], [ 33540.049300000071526, 32105.567900000140071 ], [ 33551.002899999730289, 32082.152200000360608 ], [ 33545.658300000242889, 32079.652200000360608 ], [ 33548.246899999678135, 32074.118300000205636 ], [ 33546.535600000061095, 32069.399000000208616 ], [ 33556.080699999816716, 32048.993100000545382 ], [ 33557.534699999727309, 32049.673200000077486 ], [ 33561.584499999880791, 32041.015300000086427 ], [ 33542.698800000362098, 32032.18129999935627 ], [ 33541.111700000241399, 32035.573899999260902 ], [ 33516.69539999961853, 32024.152899999171495 ], [ 33502.826799999922514, 32053.801999999210238 ], [ 33501.630300000309944, 32054.235799999907613 ], [ 33499.779900000430644, 32058.191800000146031 ], [ 33388.049100000411272, 32005.928700000047684 ], [ 33376.990500000305474, 32029.570199999958277 ], [ 33377.805700000375509, 32029.951500000432134 ], [ 33371.810600000433624, 32042.768300000578165 ] ] ] } },
{ "type": "Feature", "properties": { "TYP_CD": 0, "STN_NAM": null, "ATTACHEMEN": null, "TYP_CD_DES": "MRT", "STN_NAM_DE": "MARINA BAY MRT STATION" }, "geometry": { "type": "Polygon", "coordinates": [ [ [ 30344.433600000105798, 28789.365900000557303 ], [ 30331.463499999605119, 28787.202800000086427 ], [ 30328.010499999858439, 28807.916899999603629 ], [ 30334.320000000298023, 28808.969200000166893 ], [ 30334.523299999535084, 28807.750700000673532 ], [ 30341.181300000287592, 28808.861899999901652 ], [ 30344.433600000105798, 28789.365900000557303 ] ] ] } },
{ "type": "Feature", "properties": { "TYP_CD": 0, "STN_NAM": null, "ATTACHEMEN": null, "TYP_CD_DES": "MRT", "STN_NAM_DE": "OUTRAM PARK MRT STATION" }, "geometry": { "type": "Polygon", "coordinates": [ [ [ 28636.062400000169873, 29341.757099999114871 ], [ 28626.128999999724329, 29348.088999999687076 ], [ 28624.463499999605119, 29345.475700000301003 ], [ 28578.377999999560416, 29374.848999999463558 ], [ 28577.772300000302494, 29373.898399999365211 ], [ 28574.972599999979138, 29375.682399999350309 ], [ 28577.763899999670684, 29380.062300000339746 ], [ 28577.131000000052154, 29380.465600000694394 ], [ 28577.400500000454485, 29380.888399999588728 ], [ 28557.413200000301003, 29393.622400000691414 ], [ 28560.183600000105798, 29397.970100000500679 ], [ 28540.896300000138581, 29410.259800000116229 ], [ 28548.365699999965727, 29421.982300000265241 ], [ 28567.652300000190735, 29409.693099999800324 ], [ 28571.115399999544024, 29415.128100000321865 ], [ 28591.10259999986738, 29402.392500000074506 ], [ 28591.371399999596179, 29402.814300000667572 ], [ 28766.366499999538064, 29291.309399999678135 ], [ 28751.431099999696016, 29267.869799999520183 ], [ 28750.850899999961257, 29268.239399999380112 ], [ 28756.034799999557436, 29222.683599999174476 ], [ 28759.95299999974668, 29216.131300000473857 ], [ 28757.451999999582767, 29213.786000000312924 ], [ 28753.333999999798834, 29218.176000000908971 ], [ 28744.19440000038594, 29209.603900000452995 ], [ 28734.417500000447035, 29222.62360000051558 ], [ 28729.695299999788404, 29215.218900000676513 ], [ 28723.583599999547005, 29219.116399999707937 ], [ 28721.05559999961406, 29215.152400000020862 ], [ 28734.926500000059605, 29206.306399999186397 ], [ 28737.617300000041723, 29203.435300000011921 ], [ 28730.615100000053644, 29196.867900000885129 ], [ 28728.746700000017881, 29198.861500000581145 ], [ 28703.878999999724329, 29214.720499999821186 ], [ 28703.825299999676645, 29214.636199999600649 ], [ 28702.644999999552965, 29215.388900000602007 ], [ 28702.799599999561906, 29215.631400000303984 ], [ 28699.652099999599159, 29217.637000000104308 ], [ 28709.668399999849498, 29181.479900000616908 ], [ 28710.416500000283122, 29181.245300000533462 ], [ 28723.917500000447035, 29193.898000000044703 ], [ 28729.685300000011921, 29187.742499999701977 ], [ 28700.899000000208616, 29160.743699999526143 ], [ 28700.794400000013411, 29160.855299999937415 ], [ 28697.380400000140071, 29164.498099999502301 ], [ 28698.706299999728799, 29165.740599999204278 ], [ 28696.012000000104308, 29175.466499999165535 ], [ 28697.196399999782443, 29177.558599999174476 ], [ 28683.1875, 29228.128000000491738 ], [ 28625.28760000038892, 29265.021199999377131 ], [ 28618.5296, 29254.415200000628829 ], [ 28623.960699999704957, 29248.055099999532104 ], [ 28617.192800000309944, 29242.275699999183416 ], [ 28574.715300000272691, 29292.018799999728799 ], [ 28588.719200000166893, 29303.97719999961555 ], [ 28601.251400000415742, 29323.645199999213219 ], [ 28582.740699999965727, 29335.439999999478459 ], [ 28587.495199999772012, 29342.901699999347329 ], [ 28613.762000000104308, 29326.158800000324845 ], [ 28595.657100000418723, 29297.744999999180436 ], [ 28596.712000000290573, 29296.509700000286102 ], [ 28678.719899999909103, 29244.255200000479817 ], [ 28673.180100000463426, 29264.186699999496341 ], [ 28669.187699999660254, 29282.009199999272823 ], [ 28662.806099999696016, 29286.080199999734759 ], [ 28663.779500000178814, 29287.606599999591708 ], [ 28643.721699999645352, 29300.387199999764562 ], [ 28646.746299999766052, 29305.13399999961257 ], [ 28667.284900000318885, 29292.042400000616908 ], [ 28664.776200000196695, 29303.310399999842048 ], [ 28648.392099999822676, 29313.759199999272823 ], [ 28651.550200000405312, 29318.712999999523163 ], [ 28664.635499999858439, 29310.368100000545382 ], [ 28664.850599999539554, 29310.705399999395013 ], [ 28670.58420000039041, 29307.049000000581145 ], [ 28670.369099999777973, 29306.71169999986887 ], [ 28683.964700000360608, 29298.041200000792742 ], [ 28680.805700000375509, 29293.087600000202656 ], [ 28675.486999999731779, 29296.479599999263883 ], [ 28675.02419999986887, 29295.753799999132752 ], [ 28677.284699999727309, 29285.668400000780821 ], [ 28680.737099999561906, 29283.467700000852346 ], [ 28678.636199999600649, 29280.1706000007689 ], [ 28678.704199999570847, 29279.865499999374151 ], [ 28678.921400000341237, 29279.726999999955297 ], [ 28678.940200000070035, 29279.643200000748038 ], [ 28680.870799999684095, 29278.412900000810623 ], [ 28679.646200000308454, 29276.492799999192357 ], [ 28680.964499999769032, 29270.608300000429153 ], [ 28690.121500000357628, 29264.768600000068545 ], [ 28690.413900000043213, 29264.833300000056624 ], [ 28693.110999999567866, 29263.114000000059605 ], [ 28695.446000000461936, 29266.775399999693036 ], [ 28695.442300000227988, 29266.955700000748038 ], [ 28697.169200000353158, 29269.663699999451637 ], [ 28697.928199999965727, 29269.179700000211596 ], [ 28703.816499999724329, 29278.412900000810623 ], [ 28686.664300000295043, 29289.351500000804663 ], [ 28689.821700000204146, 29294.30599999986589 ], [ 28714.058600000105798, 29278.849199999123812 ], [ 28705.011099999770522, 29264.663899999111891 ], [ 28705.769299999810755, 29264.179099999368191 ], [ 28704.293300000019372, 29261.864499999210238 ], [ 28705.833999999798834, 29254.985300000756979 ], [ 28708.716799999587238, 29253.146900000050664 ], [ 28708.777900000102818, 29252.870600000023842 ], [ 28721.494800000451505, 29244.760600000619888 ], [ 28721.813799999654293, 29245.260700000450015 ], [ 28729.909099999815226, 29240.10080000013113 ], [ 28729.588899999856949, 29239.598699999973178 ], [ 28736.471599999815226, 29235.209400000050664 ], [ 28742.310399999842048, 29227.433800000697374 ], [ 28742.071899999864399, 29229.530600000172853 ], [ 28741.77350000012666, 29229.496700000017881 ], [ 28741.603900000452995, 29230.986999999731779 ], [ 28741.902300000190735, 29231.020999999716878 ], [ 28736.636500000022352, 29277.296700000762939 ], [ 28733.552699999883771, 29279.261600000783801 ], [ 28733.149100000038743, 29278.629499999806285 ], [ 28730.112800000235438, 29280.564200000837445 ], [ 28729.010499999858439, 29278.834300000220537 ], [ 28683.110299999825656, 29308.090800000354648 ], [ 28684.776999999769032, 29310.705000000074506 ], [ 28643.735999999567866, 29336.865800000727177 ], [ 28637.909900000318885, 29327.722400000318885 ], [ 28644.397699999623001, 29323.588400000706315 ], [ 28640.994599999859929, 29318.247500000521541 ], [ 28607.850700000301003, 29339.365599999204278 ], [ 28611.254200000315905, 29344.707000000402331 ], [ 28630.235500000417233, 29332.612400000914931 ], [ 28636.062400000169873, 29341.757099999114871 ] ] ] } },
{ "type": "Feature", "properties": { "TYP_CD": 0, "STN_NAM": null, "ATTACHEMEN": null, "TYP_CD_DES": "MRT", "STN_NAM_DE": "HAVELOCK MRT STATION" }, "geometry": { "type": "Polygon", "coordinates": [ [ [ 28031.533800000324845, 30312.1568 ], [ 28046.344700000248849, 30306.060200000181794 ], [ 28046.496899999678135, 30306.430099999532104 ], [ 28059.350599999539554, 30301.139299999922514 ], [ 28053.94550000037998, 30288.008199999108911 ], [ 28041.091900000348687, 30293.299100000411272 ], [ 28041.244099999777973, 30293.668899999931455 ], [ 28026.2489, 30299.841299999505281 ], [ 28023.336600000038743, 30296.66579999960959 ], [ 28023.941599999554455, 30245.532199999317527 ], [ 28025.941399999894202, 30245.555900000035763 ], [ 28025.972099999897182, 30242.96680000051856 ], [ 28029.929299999959767, 30241.352099999785423 ], [ 28030.061499999836087, 30241.676200000569224 ], [ 28035.686300000175834, 30239.380999999120831 ], [ 28035.894100000150502, 30239.890300000086427 ], [ 28073.624099999666214, 30224.495100000873208 ], [ 28069.676099999807775, 30214.819499999284744 ], [ 28032.03870000038296, 30230.176999999210238 ], [ 28032.378700000233948, 30231.010299999266863 ], [ 28027.05350000038743, 30233.183100000023842 ], [ 28026.098699999973178, 30232.264399999752641 ], [ 28026.138500000350177, 30228.897099999710917 ], [ 28024.138700000010431, 30228.873500000685453 ], [ 28024.166000000201166, 30226.5636 ], [ 28024.61600000038743, 30226.568900000303984 ], [ 28024.66330000013113, 30222.569199999794364 ], [ 28024.213299999944866, 30222.56389999948442 ], [ 28024.875799999572337, 30166.567800000309944 ], [ 28025.325799999758601, 30166.573100000619888 ], [ 28025.373100000433624, 30162.573400000110269 ], [ 28024.923200000077486, 30162.568099999800324 ], [ 28025.243700000457466, 30135.474999999627471 ], [ 28025.643699999898672, 30135.479699999094009 ], [ 28025.845499999821186, 30118.425899999216199 ], [ 28039.944500000216067, 30118.592700000852346 ], [ 28041.872899999842048, 29955.599799999967217 ], [ 28064.724000000394881, 29927.476600000634789 ], [ 28065.073300000280142, 29927.76039999909699 ], [ 28067.595700000412762, 29924.655999999493361 ], [ 28067.246500000357628, 29924.372199999168515 ], [ 28068.906600000336766, 29922.32909999974072 ], [ 28068.518600000068545, 29915.849099999293685 ], [ 28067.725200000219047, 29915.145199999213219 ], [ 28067.430200000293553, 29910.217599999159575 ], [ 28061.341099999845028, 29910.582100000232458 ], [ 28061.535299999639392, 29913.82630000077188 ], [ 28053.749200000427663, 29914.292400000616908 ], [ 28054.512400000356138, 29927.040899999439716 ], [ 28036.028300000354648, 29949.789599999785423 ], [ 28024.161399999633431, 29949.64919999986887 ], [ 28024.183100000023842, 29936.555700000375509 ], [ 28015.083100000396371, 29936.540599999949336 ], [ 28015.061599999666214, 29949.541500000283122 ], [ 28014.661600000225008, 29949.540899999439716 ], [ 28014.63399999961257, 29966.13260000012815 ], [ 28012.030199999921024, 29966.101800000295043 ], [ 28011.082799999974668, 30003.723999999463558 ], [ 28016.668399999849498, 30003.86460000090301 ], [ 28017.885499999858439, 30005.11089999973774 ], [ 28016.935399999842048, 30085.411100000143051 ], [ 28015.786199999973178, 30086.533500000834465 ], [ 28003.570299999788404, 30085.165999999269843 ], [ 28000.332899999804795, 30114.085400000214577 ], [ 28003.41370000038296, 30114.430299999192357 ], [ 28001.26659999974072, 30133.610500000417233 ], [ 28017.044300000183284, 30135.376700000837445 ], [ 28015.071800000034273, 30302.091299999505281 ], [ 28013.871899999678135, 30302.077099999412894 ], [ 28013.802099999971688, 30307.976700000464916 ], [ 28015.002000000327826, 30307.990900000557303 ], [ 28014.955000000074506, 30311.96059999987483 ], [ 28031.533800000324845, 30312.1568 ] ] ] } },
{ "type": "Feature", "properties": { "TYP_CD": 0, "STN_NAM": null, "ATTACHEMEN": null, "TYP_CD_DES": "MRT", "STN_NAM_DE": "STEVENS MRT STATION" }, "geometry": { "type": "Polygon", "coordinates": [ [ [ 27111.960500000044703, 33611.740199999883771 ], [ 27137.22829999960959, 33615.173599999397993 ], [ 27137.682099999859929, 33611.834100000560284 ], [ 27138.897499999962747, 33611.999299999326468 ], [ 27140.092799999751151, 33603.856300000101328 ], [ 27138.245199999772012, 33603.605200000107288 ], [ 27138.568300000391901, 33601.227099999785423 ], [ 27139.955599999986589, 33601.415599999949336 ], [ 27141.840699999593198, 33587.542700000107288 ], [ 27140.4534, 33587.354199999943376 ], [ 27153.083200000226498, 33494.408700000494719 ], [ 27152.786000000312924, 33494.368300000205636 ], [ 27157.684399999678135, 33458.319499999284744 ], [ 27168.657599999569356, 33454.680700000375509 ], [ 27168.407700000330806, 33453.926699999719858 ], [ 27182.903400000184774, 33449.119799999520183 ], [ 27180.264200000092387, 33441.161100000143051 ], [ 27191.918399999849498, 33437.296399999409914 ], [ 27187.03969999961555, 33422.58420000039041 ], [ 27161.965499999932945, 33430.899100000038743 ], [ 27160.776399999856949, 33430.737600000575185 ], [ 27160.139899999834597, 33435.421700000762939 ], [ 27136.611999999731779, 33432.224700000137091 ], [ 27136.190600000321865, 33435.325799999758601 ], [ 27136.364000000059605, 33438.134700000286102 ], [ 27129.158999999985099, 33491.157800000160933 ], [ 27128.861700000241399, 33491.11739999987185 ], [ 27124.425099999643862, 33523.767400000244379 ], [ 27116.402700000442564, 33522.677300000563264 ], [ 27091.62430000025779, 33523.874099999666214 ], [ 27092.159799999557436, 33534.96169999986887 ], [ 27082.25829999987036, 33535.439999999478459 ], [ 27082.666000000201166, 33543.880899999290705 ], [ 27108.663099999539554, 33542.6239 ], [ 27111.319600000046194, 33545.529999999329448 ], [ 27109.8761, 33556.153300000354648 ], [ 27119.884100000374019, 33557.513199999928474 ], [ 27113.296500000171363, 33605.992599999532104 ], [ 27112.379900000058115, 33608.653500000014901 ], [ 27111.960500000044703, 33611.740199999883771 ] ] ] } },
{ "type": "Feature", "properties": { "TYP_CD": 0, "STN_NAM": null, "ATTACHEMEN": null, "TYP_CD_DES": "MRT", "STN_NAM_DE": "NAPIER MRT STATION" }, "geometry": { "type": "Polygon", "coordinates": [ [ [ 26413.24100000038743, 32162.437599999830127 ], [ 26411.410000000149012, 32159.369000000879169 ], [ 26411.823699999600649, 32158.707900000736117 ], [ 26425.450199999846518, 32155.462600000202656 ], [ 26425.367600000463426, 32155.11570000089705 ], [ 26426.943699999712408, 32154.710200000554323 ], [ 26463.416000000201166, 32145.651900000870228 ], [ 26459.456399999558926, 32129.70890000090003 ], [ 26431.321899999864399, 32136.696399999782443 ], [ 26430.481100000441074, 32136.064600000157952 ], [ 26429.963499999605119, 32135.677200000733137 ], [ 26429.446700000204146, 32135.288899999111891 ], [ 26428.929100000299513, 32134.901499999687076 ], [ 26428.043200000189245, 32134.23589999973774 ], [ 26426.671500000171363, 32132.864099999889731 ], [ 26426.893699999898672, 32109.807399999350309 ], [ 26426.057400000281632, 32108.386700000613928 ], [ 26426.18099999986589, 32095.554300000891089 ], [ 26440.656999999657273, 32088.675599999725819 ], [ 26441.229399999603629, 32088.638100000098348 ], [ 26443.854600000195205, 32089.002100000157952 ], [ 26444.534400000236928, 32088.820000000298023 ], [ 26467.182599999941885, 32083.19510000012815 ], [ 26463.224799999967217, 32067.259199999272823 ], [ 26426.138100000098348, 32076.470000000670552 ], [ 26426.2955, 32056.255200000479817 ], [ 26426.787999999709427, 32056.255200000479817 ], [ 26426.787999999709427, 32054.36849999986589 ], [ 26382.760300000198185, 32053.944099999964237 ], [ 26382.501000000163913, 32080.850099999457598 ], [ 26382.701000000350177, 32080.850099999457598 ], [ 26382.378600000403821, 32114.299499999731779 ], [ 26382.133600000292063, 32114.299499999731779 ], [ 26381.393899999558926, 32191.037299999967217 ], [ 26412.96239999961108, 32191.341600000858307 ], [ 26413.24100000038743, 32162.437599999830127 ] ] ] } },
{ "type": "Feature", "properties": { "TYP_CD": 0, "STN_NAM": null, "ATTACHEMEN": null, "TYP_CD_DES": "MRT", "STN_NAM_DE": "MOUNT PLEASANT MRT STATION" }, "geometry": { "type": "Polygon", "coordinates": [ [ [ 28159.47829999960959, 34554.660099999979138 ], [ 28159.47829999960959, 34554.660000000149012 ], [ 28166.356499999761581, 34532.398399999365211 ], [ 28228.263799999840558, 34551.526000000536442 ], [ 28228.352300000376999, 34551.239299999549985 ], [ 28228.352800000458956, 34551.239499999210238 ], [ 28270.99349999986589, 34564.414200000464916 ], [ 28270.867999999783933, 34564.820299999788404 ], [ 28297.620199999772012, 34573.085899999365211 ], [ 28304.660799999721348, 34550.298800000920892 ], [ 28277.909400000236928, 34542.033399999141693 ], [ 28277.783900000154972, 34542.439500000327826 ], [ 28270.044099999591708, 34540.048100000247359 ], [ 28277.010900000110269, 34517.499800000339746 ], [ 28241.444799999706447, 34506.510900000110269 ], [ 28236.639499999582767, 34522.0636 ], [ 28235.513899999670684, 34522.657800000160933 ], [ 28233.706699999980628, 34528.506899999454618 ], [ 28164.346900000236928, 34507.076700000092387 ], [ 28164.258399999700487, 34507.363399999216199 ], [ 28116.481800000183284, 34492.601800000295043 ], [ 28092.595999999903142, 34485.221799999475479 ], [ 28085.806300000287592, 34507.19679999910295 ], [ 28109.692200000397861, 34514.576799999922514 ], [ 28118.982800000347197, 34517.447300000116229 ], [ 28112.017, 34539.995899999514222 ], [ 28159.47829999960959, 34554.660099999979138 ] ] ] } },
{ "type": "Feature", "properties": { "TYP_CD": 0, "STN_NAM": null, "ATTACHEMEN": null, "TYP_CD_DES": "MRT", "STN_NAM_DE": "SHENTON WAY MRT STATION" }, "geometry": { "type": "Polygon", "coordinates": [ [ [ 29964.45380000025034, 28895.015100000426173 ], [ 29965.482699999585748, 28896.612400000914931 ], [ 29966.951000000350177, 28895.666600000113249 ], [ 29971.279299999587238, 28902.382799999788404 ], [ 30040.953300000168383, 28857.504699999466538 ], [ 30051.565700000151992, 28873.980599999427795 ], [ 30058.400799999944866, 28869.578099999576807 ], [ 30053.718500000424683, 28862.308700000867248 ], [ 30057.560300000011921, 28859.834100000560284 ], [ 30047.469200000166893, 28843.613500000908971 ], [ 29995.261900000274181, 28877.24100000038743 ], [ 29964.708100000396371, 28829.805700000375509 ], [ 29957.873599999584258, 28834.207900000736117 ], [ 29962.553700000047684, 28841.473799999803305 ], [ 29958.711400000378489, 28843.948699999600649 ], [ 29968.778199999593198, 28859.5777000002563 ], [ 29949.840699999593198, 28871.775499999523163 ], [ 29950.247100000269711, 28872.406500000506639 ], [ 29925.775299999862909, 28888.158500000834465 ], [ 29913.61699999962002, 28869.296399999409914 ], [ 29839.434899999760091, 28917.078099999576807 ], [ 29846.609899999573827, 28928.217299999669194 ], [ 29846.357699999585748, 28928.379799999296665 ], [ 29851.339499999769032, 28936.114199999719858 ], [ 29848.186499999836087, 28938.145099999383092 ], [ 29862.644700000062585, 28960.591700000688434 ], [ 29964.45380000025034, 28895.015100000426173 ] ] ] } },
{ "type": "Feature", "properties": { "TYP_CD": 0, "STN_NAM": null, "ATTACHEMEN": null, "TYP_CD_DES": "MRT", "STN_NAM_DE": "MARINA SOUTH MRT STATION" }, "geometry": { "type": "Polygon", "coordinates": [ [ [ 31298.676599999889731, 28503.437999999150634 ], [ 31346.385999999940395, 28572.421299999579787 ], [ 31346.811300000175834, 28572.147299999371171 ], [ 31365.648400000296533, 28601.287499999627471 ], [ 31397.637299999594688, 28580.686499999836087 ], [ 31401.746100000105798, 28574.747800000011921 ], [ 31428.435100000351667, 28593.212899999693036 ], [ 31443.341900000348687, 28571.666999999433756 ], [ 31421.827499999664724, 28556.781999999657273 ], [ 31428.10840000025928, 28552.737099999561906 ], [ 31402.020200000144541, 28534.687699999660254 ], [ 31395.740100000053644, 28538.732100000604987 ], [ 31283.872200000099838, 28461.335999999195337 ], [ 31272.609899999573827, 28443.913799999281764 ], [ 31265.413900000043213, 28448.565500000491738 ], [ 31241.810700000263751, 28432.235300000756979 ], [ 31226.903900000266731, 28453.781300000846386 ], [ 31298.676599999889731, 28503.437999999150634 ] ] ] } },
{ "type": "Feature", "properties": { "TYP_CD": 0, "STN_NAM": null, "ATTACHEMEN": null, "TYP_CD_DES": "MRT", "STN_NAM_DE": "GARDENS BY THE BAY MRT STATION" }, "geometry": { "type": "Polygon", "coordinates": [ [ [ 31844.245699999853969, 29077.369899999350309 ], [ 31844.056400000117719, 29078.921099999919534 ], [ 31848.228699999861419, 29085.375399999320507 ], [ 31849.71999999973923, 29085.840299999341369 ], [ 31893.13329999987036, 29152.993599999696016 ], [ 31890.856900000013411, 29154.465199999511242 ], [ 31900.234899999573827, 29168.972599999979138 ], [ 31899.483, 29169.458699999377131 ], [ 31919.936099999584258, 29201.098899999633431 ], [ 31925.476099999621511, 29202.288599999621511 ], [ 31950.052000000141561, 29240.305500000715256 ], [ 31970.033499999903142, 29227.388900000602007 ], [ 31950.665900000371039, 29197.444099999964237 ], [ 31933.795199999585748, 29190.855200000107288 ], [ 31905.309700000099838, 29146.789499999955297 ], [ 31923.155299999751151, 29135.253599999472499 ], [ 31887.449699999764562, 29080.017500000074506 ], [ 31881.104899999685585, 29084.119000000879169 ], [ 31861.871600000187755, 29054.365900000557303 ], [ 31859.611200000159442, 29055.826999999582767 ], [ 31847.667299999855459, 29037.351600000634789 ], [ 31856.148699999786913, 29031.869000000879169 ], [ 31849.46999999973923, 29021.539899999275804 ], [ 31840.988800000399351, 29027.022600000724196 ], [ 31766.792899999767542, 28912.252000000327826 ], [ 31746.133500000461936, 28925.606799999251962 ], [ 31750.68030000012368, 28932.640000000596046 ], [ 31742.085099999792874, 28938.19620000012219 ], [ 31749.210400000214577, 28949.218699999153614 ], [ 31748.790599999949336, 28949.490000000223517 ], [ 31749.224899999797344, 28950.16190000064671 ], [ 31749.644700000062585, 28949.89049999974668 ], [ 31762.350499999709427, 28969.546000000089407 ], [ 31770.946700000204146, 28963.989299999549985 ], [ 31792.019100000150502, 28996.587500000372529 ], [ 31789.706100000068545, 28998.082699999213219 ], [ 31784.860000000335276, 28990.585799999535084 ], [ 31778.569799999706447, 28994.652000000700355 ], [ 31812.173799999989569, 29046.63260000012815 ], [ 31820.777400000020862, 29041.070299999788404 ], [ 31844.245699999853969, 29077.369899999350309 ] ] ] } },
{ "type": "Feature", "properties": { "TYP_CD": 0, "STN_NAM": null, "ATTACHEMEN": null, "TYP_CD_DES": "MRT", "STN_NAM_DE": "GREAT WORLD MRT STATION" }, "geometry": { "type": "Polygon", "coordinates": [ [ [ 28006.137600000016391, 30937.746700000017881 ], [ 27993.497100000269711, 30970.615000000223517 ], [ 27988.681499999947846, 30971.252000000327826 ], [ 27989.284699999727309, 30975.81220000050962 ], [ 28000.873300000093877, 30974.279400000348687 ], [ 28015.4227, 30936.447599999606609 ], [ 28017.229500000365078, 30936.194900000467896 ], [ 28025.691700000315905, 30854.495899999514222 ], [ 28025.68059999961406, 30851.691800000146031 ], [ 28025.680499999783933, 30851.691800000146031 ], [ 28027.042299999855459, 30838.545299999415874 ], [ 28051.838000000454485, 30717.012700000777841 ], [ 28058.794700000435114, 30718.432000000029802 ], [ 28067.357900000177324, 30676.46059999987483 ], [ 28081.96889999974519, 30649.602900000289083 ], [ 28054.759700000286102, 30634.800599999725819 ], [ 28053.290000000037253, 30637.502100000157952 ], [ 28050.810300000011921, 30650.354499999433756 ], [ 28039.02240000013262, 30648.080099999904633 ], [ 28036.039300000295043, 30662.701199999079108 ], [ 27958.059200000017881, 30618.525399999693036 ], [ 27957.290300000458956, 30615.746999999508262 ], [ 27964.660899999551475, 30602.736300000920892 ], [ 27954.246899999678135, 30586.503599999472499 ], [ 27957.234799999744, 30584.58669999986887 ], [ 27952.752799999900162, 30577.600899999961257 ], [ 27942.652800000272691, 30584.080800000578165 ], [ 27944.596800000406802, 30587.110799999907613 ], [ 27941.607300000265241, 30589.028699999675155 ], [ 27951.871700000017881, 30605.02419999986887 ], [ 27943.542899999767542, 30619.726299999281764 ], [ 27961.85329999960959, 30630.099199999123812 ], [ 27962.289200000464916, 30631.674300000071526 ], [ 27945.255699999630451, 30661.742200000211596 ], [ 27945.081699999980628, 30661.643600000068545 ], [ 27943.553700000047684, 30664.340900000184774 ], [ 27943.727699999697506, 30664.439500000327826 ], [ 27938.1579, 30674.27140000090003 ], [ 27937.983900000341237, 30674.172900000587106 ], [ 27936.455900000408292, 30676.870100000873208 ], [ 27936.629900000058115, 30676.968699999153614 ], [ 27936.013799999840558, 30678.05629999935627 ], [ 27935.839700000360608, 30677.957699999213219 ], [ 27918.982499999925494, 30707.714600000530481 ], [ 27925.421099999919534, 30711.362099999561906 ], [ 27928.24170000012964, 30706.383099999278784 ], [ 27930.286199999973178, 30705.817299999296665 ], [ 27943.583499999716878, 30682.344599999487 ], [ 27942.104299999773502, 30681.506599999964237 ], [ 27968.066100000403821, 30635.678300000727177 ], [ 27970.508600000292063, 30635.002399999648333 ], [ 28034.315700000151992, 30671.149100000038743 ], [ 28033.339200000278652, 30675.935499999672174 ], [ 28035.923000000417233, 30676.462700000032783 ], [ 28009.545300000347197, 30805.749299999326468 ], [ 28000.922899999655783, 30803.990100000053644 ], [ 27991.744199999608099, 30848.97829999960959 ], [ 27998.295400000177324, 30850.314899999648333 ], [ 27997.260200000368059, 30855.383400000631809 ], [ 27996.453700000420213, 30859.50029999949038 ], [ 27995.670699999667704, 30863.629499999806285 ], [ 27994.915599999949336, 30867.768799999728799 ], [ 27994.191999999806285, 30871.918600000441074 ], [ 27993.608099999837577, 30875.266499999910593 ], [ 28008.595800000242889, 30878.324400000274181 ], [ 28005.03969999961555, 30912.6568 ], [ 27966.271399999968708, 30918.080600000917912 ], [ 27969.735299999825656, 30942.839500000700355 ], [ 28006.137600000016391, 30937.746700000017881 ] ] ] } },
{ "type": "Feature", "properties": { "TYP_CD": 0, "STN_NAM": null, "ATTACHEMEN": null, "TYP_CD_DES": "MRT", "STN_NAM_DE": "MAXWELL MRT STATION" }, "geometry": { "type": "Polygon", "coordinates": [ [ [ 29241.485100000165403, 29265.54450000077486 ], [ 29287.322900000028312, 29277.095100000500679 ], [ 29300.543300000019372, 29268.596300000324845 ], [ 29287.942300000227988, 29248.994699999690056 ], [ 29248.18030000012368, 29238.975099999457598 ], [ 29248.424700000323355, 29238.005400000140071 ], [ 29233.297600000165403, 29234.193499999120831 ], [ 29236.333599999547005, 29222.145199999213219 ], [ 29161.57079999987036, 29203.305700000375509 ], [ 29161.497499999590218, 29203.596599999815226 ], [ 29111.946600000374019, 29191.110300000756979 ], [ 29115.244900000281632, 29178.019600000232458 ], [ 29077.281999999657273, 29168.453099999576807 ], [ 29076.426799999549985, 29171.846999999135733 ], [ 29059.86809999961406, 29167.674399999901652 ], [ 29055.276800000108778, 29185.894500000402331 ], [ 29054.007000000216067, 29185.246700000017881 ], [ 29053.325400000438094, 29186.582900000736117 ], [ 29117.215800000354648, 29219.173499999567866 ], [ 29119.017, 29219.627399999648333 ], [ 29119.090300000272691, 29219.336500000208616 ], [ 29155.235999999567866, 29228.44480000063777 ], [ 29155.162700000219047, 29228.735700000077486 ], [ 29188.035099999979138, 29237.019200000911951 ], [ 29187.427600000053644, 29239.42989999987185 ], [ 29177.327899999916553, 29249.274399999529123 ], [ 29176.594899999909103, 29252.183499999344349 ], [ 29193.164900000207126, 29256.358899999409914 ], [ 29191.1705, 29264.273299999535084 ], [ 29200.456100000068545, 29273.723300000652671 ], [ 29200.705799999646842, 29273.478000000119209 ], [ 29214.233099999837577, 29287.244300000369549 ], [ 29220.28870000038296, 29281.293999999761581 ], [ 29208.024299999698997, 29268.81220000050962 ], [ 29211.483900000341237, 29265.412699999287724 ], [ 29206.086099999956787, 29259.921299999579787 ], [ 29206.158699999563396, 29259.633300000801682 ], [ 29240.776499999687076, 29268.356599999591708 ], [ 29241.485100000165403, 29265.54450000077486 ] ] ] } },
{ "type": "Feature", "properties": { "TYP_CD": 0, "STN_NAM": null, "ATTACHEMEN": null, "TYP_CD_DES": "MRT", "STN_NAM_DE": "MARINA BAY MRT STATION" }, "geometry": { "type": "Polygon", "coordinates": [ [ [ 30431.699000000022352, 28617.989199999719858 ], [ 30456.71030000038445, 28601.879000000655651 ], [ 30451.809700000099838, 28594.270800000056624 ], [ 30473.457100000232458, 28580.32740000076592 ], [ 30479.792600000277162, 28590.163599999621511 ], [ 30523.551099999807775, 28561.97829999960959 ], [ 30521.818300000391901, 28559.288100000470877 ], [ 30537.034799999557436, 28549.486899999901652 ], [ 30532.269600000232458, 28542.088700000196695 ], [ 30552.446299999952316, 28529.092599999159575 ], [ 30555.966199999675155, 28534.557299999520183 ], [ 30563.616600000299513, 28529.629599999636412 ], [ 30555.033300000242889, 28516.303999999538064 ], [ 30555.453700000420213, 28516.03319999948144 ], [ 30548.139899999834597, 28504.67850000038743 ], [ 30554.361100000329316, 28500.671299999579787 ], [ 30547.081399999558926, 28489.369400000199676 ], [ 30540.8602, 28493.376499999314547 ], [ 30540.438799999654293, 28492.722100000828505 ], [ 30540.699500000104308, 28491.517400000244379 ], [ 30554.721300000324845, 28482.485799999907613 ], [ 30550.714100000448525, 28476.264599999412894 ], [ 30571.899699999950826, 28462.618699999526143 ], [ 30566.809600000269711, 28454.716199999675155 ], [ 30524.396200000308454, 28482.035199999809265 ], [ 30530.567900000140071, 28491.616900000721216 ], [ 30513.451200000010431, 28502.641899999231 ], [ 30516.43099999986589, 28507.268100000917912 ], [ 30510.512500000186265, 28511.080199999734759 ], [ 30510.674899999983609, 28511.332499999552965 ], [ 30439.888100000098348, 28556.927200000733137 ], [ 30438.55599999986589, 28554.858999999240041 ], [ 30416.46129999961704, 28569.090500000864267 ], [ 30406.860700000077486, 28598.338899999856949 ], [ 30373.287899999879301, 28619.963600000366569 ], [ 30371.079199999570847, 28616.533099999651313 ], [ 30367.75829999987036, 28618.672199999913573 ], [ 30345.558100000023842, 28584.205800000578165 ], [ 30339.060999999754131, 28582.799499999731779 ], [ 30333.130199999548495, 28573.59180000051856 ], [ 30326.194799999706447, 28578.058900000527501 ], [ 30336.104500000365078, 28593.443900000303984 ], [ 30335.515999999828637, 28593.823000000789762 ], [ 30356.282800000160933, 28626.063699999824166 ], [ 30320.560700000263751, 28649.072799999266863 ], [ 30333.692499999888241, 28671.410800000652671 ], [ 30329.667700000107288, 28695.497600000351667 ], [ 30330.160899999551475, 28695.579900000244379 ], [ 30320.723899999633431, 28752.20890000090003 ], [ 30329.518299999646842, 28764.523900000378489 ], [ 30339.322399999946356, 28766.158999999985099 ], [ 30337.224899999797344, 28778.735300000756979 ], [ 30345.963800000026822, 28780.192700000479817 ], [ 30355.355200000107288, 28723.895500000566244 ], [ 30342.394199999980628, 28721.733999999240041 ], [ 30350.889999999664724, 28670.778300000354648 ], [ 30363.855899999849498, 28672.939799999818206 ], [ 30366.702499999664724, 28655.875900000333786 ], [ 30390.454400000162423, 28659.837700000032783 ], [ 30380.404299999587238, 28720.08530000038445 ], [ 30417.146099999547005, 28726.214500000700355 ], [ 30413.307300000451505, 28749.226399999111891 ], [ 30422.147300000302494, 28750.700899999588728 ], [ 30446.196899999864399, 28788.019200000911951 ], [ 30492.751899999566376, 28758.017100000753999 ], [ 30480.265599999576807, 28738.642000000923872 ], [ 30482.451700000092387, 28737.23450000025332 ], [ 30480.178100000135601, 28733.703099999576807 ], [ 30477.990500000305474, 28735.111500000581145 ], [ 30475.417399999685585, 28731.11879999935627 ], [ 30476.25800000037998, 28730.577099999412894 ], [ 30463.045300000347197, 28710.064099999144673 ], [ 30470.617700000293553, 28705.186599999666214 ], [ 30443.206500000320375, 28662.61710000038147 ], [ 30455.3898, 28654.769700000062585 ], [ 30431.699000000022352, 28617.989199999719858 ] ] ] } },
{ "type": "Feature", "properties": { "TYP_CD": 0, "STN_NAM": null, "ATTACHEMEN": null, "TYP_CD_DES": "MRT", "STN_NAM_DE": "ORCHARD BOULEVARD MRT STATION" }, "geometry": { "type": "Polygon", "coordinates": [ [ [ 26937.379999999888241, 31746.394300000742078 ], [ 26924.569199999794364, 31744.660399999469519 ], [ 26919.605399999767542, 31739.088300000876188 ], [ 26917.935200000181794, 31652.065500000491738 ], [ 27003.026899999938905, 31669.155999999493361 ], [ 27005.616200000047684, 31670.23200000077486 ], [ 27009.859799999744, 31671.083699999377131 ], [ 27016.839300000108778, 31636.333799999207258 ], [ 26902.130099999718368, 31613.294800000265241 ], [ 26895.150500000454485, 31648.044700000435114 ], [ 26899.394600000232458, 31648.897099999710917 ], [ 26902.197900000028312, 31648.902699999511242 ], [ 26909.701999999582767, 31650.412000000476837 ], [ 26911.465099999681115, 31742.278100000694394 ], [ 26920.668200000189245, 31752.608999999240041 ], [ 26926.541799999773502, 31753.403999999165535 ], [ 26920.49280000012368, 31798.096499999985099 ], [ 26930.204199999570847, 31799.410900000482798 ], [ 26937.379999999888241, 31746.394300000742078 ] ] ] } },
{ "type": "Feature", "properties": { "TYP_CD": 0, "STN_NAM": null, "ATTACHEMEN": null, "TYP_CD_DES": "MRT", "STN_NAM_DE": "ORCHARD MRT STATION" }, "geometry": { "type": "Polygon", "coordinates": [ [ [ 27769.777800000272691, 31733.751199999824166 ], [ 27770.953900000080466, 31734.746700000017881 ], [ 27795.596400000154972, 31768.474700000137091 ], [ 27795.210699999704957, 31770.959799999371171 ], [ 27773.767699999734759, 31786.889000000432134 ], [ 27711.401600000448525, 31819.672499999403954 ], [ 27684.293899999931455, 31834.105599999427795 ], [ 27688.981900000013411, 31842.910399999469519 ], [ 27709.627600000239909, 31831.917799999937415 ], [ 27716.0625, 31828.491599999368191 ], [ 27728.548700000159442, 31821.928099999204278 ], [ 27729.386199999600649, 31823.521299999207258 ], [ 27745.150200000032783, 31815.234799999744 ], [ 27746.954800000414252, 31815.854800000786781 ], [ 27755.013600000180304, 31825.39949999935925 ], [ 27761.737499999813735, 31819.722400000318885 ], [ 27754.438699999824166, 31811.077899999916553 ], [ 27752.476400000043213, 31807.344900000840425 ], [ 27778.146999999880791, 31793.85080000013113 ], [ 27822.186700000427663, 31761.135299999266863 ], [ 27831.280600000172853, 31753.037200000137091 ], [ 27832.391099999658763, 31754.284299999475479 ], [ 27840.456500000320375, 31747.064200000837445 ], [ 27839.763799999840558, 31746.286299999803305 ], [ 27851.823800000362098, 31735.546900000423193 ], [ 27852.489799999631941, 31736.292099999263883 ], [ 27865.788499999791384, 31724.388000000268221 ], [ 27865.868200000375509, 31723.326400000602007 ], [ 27865.644199999980628, 31723.169600000604987 ], [ 27866.192699999548495, 31716.963600000366569 ], [ 27861.931099999696016, 31716.586899999529123 ], [ 27859.581699999980628, 31718.926999999210238 ], [ 27817.875, 31689.739299999549985 ], [ 27842.124499999918044, 31661.092700000852346 ], [ 27847.819899999536574, 31665.913799999281764 ], [ 27872.716699999757111, 31643.316899999976158 ], [ 27864.67339999973774, 31634.455000000074506 ], [ 27865.802899999544024, 31633.120799999684095 ], [ 27865.650200000032783, 31632.991599999368191 ], [ 27882.811900000087917, 31612.718000000342727 ], [ 27882.848100000061095, 31604.376900000497699 ], [ 27878.162899999879301, 31600.410900000482798 ], [ 27881.425699999555945, 31596.556399999186397 ], [ 27858.986100000329316, 31577.561000000685453 ], [ 27855.25040000025183, 31581.974099999293685 ], [ 27847.204300000332296, 31587.609799999744 ], [ 27837.941599999554455, 31598.55210000090301 ], [ 27833.713299999944866, 31607.416400000452995 ], [ 27831.986299999989569, 31609.456599999219179 ], [ 27831.833700000308454, 31609.32740000076592 ], [ 27781.45920000039041, 31668.836100000888109 ], [ 27773.413200000301003, 31674.471799999475479 ], [ 27764.11699999962002, 31685.453600000590086 ], [ 27759.887199999764562, 31694.319700000807643 ], [ 27752.905500000342727, 31702.567399999126792 ], [ 27737.414200000464916, 31689.453999999910593 ], [ 27726.922600000165403, 31697.548800000920892 ], [ 27711.589800000190735, 31677.676300000399351 ], [ 27690.696000000461936, 31693.79700000025332 ], [ 27723.900100000202656, 31736.832399999722838 ], [ 27722.538900000043213, 31738.440300000831485 ], [ 27747.646099999547005, 31759.693800000473857 ], [ 27756.660099999979138, 31749.045399999246001 ], [ 27756.989500000141561, 31746.26490000076592 ], [ 27763.942499999888241, 31738.051100000739098 ], [ 27769.777800000272691, 31733.751199999824166 ] ] ] } },
{ "type": "Feature", "properties": { "TYP_CD": 0, "STN_NAM": null, "ATTACHEMEN": null, "TYP_CD_DES": "LRT", "STN_NAM_DE": "TECK WHYE LRT STATION" }, "geometry": { "type": "Polygon", "coordinates": [ [ [ 19139.896499999798834, 39834.449200000613928 ], [ 19133.654299999587238, 39835.707000000402331 ], [ 19127.654299999587238, 39837.996099999174476 ], [ 19118.617200000211596, 39841.953099999576807 ], [ 19118.619099999777973, 39862.847599999979138 ], [ 19158.980499999597669, 39862.839800000190735 ], [ 19159.035099999979138, 39838.183599999174476 ], [ 19158.550800000317395, 39837.867200000211596 ], [ 19158.958999999798834, 39838.292899999767542 ], [ 19158.419900000095367, 39837.941400000825524 ], [ 19152.507799999788404, 39835.636700000613928 ], [ 19146.277300000190735, 39834.535099999979138 ], [ 19139.896499999798834, 39834.449200000613928 ] ] ] } },
{ "type": "Feature", "properties": { "TYP_CD": 0, "STN_NAM": null, "ATTACHEMEN": null, "TYP_CD_DES": "LRT", "STN_NAM_DE": "TECK LEE LRT STATION" }, "geometry": { "type": "Polygon", "coordinates": [ [ [ 36135.717799999751151, 43829.073999999091029 ], [ 36167.441700000315905, 43886.280899999663234 ], [ 36180.494099999777973, 43879.0456000007689 ], [ 36148.773400000296533, 43821.838700000196695 ], [ 36135.717799999751151, 43829.073999999091029 ] ] ] } },
{ "type": "Feature", "properties": { "TYP_CD": 0, "STN_NAM": null, "ATTACHEMEN": null, "TYP_CD_DES": "MRT", "STN_NAM_DE": "TAN KAH KEE MRT STATION" }, "geometry": { "type": "Polygon", "coordinates": [ [ [ 25002.561900000087917, 34316.847100000828505 ], [ 25036.736299999989569, 34296.305600000545382 ], [ 25075.473600000143051, 34273.02140000090003 ], [ 25100.655199999921024, 34257.885299999266863 ], [ 25133.353000000119209, 34238.231399999931455 ], [ 25167.336400000378489, 34217.804700000211596 ], [ 25184.328200000338256, 34207.591399999335408 ], [ 25201.319899999536574, 34197.378000000491738 ], [ 25195.263500000350177, 34187.302200000733137 ], [ 25191.898900000378489, 34181.704600000753999 ], [ 25196.652800000272691, 34178.432199999690056 ], [ 25201.406700000166893, 34175.159900000318885 ], [ 25206.160600000061095, 34171.887499999254942 ], [ 25210.914599999785423, 34168.615199999883771 ], [ 25205.70990000013262, 34161.054099999368191 ], [ 25203.377199999988079, 34157.665300000458956 ], [ 25200.864799999631941, 34154.015300000086427 ], [ 25191.98340000025928, 34159.353700000792742 ], [ 25193.682599999941885, 34158.332299999892712 ], [ 25183.101999999955297, 34164.692099999636412 ], [ 25174.220599999651313, 34170.030500000342727 ], [ 25165.339200000278652, 34175.369000000879169 ], [ 25163.007299999706447, 34171.489399999380112 ], [ 25160.997499999590218, 34168.145800000056624 ], [ 25151.466699999757111, 34174.70920000039041 ], [ 25141.935899999924004, 34181.272700000554323 ], [ 25132.405100000090897, 34187.836100000888109 ], [ 25122.874400000087917, 34194.39949999935925 ], [ 25126.935499999672174, 34201.155899999663234 ], [ 25128.966099999845028, 34204.534099999815226 ], [ 25130.996600000187755, 34207.912299999967217 ], [ 25122.254300000146031, 34213.167099999263883 ], [ 25121.637699999846518, 34213.677300000563264 ], [ 25086.642500000074506, 34234.572599999606609 ], [ 25070.389999999664724, 34244.341600000858307 ], [ 25061.181699999608099, 34249.876499999314547 ], [ 25051.973399999551475, 34255.411499999463558 ], [ 25021.246899999678135, 34273.880499999970198 ], [ 25007.276399999856949, 34282.277799999341369 ], [ 24998.148400000296533, 34287.764399999752641 ], [ 25002.167700000107288, 34285.348600000143051 ], [ 24988.549100000411272, 34293.534399999305606 ], [ 24992.527300000190735, 34300.152799999341369 ], [ 24996.505499999970198, 34306.771199999377131 ], [ 25000.393000000156462, 34313.238800000399351 ], [ 25002.561900000087917, 34316.847100000828505 ] ] ] } },
{ "type": "Feature", "properties": { "TYP_CD": 0, "STN_NAM": null, "ATTACHEMEN": null, "TYP_CD_DES": "MRT", "STN_NAM_DE": "UPPER THOMSON MRT STATION" }, "geometry": { "type": "Polygon", "coordinates": [ [ [ 27808.115699999965727, 37518.204700000584126 ], [ 27811.571958772492508, 37520.594833950992324 ], [ 27814.678302581822209, 37523.424868074784172 ], [ 27817.379151424858719, 37526.644166217338352 ], [ 27819.62618058408043, 37530.195127349361428 ], [ 27821.37918527363945, 37534.014216188596038 ], [ 27822.606800000183284, 37538.033099999651313 ], [ 27825.614299999549985, 37537.279799999669194 ], [ 27827.363400000147521, 37535.851500000804663 ], [ 27833.405299999751151, 37543.250399999320507 ], [ 27845.375900000333786, 37533.475400000810623 ], [ 27823.586199999786913, 37506.791600000113249 ], [ 27823.819600000046194, 37506.176500000059605 ], [ 27823.539200000464916, 37506.070000000298023 ], [ 27850.719800000078976, 37434.455299999564886 ], [ 27850.747700000181794, 37434.504899999126792 ], [ 27858.999499999918044, 37429.871300000697374 ], [ 27870.297399999573827, 37449.99129999987781 ], [ 27873.694500000216067, 37448.083699999377131 ], [ 27873.69440000038594, 37448.083799999207258 ], [ 27873.876000000163913, 37447.43720000050962 ], [ 27873.8761, 37447.437000000849366 ], [ 27967.024299999698997, 37395.131599999964237 ], [ 27970.647499999962747, 37401.58390000090003 ], [ 28026.566999999806285, 37370.183499999344349 ], [ 28043.392799999564886, 37356.746500000357628 ], [ 28048.782200000248849, 37353.720200000330806 ], [ 28053.047899999655783, 37354.917999999597669 ], [ 28059.028699999675155, 37365.56900000013411 ], [ 28060.28000000026077, 37364.866399999707937 ], [ 28062.168100000359118, 37368.228900000452995 ], [ 28062.429700000211596, 37368.082000000402331 ], [ 28064.495199999772012, 37371.76039999909699 ], [ 28063.405299999751151, 37372.372500000521541 ], [ 28065.265800000168383, 37375.685799999162555 ], [ 28066.355800000019372, 37375.073799999430776 ], [ 28067.004499999806285, 37376.229100000113249 ], [ 28080.885700000450015, 37368.434399999678135 ], [ 28076.310300000011921, 37360.286199999973178 ], [ 28078.032300000078976, 37359.319199999794364 ], [ 28072.71889999974519, 37349.854499999433756 ], [ 28069.409199999645352, 37351.712999999523163 ], [ 28064.735799999907613, 37343.391000000759959 ], [ 28060.284799999557436, 37341.616499999538064 ], [ 28058.710799999535084, 37342.50029999949038 ], [ 28058.183699999935925, 37342.352299999445677 ], [ 28053.554999999701977, 37335.268300000578165 ], [ 28037.023599999956787, 37344.551200000569224 ], [ 28030.153500000014901, 37332.316800000146031 ], [ 28063.444299999624491, 37298.661199999973178 ], [ 28063.761699999682605, 37288.064600000157952 ], [ 28054.541699999943376, 37278.274700000882149 ], [ 28040.750300000421703, 37291.215600000694394 ], [ 28045.394999999552965, 37296.147399999201298 ], [ 28025.656600000336766, 37316.101999999955297 ], [ 28023.6864, 37314.010199999436736 ], [ 28033.5921, 37304.680299999192357 ], [ 28030.301099999807775, 37301.186200000345707 ], [ 28020.610399999655783, 37310.313500000163913 ], [ 28015.622700000181794, 37305.01799999922514 ], [ 28002.456799999810755, 37317.418899999931455 ], [ 28002.33739999961108, 37321.407500000670552 ], [ 28005.536299999803305, 37324.803700000047684 ], [ 28005.464800000190735, 37327.190999999642372 ], [ 28004.091699999757111, 37328.484699999913573 ], [ 27996.411600000225008, 37335.717800000682473 ], [ 27991.972500000149012, 37339.898900000378489 ], [ 27987.533599999733269, 37344.07880000025034 ], [ 27983.095599999651313, 37348.259800000116229 ], [ 27978.655500000342727, 37352.440899999812245 ], [ 27974.21750000026077, 37356.620899999514222 ], [ 27966.544900000095367, 37363.846000000834465 ], [ 27968.754900000058115, 37367.781700000166893 ], [ 27930.302500000223517, 37389.3739 ], [ 27927.688099999912083, 37384.718000000342727 ], [ 27882.457499999552965, 37406.497600000351667 ], [ 27843.646900000050664, 37428.29079999960959 ], [ 27839.50829999987036, 37439.195000000298023 ], [ 27839.788800000213087, 37439.301500000059605 ], [ 27815.592299999669194, 37503.053899999707937 ], [ 27815.124800000339746, 37502.87639999948442 ], [ 27811.198400000110269, 37513.221599999815226 ], [ 27808.115699999965727, 37518.204700000584126 ] ] ] } },
{ "type": "Feature", "properties": { "TYP_CD": 0, "STN_NAM": null, "ATTACHEMEN": null, "TYP_CD_DES": "MRT", "STN_NAM_DE": "CALDECOTT MRT STATION" }, "geometry": { "type": "Polygon", "coordinates": [ [ [ 28789.702200000174344, 35608.718599999323487 ], [ 28791.252399999648333, 35600.666400000452995 ], [ 28788.261599999852479, 35600.090700000524521 ], [ 28789.066899999976158, 35595.907500000670552 ], [ 28778.561900000087917, 35593.885199999436736 ], [ 28778.722599999979138, 35593.050499999895692 ], [ 28770.441499999724329, 35591.456299999728799 ], [ 28770.576999999582767, 35586.240100000053644 ], [ 28770.129599999636412, 35581.6081000007689 ], [ 28771.121799999848008, 35581.633899999782443 ], [ 28771.629099999554455, 35562.100600000470877 ], [ 28772.470300000160933, 35561.301999999210238 ], [ 28781.421699999831617, 35562.063300000503659 ], [ 28781.493700000457466, 35561.216399999335408 ], [ 28797.915300000458956, 35562.613199999555945 ], [ 28798.195000000298023, 35559.325099999085069 ], [ 28805.252299999818206, 35559.925300000235438 ], [ 28805.947200000286102, 35551.754799999296665 ], [ 28773.24349999986589, 35548.973200000822544 ], [ 28772.012799999676645, 35547.325899999588728 ], [ 28772.200699999928474, 35540.0929000005126 ], [ 28772.700500000268221, 35540.105900000780821 ], [ 28775.068400000222027, 35448.936599999666214 ], [ 28774.568599999882281, 35448.923599999397993 ], [ 28775.863199999555945, 35399.080399999395013 ], [ 28751.871299999766052, 35398.457299999892712 ], [ 28751.686900000087917, 35405.55489999987185 ], [ 28747.120799999684095, 35405.436300000175834 ], [ 28741.488699999637902, 35424.370600000023842 ], [ 28731.2807, 35421.33420000039041 ], [ 28723.292700000107288, 35448.188799999654293 ], [ 28749.874099999666214, 35456.095499999821186 ], [ 28748.347000000067055, 35514.88990000076592 ], [ 28746.601300000213087, 35516.376299999654293 ], [ 28729.891499999910593, 35515.035700000822544 ], [ 28729.203700000420213, 35523.608200000599027 ], [ 28739.601099999621511, 35524.442299999296665 ], [ 28739.292100000195205, 35536.337200000882149 ], [ 28731.009700000286102, 35536.122099999338388 ], [ 28729.338499999605119, 35556.955700000748038 ], [ 28741.749200000427663, 35557.278000000864267 ], [ 28741.423100000247359, 35569.833799999207258 ], [ 28747.416100000031292, 35569.989399999380112 ], [ 28747.129800000227988, 35581.010700000450015 ], [ 28761.525000000372529, 35581.384600000455976 ], [ 28761.512900000438094, 35581.849600000306964 ], [ 28761.966199999675155, 35586.542899999767542 ], [ 28761.53110000025481, 35603.295299999415874 ], [ 28789.702200000174344, 35608.718599999323487 ] ] ] } },
{ "type": "Feature", "properties": { "TYP_CD": 0, "STN_NAM": null, "ATTACHEMEN": null, "TYP_CD_DES": "MRT", "STN_NAM_DE": "MAYFLOWER MRT STATION" }, "geometry": { "type": "Polygon", "coordinates": [ [ [ 28426.824599999934435, 39508.603900000452995 ], [ 28422.315782985271653, 39495.178339948091889 ], [ 28418.250662975511659, 39481.611841029895004 ], [ 28414.633632523487904, 39467.919062484237656 ], [ 28411.46860000025481, 39454.114800000563264 ], [ 28407.623800000175834, 39433.740299999713898 ], [ 28420.398900000378489, 39431.329600000753999 ], [ 28409.886400000192225, 39375.621400000527501 ], [ 28410.279000000096858, 39375.547299999744 ], [ 28397.612700000405312, 39308.424200000241399 ], [ 28395.184399999678135, 39295.559599999338388 ], [ 28401.800999999977648, 39294.311000000685453 ], [ 28398.412399999797344, 39263.772700000554323 ], [ 28396.473899999633431, 39246.301400000229478 ], [ 28385.707999999634922, 39247.495999999344349 ], [ 28385.444500000216067, 39246.099500000476837 ], [ 28384.658400000073016, 39246.247899999842048 ], [ 28384.550999999977648, 39245.67879999987781 ], [ 28384.632399999536574, 39244.937100000679493 ], [ 28386.249099999666214, 39230.221200000494719 ], [ 28391.426900000311434, 39229.244100000709295 ], [ 28392.774000000208616, 39216.982799999415874 ], [ 28387.7045, 39216.425899999216199 ], [ 28389.962899999693036, 39195.870500000193715 ], [ 28381.871600000187755, 39194.981499999761581 ], [ 28376.210199999623001, 39246.510800000280142 ], [ 28376.452800000086427, 39247.796299999579787 ], [ 28363.825899999588728, 39250.179099999368191 ], [ 28362.982099999673665, 39245.708000000566244 ], [ 28346.817400000058115, 39248.758300000801682 ], [ 28343.00800000037998, 39228.57149999961257 ], [ 28346.805800000205636, 39207.919199999421835 ], [ 28346.707399999722838, 39207.901100000366569 ], [ 28350.447399999946356, 39187.563100000843406 ], [ 28342.638299999758601, 39186.127100000157952 ], [ 28338.898599999956787, 39206.465199999511242 ], [ 28333.685700000263751, 39205.506599999964237 ], [ 28331.497399999760091, 39217.406999999657273 ], [ 28332.4364, 39217.579700000584126 ], [ 28339.065799999982119, 39252.294600000604987 ], [ 28330.175599999725819, 39253.972400000318885 ], [ 28331.578200000338256, 39261.405099999159575 ], [ 28327.844100000336766, 39262.109799999744 ], [ 28332.700899999588728, 39287.846799999475479 ], [ 28339.893899999558926, 39286.489399999380112 ], [ 28343.335099999792874, 39304.724700000137091 ], [ 28371.684600000269711, 39299.374900000169873 ], [ 28374.224999999627471, 39312.837400000542402 ], [ 28385.86809999961406, 39374.536100000143051 ], [ 28370.353000000119209, 39377.463899999856949 ], [ 28372.610999999567866, 39389.429300000891089 ], [ 28371.422199999913573, 39391.171099999919534 ], [ 28376.928700000047684, 39420.350999999791384 ], [ 28378.644600000232458, 39420.027200000360608 ], [ 28381.234600000083447, 39427.672700000926852 ], [ 28389.900999999605119, 39424.736899999901652 ], [ 28399.293999999761581, 39452.339700000360608 ], [ 28402.417084289085324, 39466.656325264528277 ], [ 28406.020713322152005, 39480.859609118087974 ], [ 28410.100795922837278, 39494.933426667157619 ], [ 28414.652700000442564, 39508.861800000071526 ], [ 28408.298200000077486, 39521.705700000748038 ], [ 28411.208999999798834, 39530.317199999466538 ], [ 28416.229899999685585, 39528.620100000873208 ], [ 28418.550499999895692, 39535.485600000247359 ], [ 28426.260300000198185, 39532.874199999496341 ], [ 28422.883600000292063, 39522.884500000625849 ], [ 28424.094800000078976, 39520.4364 ], [ 28450.364900000393391, 39511.556700000539422 ], [ 28456.941599999554455, 39514.810599999502301 ], [ 28460.780100000090897, 39526.166899999603629 ], [ 28468.491499999538064, 39523.560300000011921 ], [ 28464.13219999987632, 39510.66330000013113 ], [ 28466.076299999840558, 39506.733899999409914 ], [ 28462.591900000348687, 39496.425599999725819 ], [ 28459.655199999921024, 39497.418199999257922 ], [ 28457.739599999971688, 39491.751199999824166 ], [ 28449.59250000026077, 39494.505100000649691 ], [ 28451.161199999973178, 39499.146199999377131 ], [ 28449.215800000354648, 39503.078299999237061 ], [ 28429.277700000442564, 39509.817600000649691 ], [ 28426.824599999934435, 39508.603900000452995 ] ] ] } },
{ "type": "Feature", "properties": { "TYP_CD": 0, "STN_NAM": null, "ATTACHEMEN": null, "TYP_CD_DES": "MRT", "STN_NAM_DE": "SIGLAP MRT STATION" }, "geometry": { "type": "Polygon", "coordinates": [ [ [ 38746.487599999643862, 32450.847400000318885 ], [ 38678.423700000159442, 32429.569700000807643 ], [ 38678.364000000059605, 32429.760500000789762 ], [ 38668.146599999628961, 32426.566400000825524 ], [ 38668.41509999986738, 32425.707399999722838 ], [ 38660.206799999810755, 32423.141400000080466 ], [ 38659.93819999974221, 32424.000600000843406 ], [ 38627.481300000101328, 32413.854100000113249 ], [ 38625.003800000064075, 32409.123099999502301 ], [ 38636.456399999558926, 32344.307700000703335 ], [ 38634.026700000278652, 32339.667999999597669 ], [ 38638.251500000245869, 32315.757699999958277 ], [ 38631.55530000012368, 32314.574599999934435 ], [ 38614.842400000430644, 32409.169299999251962 ], [ 38614.768600000068545, 32409.146199999377131 ], [ 38614.470200000330806, 32410.100700000301003 ], [ 38614.277599999681115, 32410.04700000025332 ], [ 38611.638799999840558, 32419.245999999344349 ], [ 38615.252999999560416, 32420.375800000503659 ], [ 38616.129999999888241, 32419.916600000113249 ], [ 38619.667500000447035, 32421.02250000089407 ], [ 38614.882699999958277, 32436.32880000025034 ], [ 38615.252799999900162, 32436.444599999114871 ], [ 38612.003600000403821, 32451.444599999114871 ], [ 38611.612599999643862, 32451.359899999573827 ], [ 38610.55599999986589, 32456.237999999895692 ], [ 38611.142400000244379, 32456.365000000223517 ], [ 38611.728799999691546, 32456.492000000551343 ], [ 38616.294499999843538, 32457.562999999150634 ], [ 38616.340099999681115, 32457.368400000035763 ], [ 38623.442300000227988, 32459.034399999305606 ], [ 38624.461600000038743, 32454.68889999948442 ], [ 38668.493800000287592, 32465.020700000226498 ], [ 38672.041799999773502, 32453.671299999579787 ], [ 38724.498300000093877, 32470.069900000467896 ], [ 38718.321399999782443, 32489.82880000025034 ], [ 38779.854799999855459, 32509.065099999308586 ], [ 38778.377799999900162, 32513.789599999785423 ], [ 38810.399699999950826, 32523.800100000575185 ], [ 38817.874099999666214, 32499.890799999237061 ], [ 38818.255499999970198, 32500.009999999776483 ], [ 38823.016099999658763, 32484.782199999317527 ], [ 38867.966400000266731, 32498.834300000220537 ], [ 38876.121799999848008, 32501.342000000178814 ], [ 38879.119500000029802, 32502.248199999332428 ], [ 38883.826799999922514, 32503.662599999457598 ], [ 38890.073699999600649, 32505.510700000450015 ], [ 38891.691200000233948, 32508.59940000064671 ], [ 38888.772699999623001, 32521.267599999904633 ], [ 38899.635700000450015, 32523.770099999383092 ], [ 38901.753600000403821, 32527.814300000667572 ], [ 38896.45380000025034, 32544.766799999400973 ], [ 38921.13329999987036, 32552.481899999082088 ], [ 38922.281999999657273, 32548.807199999690056 ], [ 38922.282100000418723, 32548.807199999690056 ], [ 38933.244800000451505, 32552.234300000593066 ], [ 38935.989799999631941, 32543.453500000759959 ], [ 38925.026899999938905, 32540.026300000026822 ], [ 38911.244500000029802, 32535.718499999493361 ], [ 38913.210400000214577, 32529.429700000211596 ], [ 38911.304700000211596, 32525.790599999949336 ], [ 38913.497100000269711, 32512.975899999961257 ], [ 38903.717799999751151, 32511.302799999713898 ], [ 38902.254700000397861, 32508.508899999782443 ], [ 38904.715599999763072, 32499.184200000017881 ], [ 38901.334999999962747, 32498.270700000226498 ], [ 38900.43099999986589, 32498.744100000709295 ], [ 38892.626299999654293, 32496.508199999108911 ], [ 38887.418899999931455, 32494.976199999451637 ], [ 38876.13219999987632, 32491.563200000673532 ], [ 38865.259600000455976, 32488.18610000051558 ], [ 38866.357599999755621, 32484.67369999922812 ], [ 38875.604399999603629, 32487.564400000497699 ], [ 38878.349799999967217, 32478.782199999317527 ], [ 38869.103099999949336, 32475.89159999974072 ], [ 38868.340499999932945, 32475.653200000524521 ], [ 38868.400200000032783, 32475.462300000712276 ], [ 38848.752799999900162, 32469.320199999958277 ], [ 38848.693099999800324, 32469.511099999770522 ], [ 38832.334099999628961, 32464.397099999710917 ], [ 38828.75899999961257, 32475.833200000226498 ], [ 38815.433699999935925, 32471.667600000277162 ], [ 38815.165199999697506, 32472.526599999517202 ], [ 38746.427899999544024, 32451.03830000013113 ], [ 38746.487599999643862, 32450.847400000318885 ] ] ] } },
{ "type": "Feature", "properties": { "TYP_CD": 0, "STN_NAM": null, "ATTACHEMEN": null, "TYP_CD_DES": "MRT", "STN_NAM_DE": "BAYSHORE MRT STATION" }, "geometry": { "type": "Polygon", "coordinates": [ [ [ 40331.936200000345707, 32905.519500000402331 ], [ 40318.984600000083447, 32901.534199999645352 ], [ 40320.458599999547005, 32896.74379999935627 ], [ 40285.238300000317395, 32885.906300000846386 ], [ 40292.915400000289083, 32860.956700000911951 ], [ 40260.651700000278652, 32851.028999999165535 ], [ 40264.705799999646842, 32837.853700000792742 ], [ 40260.191200000233948, 32836.464500000700355 ], [ 40263.352800000458956, 32826.189899999648333 ], [ 40250.669599999673665, 32822.287299999967217 ], [ 40243.453999999910593, 32845.737199999392033 ], [ 40197.337799999862909, 32831.547100000083447 ], [ 40190.188299999572337, 32854.781999999657273 ], [ 40269.231900000013411, 32879.104000000283122 ], [ 40266.645600000396371, 32887.509199999272823 ], [ 40302.296000000089407, 32898.478900000452995 ], [ 40298.940100000239909, 32909.385299999266863 ], [ 40315.043999999761581, 32914.340500000864267 ], [ 40316.761199999600649, 32908.759899999946356 ], [ 40329.712899999693036, 32912.745200000703335 ], [ 40331.936200000345707, 32905.519500000402331 ] ] ] } },
{ "type": "Feature", "properties": { "TYP_CD": 0, "STN_NAM": null, "ATTACHEMEN": null, "TYP_CD_DES": "MRT", "STN_NAM_DE": "MARINE PARADE MRT STATION" }, "geometry": { "type": "Polygon", "coordinates": [ [ [ 36191.722699999809265, 31816.053099999204278 ], [ 36183.270999999716878, 31828.451500000432134 ], [ 36196.677500000223517, 31837.590299999341369 ], [ 36198.198200000450015, 31835.359400000423193 ], [ 36212.03000000026077, 31844.788200000301003 ], [ 36219.012099999934435, 31834.545700000599027 ], [ 36219.661100000143051, 31834.979100000113249 ], [ 36220.621399999596179, 31835.620200000703335 ], [ 36224.806800000369549, 31838.3902000002563 ], [ 36229.00789999961853, 31841.141899999231 ], [ 36233.228600000031292, 31843.873400000855327 ], [ 36238.810700000263751, 31847.428600000217557 ], [ 36241.191599999554455, 31848.92339999973774 ], [ 36243.5784, 31850.408700000494719 ], [ 36245.971099999733269, 31851.884400000795722 ], [ 36248.369800000451505, 31853.35050000064075 ], [ 36250.77419999986887, 31854.807099999859929 ], [ 36253.184399999678135, 31856.254100000485778 ], [ 36255.600399999879301, 31857.691400000825524 ], [ 36258.022199999541044, 31859.119100000709295 ], [ 36260.449599999934435, 31860.537100000306964 ], [ 36262.88260000012815, 31861.94539999961853 ], [ 36265.32120000012219, 31863.343900000676513 ], [ 36253.501699999906123, 31880.682900000363588 ], [ 36275.737700000405312, 31895.840600000694394 ], [ 36278.382699999958277, 31896.675499999895692 ], [ 36287.259700000286102, 31902.726700000464916 ], [ 36301.074199999682605, 31882.461200000718236 ], [ 36307.666400000452995, 31885.770700000226498 ], [ 36312.1546, 31888.00029999949038 ], [ 36316.643699999898672, 31890.224799999967217 ], [ 36326.698599999770522, 31895.15819999948144 ], [ 36333.601999999955297, 31898.543899999931455 ], [ 36341.065200000070035, 31902.204199999570847 ], [ 36333.744400000199676, 31919.228000000119209 ], [ 36354.575000000186265, 31928.185799999162555 ], [ 36361.448400000110269, 31912.20240000076592 ], [ 36398.739699999801815, 31930.494599999859929 ], [ 36436.03110000025481, 31948.786699999123812 ], [ 36435.106300000101328, 31950.672100000083447 ], [ 36435.284799999557436, 31950.759700000286102 ], [ 36428.791199999861419, 31963.997999999672174 ], [ 36444.033300000242889, 31970.552600000053644 ], [ 36445.707799999974668, 31972.796700000762939 ], [ 36456.091799999587238, 31977.262199999764562 ], [ 36462.535099999979138, 31964.126499999314547 ], [ 36462.714700000360608, 31964.214600000530481 ], [ 36475.089900000020862, 31938.985799999907613 ], [ 36447.481499999761581, 31925.443299999460578 ], [ 36446.82050000037998, 31926.790899999439716 ], [ 36387.148699999786913, 31897.516799999400973 ], [ 36327.476999999955297, 31868.24269999936223 ], [ 36318.599499999545515, 31863.8454 ], [ 36314.189500000327826, 31861.638000000268221 ], [ 36304.048799999989569, 31856.473300000652671 ], [ 36314.285799999721348, 31841.456000000238419 ], [ 36279.557400000281632, 31817.781899999827147 ], [ 36267.114599999971688, 31836.035199999809265 ], [ 36264.929800000041723, 31834.730900000780821 ], [ 36258.405100000090897, 31830.768999999389052 ], [ 36254.080099999904633, 31828.087200000882149 ], [ 36251.925200000405312, 31826.734099999070168 ], [ 36246.465099999681115, 31823.256599999964237 ], [ 36238.279699999839067, 31817.927200000733137 ], [ 36234.184500000439584, 31815.216900000348687 ], [ 36230.099399999715388, 31812.489399999380112 ], [ 36225.989599999971688, 31809.717599999159575 ], [ 36221.879800000227988, 31806.945800000801682 ], [ 36217.765700000338256, 31804.14809999987483 ], [ 36213.651600000448525, 31801.350400000810623 ], [ 36210.845599999651313, 31799.437899999320507 ], [ 36205.034799999557436, 31795.476800000295043 ], [ 36199.223899999633431, 31791.515699999406934 ], [ 36191.181599999777973, 31783.074100000783801 ], [ 36176.864400000311434, 31773.314500000327826 ], [ 36171.783900000154972, 31780.767400000244379 ], [ 36173.684299999848008, 31782.062899999320507 ], [ 36172.219800000078976, 31784.211200000718236 ], [ 36170.31940000038594, 31782.915699999779463 ], [ 36161.688099999912083, 31795.579299999400973 ], [ 36175.272699999623001, 31804.839600000530481 ], [ 36191.722699999809265, 31816.053099999204278 ] ] ] } },
{ "type": "Feature", "properties": { "TYP_CD": 0, "STN_NAM": null, "ATTACHEMEN": null, "TYP_CD_DES": "MRT", "STN_NAM_DE": "BAYSHORE MRT STATION" }, "geometry": { "type": "Polygon", "coordinates": [ [ [ 39963.117200000211596, 32865.581900000572205 ], [ 39958.275399999693036, 32854.118100000545382 ], [ 39964.061200000345707, 32799.738500000908971 ], [ 39974.495299999602139, 32797.399800000712276 ], [ 40018.432400000281632, 32810.919399999082088 ], [ 40018.223600000143051, 32811.597999999299645 ], [ 40025.105100000277162, 32813.715500000864267 ], [ 40025.313900000415742, 32813.03690000064671 ], [ 40028.248999999836087, 32813.940099999308586 ], [ 40038.985399999655783, 32808.25620000064373 ], [ 40108.627199999988079, 32829.685300000011921 ], [ 40101.865899999625981, 32851.658600000664592 ], [ 40131.131799999624491, 32860.663799999281764 ], [ 40137.893000000156462, 32838.690500000491738 ], [ 40162.948699999600649, 32846.400299999862909 ], [ 40162.684000000357628, 32847.260500000789762 ], [ 40170.043499999679625, 32849.525000000372529 ], [ 40170.308199999853969, 32848.664799999445677 ], [ 40190.188299999572337, 32854.781999999657273 ], [ 40197.337799999862909, 32831.547100000083447 ], [ 40160.874900000169873, 32820.327299999073148 ], [ 40163.918800000101328, 32810.435000000521541 ], [ 40159.713399999774992, 32809.141000000759959 ], [ 40165.383600000292063, 32790.713700000196695 ], [ 40143.314699999988079, 32783.923000000417233 ], [ 40142.0795, 32787.93720000050962 ], [ 40125.439500000327826, 32782.816999999806285 ], [ 40117.96059999987483, 32807.122400000691414 ], [ 40052.346599999815226, 32786.932700000703335 ], [ 40061.785600000061095, 32756.257099999114871 ], [ 39998.651399999856949, 32736.830399999395013 ], [ 39997.034799999557436, 32733.776699999347329 ], [ 40003.568300000391901, 32712.543600000441074 ], [ 40000.997299999929965, 32711.752399999648333 ], [ 40002.831399999558926, 32705.791799999773502 ], [ 40002.59250000026077, 32705.718299999833107 ], [ 40005.074699999764562, 32697.651499999687076 ], [ 40000.415199999697506, 32696.217700000852346 ], [ 39997.933000000193715, 32704.284700000658631 ], [ 39985.329400000162423, 32700.4079 ], [ 39981.594800000078976, 32712.545099999755621 ], [ 39952.564899999648333, 32703.612500000745058 ], [ 39954.575100000016391, 32697.079600000753999 ], [ 39949.091199999675155, 32695.392200000584126 ], [ 39940.379999999888241, 32718.253000000491738 ], [ 39940.846499999985099, 32718.430800000205636 ], [ 39940.846599999815226, 32718.430600000545382 ], [ 39939.894000000320375, 32720.930299999192357 ], [ 39944.566200000233948, 32722.710799999535084 ], [ 39945.518799999728799, 32720.211100000888109 ], [ 39945.518799999728799, 32720.211200000718236 ], [ 39950.415300000458956, 32722.077099999412894 ], [ 39953.72719999961555, 32713.386499999091029 ], [ 39979.726300000213087, 32721.386499999091029 ], [ 39983.339499999769032, 32728.211600000038743 ], [ 39972.743300000205636, 32762.647700000554323 ], [ 39955.267, 32757.270099999383092 ], [ 39948.236600000411272, 32780.118000000715256 ], [ 39957.547399999573827, 32782.982899999246001 ], [ 39946.635599999688566, 32885.540599999949336 ], [ 39947.549700000323355, 32885.720200000330806 ], [ 39947.484000000171363, 32886.05599999986589 ], [ 39955.091599999926984, 32887.548800000920892 ], [ 39955.157200000248849, 32887.214600000530481 ], [ 39958.733799999579787, 32887.917199999094009 ], [ 39963.117200000211596, 32865.581900000572205 ] ] ] } },
{ "type": "Feature", "properties": { "TYP_CD": 0, "STN_NAM": null, "ATTACHEMEN": null, "TYP_CD_DES": "MRT", "STN_NAM_DE": "TANJONG KATONG MRT STATION" }, "geometry": { "type": "Polygon", "coordinates": [ [ [ 35122.05379999987781, 31264.487299999222159 ], [ 35124.148000000044703, 31271.121700000017881 ], [ 35117.197700000368059, 31273.315899999812245 ], [ 35075.259700000286102, 31266.028799999505281 ], [ 35072.691800000146031, 31280.807800000533462 ], [ 35075.765800000168383, 31281.342000000178814 ], [ 35091.487099999561906, 31306.631699999794364 ], [ 35111.941800000146031, 31310.185900000855327 ], [ 35111.368300000205636, 31313.486500000581145 ], [ 35112.353099999949336, 31313.657600000500679 ], [ 35109.485600000247359, 31330.159900000318885 ], [ 35121.900100000202656, 31332.317099999636412 ], [ 35122.841599999926984, 31326.898299999535084 ], [ 35115.353699999861419, 31325.597200000658631 ], [ 35117.2796, 31314.513599999248981 ], [ 35119.545599999837577, 31314.907299999147654 ], [ 35118.689699999988079, 31319.833200000226498 ], [ 35138.788499999791384, 31323.325500000268221 ], [ 35139.473299999721348, 31319.384600000455976 ], [ 35124.300699999555945, 31316.748199999332428 ], [ 35124.471800000406802, 31315.763299999758601 ], [ 35125.457000000402331, 31315.934499999508262 ], [ 35126.030500000342727, 31312.63399999961257 ], [ 35162.48450000025332, 31318.968100000172853 ], [ 35148.783800000324845, 31397.816700000315905 ], [ 35161.394899999722838, 31400.007999999448657 ], [ 35175.095499999821186, 31321.159399999305606 ], [ 35175.489699999801815, 31321.227900000289083 ], [ 35182.658499999903142, 31279.971000000834465 ], [ 35168.557400000281632, 31277.520899999886751 ], [ 35162.877000000327826, 31259.5329 ], [ 35146.6705, 31256.71680000051856 ], [ 35122.05379999987781, 31264.487299999222159 ] ] ] } },
{ "type": "Feature", "properties": { "TYP_CD": 0, "STN_NAM": null, "ATTACHEMEN": null, "TYP_CD_DES": "MRT", "STN_NAM_DE": "KATONG PARK MRT STATION" }, "geometry": { "type": "Polygon", "coordinates": [ [ [ 33758.888600000180304, 31194.49269999936223 ], [ 33774.129399999976158, 31193.550100000575185 ], [ 33772.450199999846518, 31166.39670000039041 ], [ 33774.785799999721348, 31163.753100000321865 ], [ 33821.2027000002563, 31160.882500000298023 ], [ 33820.786100000143051, 31154.144999999552965 ], [ 33987.36780000012368, 31143.842800000682473 ], [ 33984.571899999864399, 31098.42879999987781 ], [ 33978.271300000138581, 31098.818499999120831 ], [ 33977.978000000119209, 31094.077500000596046 ], [ 33985.962799999862909, 31093.583699999377131 ], [ 33985.654199999757111, 31088.5932 ], [ 33972.678999999538064, 31089.395700000226498 ], [ 33973.373399999924004, 31100.624199999496341 ], [ 33922.720200000330806, 31103.756899999454618 ], [ 33923.525700000114739, 31116.781999999657273 ], [ 33869.978000000119209, 31120.093599999323487 ], [ 33869.012000000104308, 31104.473500000312924 ], [ 33839.21889999974519, 31106.315999999642372 ], [ 33838.922600000165403, 31101.525200000032783 ], [ 33815.367600000463426, 31102.981899999082088 ], [ 33815.663900000043213, 31107.77280000038445 ], [ 33808.327899999916553, 31108.226500000804663 ], [ 33811.077800000086427, 31152.691500000655651 ], [ 33757.779699999839067, 31155.987700000405312 ], [ 33759.307599999941885, 31180.694499999284744 ], [ 33758.194099999964237, 31183.263399999588728 ], [ 33758.888600000180304, 31194.49269999936223 ] ] ] } },
{ "type": "Feature", "properties": { "TYP_CD": 0, "STN_NAM": null, "ATTACHEMEN": null, "TYP_CD_DES": "MRT", "STN_NAM_DE": "MARINE TERRACE MRT STATION" }, "geometry": { "type": "Polygon", "coordinates": [ [ [ 37233.989000000059605, 32112.225199999287724 ], [ 37233.893899999558926, 32112.613700000569224 ], [ 37225.492300000041723, 32110.555400000885129 ], [ 37218.808100000023842, 32137.838500000536442 ], [ 37150.284900000318885, 32121.050499999895692 ], [ 37152.5455, 32111.823300000280142 ], [ 37128.263700000010431, 32105.874299999326468 ], [ 37130.685999999754131, 32095.987099999561906 ], [ 37125.611800000071526, 32091.943199999630451 ], [ 37053.262199999764562, 32074.217800000682473 ], [ 37044.241200000047684, 32111.038799999281764 ], [ 36908.369400000199676, 32077.750700000673532 ], [ 36907.357300000265241, 32076.081700000911951 ], [ 36913.545699999667704, 32050.822399999946356 ], [ 36911.205599999986589, 32031.16469999961555 ], [ 36898.296799999661744, 32032.701400000602007 ], [ 36901.031700000166893, 32055.675799999386072 ], [ 36896.511699999682605, 32074.125 ], [ 36896.317400000058115, 32074.07740000076592 ], [ 36893.795099999755621, 32084.372899999842048 ], [ 36893.989299999549985, 32084.420499999076128 ], [ 36893.370600000023842, 32086.945699999108911 ], [ 36887.445899999700487, 32085.494200000539422 ], [ 36885.185100000351667, 32094.721899999305606 ], [ 36881.105499999597669, 32093.722400000318885 ], [ 36878.012199999764562, 32106.348400000482798 ], [ 36897.729299999773502, 32111.178999999538064 ], [ 36903.300300000235438, 32088.439999999478459 ], [ 36906.188500000163913, 32086.688500000163913 ], [ 37042.051699999719858, 32119.974500000476837 ], [ 37042.004099999554455, 32120.168700000271201 ], [ 37050.332799999974668, 32122.20920000039041 ], [ 37050.118599999696016, 32123.083499999716878 ], [ 37058.908599999733269, 32125.236999999731779 ], [ 37059.122800000011921, 32124.362800000235438 ], [ 37077.052799999713898, 32128.755599999800324 ], [ 37074.817200000397861, 32137.880699999630451 ], [ 37131.000599999912083, 32151.645400000736117 ], [ 37133.236200000159442, 32142.520400000736117 ], [ 37253.042700000107288, 32171.872600000351667 ], [ 37252.746500000357628, 32173.081800000742078 ], [ 37273.726300000213087, 32178.221799999475479 ], [ 37270.847000000067055, 32189.974199999123812 ], [ 37299.009600000455976, 32196.8739 ], [ 37300.960900000296533, 32188.909399999305606 ], [ 37289.698499999940395, 32186.150100000202656 ], [ 37290.626600000075996, 32182.361999999731779 ], [ 37291.015100000426173, 32182.457200000062585 ], [ 37297.535099999979138, 32155.844499999657273 ], [ 37297.146599999628961, 32155.749299999326468 ], [ 37299.287100000306964, 32147.012599999085069 ], [ 37294.333200000226498, 32145.799000000581145 ], [ 37293.101400000043213, 32150.826999999582767 ], [ 37286.302400000393391, 32149.161299999803305 ], [ 37285.393899999558926, 32152.869899999350309 ], [ 37265.143099999986589, 32147.908600000664592 ], [ 37271.626299999654293, 32121.44620000012219 ], [ 37233.989000000059605, 32112.225199999287724 ] ] ] } },
{ "type": "Feature", "properties": { "TYP_CD": 0, "STN_NAM": null, "ATTACHEMEN": null, "TYP_CD_DES": "MRT", "STN_NAM_DE": "TANJONG RHU MRT STATION" }, "geometry": { "type": "Polygon", "coordinates": [ [ [ 32437.392099999822676, 30982.102800000458956 ], [ 32434.750799999572337, 31045.412599999457598 ], [ 32399.781299999915063, 31043.953600000590086 ], [ 32398.892799999564886, 31065.250099999830127 ], [ 32426.50870000012219, 31066.402200000360608 ], [ 32426.273000000044703, 31072.052300000563264 ], [ 32442.359000000171363, 31072.723400000482798 ], [ 32440.528400000184774, 31116.602099999785423 ], [ 32447.385599999688566, 31116.888199999928474 ], [ 32450.397099999710917, 31136.451999999582767 ], [ 32458.96030000038445, 31135.134600000455976 ], [ 32461.741100000217557, 31153.201799999922514 ], [ 32461.839999999850988, 31153.186599999666214 ], [ 32462.334400000050664, 31156.398399999365211 ], [ 32461.642500000074506, 31156.504899999126792 ], [ 32462.722699999809265, 31163.522299999371171 ], [ 32464.154000000096858, 31163.301999999210238 ], [ 32465.280399999581277, 31170.63539999909699 ], [ 32479.838200000114739, 31168.394500000402331 ], [ 32478.712600000202656, 31161.081700000911951 ], [ 32479.849200000055134, 31160.9068 ], [ 32478.769000000320375, 31153.889399999752641 ], [ 32478.571299999952316, 31153.919900000095367 ], [ 32478.074400000274181, 31150.691999999806285 ], [ 32478.173299999907613, 31150.676899999380112 ], [ 32473.346900000236928, 31119.32289999909699 ], [ 32459.520899999886751, 31121.449899999424815 ], [ 32458.699300000444055, 31116.112500000745058 ], [ 32459.612999999895692, 31094.211200000718236 ], [ 32499.678399999625981, 31095.882799999788404 ], [ 32499.601599999703467, 31098.072499999776483 ], [ 32506.572800000198185, 31098.363299999386072 ], [ 32506.455699999816716, 31101.169900000095367 ], [ 32521.151200000196695, 31101.7829 ], [ 32521.359600000083447, 31096.787299999967217 ], [ 32521.694299999624491, 31096.801300000399351 ], [ 32522.597599999979138, 31075.15059999935329 ], [ 32527.083300000056624, 31075.337700000032783 ], [ 32527.298600000329316, 31070.176799999549985 ], [ 32535.067200000397861, 31070.500900000333786 ], [ 32535.713299999944866, 31055.014399999752641 ], [ 32527.94469999987632, 31054.690300000831485 ], [ 32528.181599999777973, 31049.010199999436736 ], [ 32469.122100000269711, 31046.54619999974966 ], [ 32470.101800000295043, 31023.0614 ], [ 32470.868200000375509, 31023.093399999663234 ], [ 32471.583200000226498, 31005.953900000080466 ], [ 32470.816899999976158, 31005.921900000423193 ], [ 32471.750799999572337, 30983.536199999973178 ], [ 32437.392099999822676, 30982.102800000458956 ] ] ] } },
{ "type": "Feature", "properties": { "TYP_CD": 0, "STN_NAM": null, "ATTACHEMEN": null, "TYP_CD_DES": "MRT", "STN_NAM_DE": "MARINE PARADE MRT STATION" }, "geometry": { "type": "Polygon", "coordinates": [ [ [ 35926.259700000286102, 31599.095000000670552 ], [ 35908.519899999722838, 31625.118699999526143 ], [ 35923.558600000105798, 31635.370200000703335 ], [ 35914.121299999766052, 31649.214600000530481 ], [ 35994.60120000038296, 31704.075699999928474 ], [ 36005.02419999986887, 31688.785399999469519 ], [ 36072.655399999581277, 31734.887900000438094 ], [ 36061.274799999780953, 31751.582900000736117 ], [ 36113.4545, 31787.152599999681115 ], [ 36124.835099999792874, 31770.457499999552965 ], [ 36161.688099999912083, 31795.579299999400973 ], [ 36170.31940000038594, 31782.915699999779463 ], [ 36172.219800000078976, 31784.211200000718236 ], [ 36173.684299999848008, 31782.062899999320507 ], [ 36171.783900000154972, 31780.767400000244379 ], [ 36176.864400000311434, 31773.314500000327826 ], [ 36107.501400000415742, 31726.031500000506639 ], [ 36107.159599999897182, 31724.225299999117851 ], [ 36011.8443, 31659.251199999824166 ], [ 36016.032999999821186, 31653.106499999761581 ], [ 36018.210500000044703, 31645.651300000026822 ], [ 36049.610299999825656, 31599.588700000196695 ], [ 36072.184200000017881, 31614.976800000295043 ], [ 36079.864199999719858, 31603.710500000044703 ], [ 36048.035899999551475, 31582.013900000602007 ], [ 36010.218799999915063, 31637.490499999374151 ], [ 36002.740899999625981, 31632.39299999922514 ], [ 35993.973899999633431, 31645.254000000655651 ], [ 35926.259700000286102, 31599.095000000670552 ] ] ] } },
{ "type": "Feature", "properties": { "TYP_CD": 0, "STN_NAM": null, "ATTACHEMEN": null, "TYP_CD_DES": "MRT", "STN_NAM_DE": "FOUNDERS' MEMORIAL MRT STATION" }, "geometry": { "type": "Polygon", "coordinates": [ [ [ 31918.46889999974519, 30444.403999999165535 ], [ 31922.807199999690056, 30446.570800000801682 ], [ 31922.673000000417233, 30446.839299999177456 ], [ 31947.722199999727309, 30459.35080000013113 ], [ 31960.233799999579787, 30434.301500000059605 ], [ 31958.936300000175834, 30433.653400000184774 ], [ 32016.757399999536574, 30317.890399999916553 ], [ 32018.05460000038147, 30318.53830000013113 ], [ 32030.565999999642372, 30293.489199999719858 ], [ 32005.516900000162423, 30280.977700000628829 ], [ 32005.382799999788404, 30281.245999999344349 ], [ 31995.94469999987632, 30276.531899999827147 ], [ 31967.347000000067055, 30333.787200000137091 ], [ 31978.082200000062585, 30339.149299999698997 ], [ 31948.858900000341237, 30397.656999999657273 ], [ 31944.871199999935925, 30395.665200000628829 ], [ 31944.155199999921024, 30394.725400000810623 ], [ 31944.271999999880791, 30394.491699999198318 ], [ 31944.020999999716878, 30394.274100000038743 ], [ 31942.428100000135601, 30392.8421 ], [ 31939.442400000058115, 30390.336400000378489 ], [ 31936.349899999797344, 30387.963899999856949 ], [ 31933.156499999575317, 30385.729100000113249 ], [ 31929.868200000375509, 30383.636299999430776 ], [ 31926.491399999707937, 30381.689500000327826 ], [ 31923.032700000330806, 30379.892500000074506 ], [ 31919.498599999584258, 30378.248700000345707 ], [ 31915.895800000056624, 30376.761199999600649 ], [ 31915.895899999886751, 30376.760900000110269 ], [ 31908.976099999621511, 30374.401599999517202 ], [ 31906.185903279925697, 30382.500523824386619 ], [ 31904.018348744146351, 30390.787831722016563 ], [ 31902.485936746594234, 30399.215730530464498 ], [ 31901.597504754827241, 30407.735616295642103 ], [ 31901.358176383731916, 30416.298354571827076 ], [ 31901.769331847448484, 30424.854563781536854 ], [ 31902.828599999658763, 30433.354900000616908 ], [ 31908.722099999897182, 30435.303600000217557 ], [ 31906.787200000137091, 30439.177500000223517 ], [ 31906.659911225877295, 30439.900686568787933 ], [ 31906.65536597089158, 30440.63497573911809 ], [ 31906.773692274509813, 30441.359682666694425 ], [ 31907.011556897872651, 30442.054392437719798 ], [ 31907.362259220917622, 30442.699535154966725 ], [ 31907.815919998087338, 30443.276937219616229 ], [ 31908.359759655584639, 30443.770333279531769 ], [ 31908.978458290555864, 30444.165824422401784 ], [ 31909.654587231048936, 30444.452269706587686 ], [ 31910.369099999777973, 30444.621600000187755 ], [ 31917.947200000286102, 30444.417999999597669 ], [ 31918.46889999974519, 30444.403999999165535 ] ] ] } }
]
}
